,Open
2013-01-01,90.41
2013-01-02,91.78
2013-01-03,92.91
2013-01-04,92.86
2013-01-05,92.86
2013-01-06,92.86
2013-01-07,93.21
2013-01-08,93.32
2013-01-09,93.15
2013-01-10,93.19
2013-01-11,93.87
2013-01-12,93.87
2013-01-13,93.87
2013-01-14,93.74
2013-01-15,94.2
2013-01-16,93.4
2013-01-17,94.19
2013-01-18,95.19
2013-01-19,95.19
2013-01-20,95.19
2013-01-21,95.19
2013-01-22,95.25
2013-01-23,95.25
2013-01-24,95.5
2013-01-25,95.95
2013-01-26,95.95
2013-01-27,95.95
2013-01-28,96.04
2013-01-29,96.46
2013-01-30,97.32
2013-01-31,97.96
2013-02-01,97.42
2013-02-02,97.42
2013-02-03,97.42
2013-02-04,97.72
2013-02-05,96.13
2013-02-06,96.64
2013-02-07,96.86
2013-02-08,95.92
2013-02-09,95.92
2013-02-10,95.92
2013-02-11,95.79
2013-02-12,96.96
2013-02-13,97.59
2013-02-14,97.17
2013-02-15,97.34
2013-02-16,97.34
2013-02-17,97.34
2013-02-18,97.34
2013-02-19,95.97
2013-02-20,96.66
2013-02-21,96.66
2013-02-22,92.96
2013-02-23,92.96
2013-02-24,92.96
2013-02-25,93.23
2013-02-26,91.92
2013-02-27,92.72
2013-02-28,92.89
2013-03-01,91.76
2013-03-02,91.76
2013-03-03,91.76
2013-03-04,90.71
2013-03-05,90.23
2013-03-06,90.83
2013-03-07,90.42
2013-03-08,91.42
2013-03-09,91.42
2013-03-10,91.42
2013-03-11,91.83
2013-03-12,91.94
2013-03-13,92.62
2013-03-14,92.51
2013-03-15,93.15
2013-03-16,93.15
2013-03-17,93.15
2013-03-18,93.26
2013-03-19,93.8
2013-03-20,92.09
2013-03-21,92.09
2013-03-22,92.33
2013-03-23,92.33
2013-03-24,92.33
2013-03-25,93.72
2013-03-26,94.75
2013-03-27,96.18
2013-03-28,96.68
2013-03-29,96.68
2013-03-30,96.68
2013-03-31,96.68
2013-04-01,96.68
2013-04-02,97.0
2013-04-03,96.93
2013-04-04,94.5
2013-04-05,93.36
2013-04-06,93.36
2013-04-07,93.36
2013-04-08,93.02
2013-04-09,93.49
2013-04-10,93.96
2013-04-11,94.56
2013-04-12,93.49
2013-04-13,93.49
2013-04-14,93.49
2013-04-15,90.95
2013-04-16,87.42
2013-04-17,88.8
2013-04-18,86.39
2013-04-19,88.37
2013-04-20,88.37
2013-04-21,88.37
2013-04-22,87.96
2013-04-23,87.96
2013-04-24,89.6
2013-04-25,91.58
2013-04-26,93.24
2013-04-27,93.24
2013-04-28,93.24
2013-04-29,92.7
2013-04-30,94.42
2013-05-01,93.08
2013-05-02,91.0
2013-05-03,93.99
2013-05-04,93.99
2013-05-05,93.99
2013-05-06,95.58
2013-05-07,95.79
2013-05-08,95.56
2013-05-09,96.6
2013-05-10,96.16
2013-05-11,96.16
2013-05-12,96.16
2013-05-13,95.76
2013-05-14,94.93
2013-05-15,94.13
2013-05-16,94.34
2013-05-17,95.15
2013-05-18,95.15
2013-05-19,95.15
2013-05-20,95.93
2013-05-21,96.7
2013-05-22,96.7
2013-05-23,94.18
2013-05-24,94.37
2013-05-25,94.37
2013-05-26,94.37
2013-05-27,94.37
2013-05-28,93.89
2013-05-29,95.05
2013-05-30,92.89
2013-05-31,93.64
2013-06-01,93.64
2013-06-02,93.64
2013-06-03,91.73
2013-06-04,93.35
2013-06-05,93.86
2013-06-06,93.7
2013-06-07,94.72
2013-06-08,94.72
2013-06-09,94.72
2013-06-10,96.09
2013-06-11,95.76
2013-06-12,94.89
2013-06-13,95.77
2013-06-14,96.64
2013-06-15,96.64
2013-06-16,96.64
2013-06-17,97.85
2013-06-18,97.93
2013-06-19,98.59
2013-06-20,98.02
2013-06-21,98.02
2013-06-22,98.02
2013-06-23,98.02
2013-06-24,93.85
2013-06-25,95.02
2013-06-26,95.17
2013-06-27,95.52
2013-06-28,96.81
2013-06-29,96.81
2013-06-30,96.81
2013-07-01,96.58
2013-07-02,98.06
2013-07-03,99.61
2013-07-04,99.61
2013-07-05,101.09
2013-07-06,101.09
2013-07-07,101.09
2013-07-08,103.95
2013-07-09,103.0
2013-07-10,104.57
2013-07-11,106.15
2013-07-12,104.58
2013-07-13,104.58
2013-07-14,104.58
2013-07-15,106.05
2013-07-16,106.44
2013-07-17,105.78
2013-07-18,106.56
2013-07-19,108.12
2013-07-20,108.12
2013-07-21,108.12
2013-07-22,108.34
2013-07-23,108.34
2013-07-24,107.36
2013-07-25,105.37
2013-07-26,105.56
2013-07-27,105.56
2013-07-28,105.56
2013-07-29,104.61
2013-07-30,104.52
2013-07-31,103.15
2013-08-01,105.26
2013-08-02,107.8
2013-08-03,107.8
2013-08-04,107.8
2013-08-05,106.84
2013-08-06,106.48
2013-08-07,105.68
2013-08-08,104.18
2013-08-09,103.87
2013-08-10,103.87
2013-08-11,103.87
2013-08-12,105.84
2013-08-13,106.15
2013-08-14,106.54
2013-08-15,106.98
2013-08-16,107.18
2013-08-17,107.18
2013-08-18,107.18
2013-08-19,107.78
2013-08-20,106.93
2013-08-21,106.93
2013-08-22,103.86
2013-08-23,105.22
2013-08-24,105.22
2013-08-25,105.22
2013-08-26,106.91
2013-08-27,106.14
2013-08-28,109.22
2013-08-29,109.53
2013-08-30,108.17
2013-08-31,108.17
2013-09-01,108.17
2013-09-02,108.17
2013-09-03,107.07
2013-09-04,108.44
2013-09-05,107.59
2013-09-06,108.52
2013-09-07,108.52
2013-09-08,108.52
2013-09-09,110.28
2013-09-10,108.92
2013-09-11,107.36
2013-09-12,107.77
2013-09-13,108.64
2013-09-14,108.64
2013-09-15,108.64
2013-09-16,107.5
2013-09-17,106.22
2013-09-18,105.53
2013-09-19,108.22
2013-09-20,106.37
2013-09-21,106.37
2013-09-22,106.37
2013-09-23,104.89
2013-09-24,103.44
2013-09-25,103.41
2013-09-26,102.3
2013-09-27,102.91
2013-09-28,102.91
2013-09-29,102.91
2013-09-30,102.46
2013-10-01,102.31
2013-10-02,101.62
2013-10-03,103.82
2013-10-04,102.92
2013-10-05,102.92
2013-10-06,102.92
2013-10-07,103.45
2013-10-08,103.16
2013-10-09,103.49
2013-10-10,101.46
2013-10-11,102.94
2013-10-12,102.94
2013-10-13,102.94
2013-10-14,101.37
2013-10-15,102.19
2013-10-16,100.88
2013-10-17,102.13
2013-10-18,100.72
2013-10-19,100.72
2013-10-20,100.72
2013-10-21,100.63
2013-10-22,99.06
2013-10-23,99.06
2013-10-24,97.1
2013-10-25,97.19
2013-10-26,97.19
2013-10-27,97.19
2013-10-28,97.88
2013-10-29,98.54
2013-10-30,97.77
2013-10-31,96.62
2013-11-01,96.32
2013-11-02,96.32
2013-11-03,96.32
2013-11-04,94.52
2013-11-05,94.47
2013-11-06,93.74
2013-11-07,94.91
2013-11-08,94.36
2013-11-09,94.36
2013-11-10,94.36
2013-11-11,94.45
2013-11-12,95.0
2013-11-13,93.07
2013-11-14,93.5
2013-11-15,93.89
2013-11-16,93.89
2013-11-17,93.89
2013-11-18,93.78
2013-11-19,93.0
2013-11-20,93.33
2013-11-21,93.33
2013-11-22,95.29
2013-11-23,95.29
2013-11-24,95.29
2013-11-25,94.15
2013-11-26,94.21
2013-11-27,93.5
2013-11-28,93.5
2013-11-29,92.33
2013-11-30,92.33
2013-12-01,92.33
2013-12-02,92.71
2013-12-03,93.86
2013-12-04,96.9
2013-12-05,97.33
2013-12-06,97.38
2013-12-07,97.38
2013-12-08,97.38
2013-12-09,97.66
2013-12-10,97.25
2013-12-11,98.65
2013-12-12,97.55
2013-12-13,97.58
2013-12-14,97.58
2013-12-15,97.58
2013-12-16,96.55
2013-12-17,97.3
2013-12-18,97.3
2013-12-19,97.69
2013-12-20,97.69
2013-12-21,97.69
2013-12-22,97.69
2013-12-23,99.2
2013-12-24,98.62
2013-12-25,98.62
2013-12-26,99.2
2013-12-27,99.63
2013-12-28,99.63
2013-12-29,99.63
2013-12-30,100.15
2013-12-31,99.25
2014-01-01,99.25
2014-01-02,98.5
2014-01-03,95.47
2014-01-04,95.47
2014-01-05,95.47
2014-01-06,94.18
2014-01-07,93.6
2014-01-08,93.96
2014-01-09,92.58
2014-01-10,92.3
2014-01-11,92.3
2014-01-12,92.3
2014-01-13,92.83
2014-01-14,91.51
2014-01-15,92.65
2014-01-16,94.29
2014-01-17,94.17
2014-01-18,94.17
2014-01-19,94.17
2014-01-20,94.17
2014-01-21,94.0
2014-01-22,95.2
2014-01-23,96.69
2014-01-24,97.37
2014-01-25,97.37
2014-01-26,97.37
2014-01-27,96.9
2014-01-28,95.66
2014-01-29,97.17
2014-01-30,97.42
2014-01-31,97.97
2014-02-01,97.97
2014-02-02,97.97
2014-02-03,97.4
2014-02-04,96.53
2014-02-05,97.67
2014-02-06,97.25
2014-02-07,97.97
2014-02-08,97.97
2014-02-09,97.97
2014-02-10,100.05
2014-02-11,99.97
2014-02-12,100.46
2014-02-13,100.27
2014-02-14,100.34
2014-02-15,100.34
2014-02-16,100.34
2014-02-17,100.34
2014-02-18,100.32
2014-02-19,103.14
2014-02-20,103.41
2014-02-21,102.87
2014-02-22,102.87
2014-02-23,102.87
2014-02-24,102.29
2014-02-25,102.8
2014-02-26,102.04
2014-02-27,102.57
2014-02-28,102.15
2014-03-01,102.15
2014-03-02,102.15
2014-03-03,103.0
2014-03-04,104.89
2014-03-05,103.35
2014-03-06,101.04
2014-03-07,101.97
2014-03-08,101.97
2014-03-09,101.97
2014-03-10,102.75
2014-03-11,100.94
2014-03-12,99.48
2014-03-13,98.1
2014-03-14,98.25
2014-03-15,98.25
2014-03-16,98.25
2014-03-17,99.39
2014-03-18,97.97
2014-03-19,99.53
2014-03-20,100.39
2014-03-21,98.59
2014-03-22,98.59
2014-03-23,98.59
2014-03-24,99.49
2014-03-25,99.43
2014-03-26,99.18
2014-03-27,100.3
2014-03-28,101.34
2014-03-29,101.34
2014-03-30,101.34
2014-03-31,101.69
2014-04-01,101.53
2014-04-02,99.64
2014-04-03,99.29
2014-04-04,100.38
2014-04-05,100.38
2014-04-06,100.38
2014-04-07,100.91
2014-04-08,100.69
2014-04-09,102.35
2014-04-10,103.44
2014-04-11,103.34
2014-04-12,103.34
2014-04-13,103.34
2014-04-14,103.56
2014-04-15,103.6
2014-04-16,103.76
2014-04-17,103.84
2014-04-18,103.84
2014-04-19,103.84
2014-04-20,103.84
2014-04-21,104.54
2014-04-22,104.36
2014-04-23,101.86
2014-04-24,101.54
2014-04-25,101.93
2014-04-26,101.93
2014-04-27,101.93
2014-04-28,100.49
2014-04-29,100.89
2014-04-30,100.76
2014-05-01,99.72
2014-05-02,99.17
2014-05-03,99.17
2014-05-04,99.17
2014-05-05,99.96
2014-05-06,99.38
2014-05-07,99.83
2014-05-08,100.82
2014-05-09,100.27
2014-05-10,100.27
2014-05-11,100.27
2014-05-12,100.12
2014-05-13,100.63
2014-05-14,101.91
2014-05-15,102.03
2014-05-16,101.56
2014-05-17,101.56
2014-05-18,101.56
2014-05-19,102.13
2014-05-20,102.6
2014-05-21,102.96
2014-05-22,103.85
2014-05-23,103.71
2014-05-24,103.71
2014-05-25,103.71
2014-05-26,103.71
2014-05-27,104.34
2014-05-28,104.14
2014-05-29,103.06
2014-05-30,103.51
2014-05-31,103.51
2014-06-01,103.51
2014-06-02,102.92
2014-06-03,102.44
2014-06-04,102.79
2014-06-05,102.37
2014-06-06,102.44
2014-06-07,102.44
2014-06-08,102.44
2014-06-09,102.78
2014-06-10,104.46
2014-06-11,104.3
2014-06-12,104.47
2014-06-13,106.84
2014-06-14,106.84
2014-06-15,106.84
2014-06-16,106.88
2014-06-17,106.59
2014-06-18,106.6
2014-06-19,106.11
2014-06-20,106.6
2014-06-21,106.6
2014-06-22,106.6
2014-06-23,107.42
2014-06-24,106.02
2014-06-25,106.14
2014-06-26,106.71
2014-06-27,105.64
2014-06-28,105.64
2014-06-29,105.64
2014-06-30,105.69
2014-07-01,105.44
2014-07-02,105.21
2014-07-03,104.27
2014-07-04,104.27
2014-07-05,104.27
2014-07-06,104.27
2014-07-07,104.06
2014-07-08,103.39
2014-07-09,103.45
2014-07-10,101.95
2014-07-11,102.86
2014-07-12,102.86
2014-07-13,102.86
2014-07-14,100.46
2014-07-15,100.93
2014-07-16,100.21
2014-07-17,101.49
2014-07-18,103.72
2014-07-19,103.72
2014-07-20,103.72
2014-07-21,102.97
2014-07-22,104.58
2014-07-23,101.96
2014-07-24,103.2
2014-07-25,102.04
2014-07-26,102.04
2014-07-27,102.04
2014-07-28,101.87
2014-07-29,101.6
2014-07-30,101.03
2014-07-31,99.47
2014-08-01,97.7
2014-08-02,97.7
2014-08-03,97.7
2014-08-04,97.67
2014-08-05,98.41
2014-08-06,97.62
2014-08-07,96.89
2014-08-08,97.64
2014-08-09,97.64
2014-08-10,97.64
2014-08-11,97.54
2014-08-12,97.84
2014-08-13,97.2
2014-08-14,97.3
2014-08-15,95.5
2014-08-16,95.5
2014-08-17,95.5
2014-08-18,97.1
2014-08-19,96.56
2014-08-20,94.7
2014-08-21,93.49
2014-08-22,93.89
2014-08-23,93.89
2014-08-24,93.89
2014-08-25,93.34
2014-08-26,93.36
2014-08-27,93.88
2014-08-28,93.75
2014-08-29,94.56
2014-08-30,94.56
2014-08-31,94.56
2014-09-01,95.81
2014-09-02,95.81
2014-09-03,93.28
2014-09-04,95.07
2014-09-05,94.57
2014-09-06,94.57
2014-09-07,94.57
2014-09-08,93.49
2014-09-09,93.11
2014-09-10,92.79
2014-09-11,91.71
2014-09-12,93.05
2014-09-13,93.05
2014-09-14,93.05
2014-09-15,92.13
2014-09-16,92.81
2014-09-17,94.71
2014-09-18,93.97
2014-09-19,92.97
2014-09-20,92.97
2014-09-21,92.97
2014-09-22,92.22
2014-09-23,90.7
2014-09-24,91.72
2014-09-25,92.89
2014-09-26,92.47
2014-09-27,92.47
2014-09-28,92.47
2014-09-29,93.35
2014-09-30,94.34
2014-10-01,91.36
2014-10-02,90.74
2014-10-03,91.38
2014-10-04,91.38
2014-10-05,91.38
2014-10-06,89.77
2014-10-07,90.45
2014-10-08,88.43
2014-10-09,87.73
2014-10-10,84.39
2014-10-11,84.39
2014-10-12,84.39
2014-10-13,85.2
2014-10-14,84.98
2014-10-15,82.32
2014-10-16,81.06
2014-10-17,83.18
2014-10-18,83.18
2014-10-19,83.18
2014-10-20,83.13
2014-10-21,82.76
2014-10-22,82.55
2014-10-23,80.42
2014-10-24,81.95
2014-10-25,81.95
2014-10-26,81.95
2014-10-27,81.27
2014-10-28,80.64
2014-10-29,81.55
2014-10-30,81.93
2014-10-31,81.04
2014-11-01,81.04
2014-11-02,81.04
2014-11-03,80.59
2014-11-04,78.22
2014-11-05,77.36
2014-11-06,78.87
2014-11-07,77.86
2014-11-08,77.86
2014-11-09,77.86
2014-11-10,78.5
2014-11-11,77.18
2014-11-12,77.5
2014-11-13,76.95
2014-11-14,74.36
2014-11-15,74.36
2014-11-16,74.36
2014-11-17,75.93
2014-11-18,75.49
2014-11-19,74.23
2014-11-20,74.25
2014-11-21,76.29
2014-11-22,76.29
2014-11-23,76.29
2014-11-24,76.62
2014-11-25,75.51
2014-11-26,73.87
2014-11-27,73.87
2014-11-28,73.5
2014-11-29,73.5
2014-11-30,73.5
2014-12-01,66.0
2014-12-02,69.24
2014-12-03,67.6
2014-12-04,67.4
2014-12-05,66.8
2014-12-06,66.8
2014-12-07,66.8
2014-12-08,65.46
2014-12-09,63.01
2014-12-10,63.33
2014-12-11,61.12
2014-12-12,59.17
2014-12-13,59.17
2014-12-14,59.17
2014-12-15,57.07
2014-12-16,55.4
2014-12-17,55.5
2014-12-18,55.83
2014-12-19,55.5
2014-12-20,55.5
2014-12-21,55.5
2014-12-22,57.75
2014-12-23,55.39
2014-12-24,56.8
2014-12-25,56.8
2014-12-26,55.86
2014-12-27,55.86
2014-12-28,55.86
2014-12-29,55.05
2014-12-30,53.72
2014-12-31,53.87
2015-01-01,53.87
2015-01-02,53.76
2015-01-03,53.76
2015-01-04,53.76
2015-01-05,52.61
2015-01-06,50.0
2015-01-07,48.0
2015-01-08,48.78
2015-01-09,48.92
2015-01-10,48.92
2015-01-11,48.92
2015-01-12,48.19
2015-01-13,45.69
2015-01-14,46.16
2015-01-15,48.6
2015-01-16,46.35
2015-01-17,46.35
2015-01-18,46.35
2015-01-19,46.35
2015-01-20,48.69
2015-01-21,48.69
2015-01-22,47.35
2015-01-23,46.63
2015-01-24,46.63
2015-01-25,46.63
2015-01-26,45.2
2015-01-27,45.13
2015-01-28,45.83
2015-01-29,44.43
2015-01-30,44.63
2015-01-31,44.63
2015-02-01,44.63
2015-02-02,47.59
2015-02-03,49.79
2015-02-04,51.67
2015-02-05,48.67
2015-02-06,50.86
2015-02-07,50.86
2015-02-08,50.86
2015-02-09,52.01
2015-02-10,52.43
2015-02-11,50.98
2015-02-12,49.42
2015-02-13,51.35
2015-02-14,51.35
2015-02-15,51.35
2015-02-16,51.35
2015-02-17,52.75
2015-02-18,53.24
2015-02-19,50.55
2015-02-20,51.24
2015-02-21,51.24
2015-02-22,51.24
2015-02-23,50.75
2015-02-24,49.42
2015-02-25,49.16
2015-02-26,51.0
2015-02-27,48.97
2015-02-28,48.97
2015-03-01,48.97
2015-03-02,49.45
2015-03-03,49.8
2015-03-04,50.61
2015-03-05,51.62
2015-03-06,50.89
2015-03-07,50.89
2015-03-08,50.89
2015-03-09,49.6
2015-03-10,50.08
2015-03-11,48.77
2015-03-12,48.44
2015-03-13,46.93
2015-03-14,46.93
2015-03-15,46.93
2015-03-16,44.81
2015-03-17,43.84
2015-03-18,42.51
2015-03-19,44.6
2015-03-20,43.99
2015-03-21,43.99
2015-03-22,43.99
2015-03-23,46.41
2015-03-24,47.46
2015-03-25,47.72
2015-03-26,49.02
2015-03-27,51.01
2015-03-28,51.01
2015-03-29,51.01
2015-03-30,48.57
2015-03-31,48.73
2015-04-01,47.55
2015-04-02,49.59
2015-04-03,49.59
2015-04-04,49.59
2015-04-05,49.59
2015-04-06,49.47
2015-04-07,51.95
2015-04-08,53.18
2015-04-09,51.0
2015-04-10,50.73
2015-04-11,50.73
2015-04-12,50.73
2015-04-13,51.81
2015-04-14,52.05
2015-04-15,53.55
2015-04-16,55.92
2015-04-17,56.56
2015-04-18,56.56
2015-04-19,56.56
2015-04-20,56.16
2015-04-21,56.41
2015-04-22,56.41
2015-04-23,56.28
2015-04-24,57.53
2015-04-25,57.53
2015-04-26,57.53
2015-04-27,57.3
2015-04-28,56.65
2015-04-29,56.93
2015-04-30,58.55
2015-05-01,59.79
2015-05-02,59.79
2015-05-03,59.79
2015-05-04,59.3
2015-05-05,58.95
2015-05-06,60.72
2015-05-07,60.69
2015-05-08,59.02
2015-05-09,59.02
2015-05-10,59.02
2015-05-11,59.43
2015-05-12,59.22
2015-05-13,61.46
2015-05-14,60.1
2015-05-15,59.67
2015-05-16,59.67
2015-05-17,59.67
2015-05-18,59.85
2015-05-19,59.54
2015-05-20,59.54
2015-05-21,58.81
2015-05-22,60.66
2015-05-23,60.66
2015-05-24,60.66
2015-05-25,60.66
2015-05-26,60.05
2015-05-27,58.32
2015-05-28,57.63
2015-05-29,57.97
2015-05-30,57.97
2015-05-31,57.97
2015-06-01,60.29
2015-06-02,60.18
2015-06-03,61.02
2015-06-04,59.57
2015-06-05,57.99
2015-06-06,57.99
2015-06-07,57.99
2015-06-08,58.96
2015-06-09,58.31
2015-06-10,60.58
2015-06-11,61.14
2015-06-12,60.55
2015-06-13,60.55
2015-06-14,60.55
2015-06-15,59.9
2015-06-16,59.6
2015-06-17,60.03
2015-06-18,59.78
2015-06-19,60.5
2015-06-20,60.5
2015-06-21,60.5
2015-06-22,59.44
2015-06-23,59.44
2015-06-24,61.14
2015-06-25,60.22
2015-06-26,59.66
2015-06-27,59.66
2015-06-28,59.66
2015-06-29,58.84
2015-06-30,58.27
2015-07-01,58.98
2015-07-02,56.87
2015-07-03,56.42
2015-07-04,56.42
2015-07-05,56.42
2015-07-06,54.9
2015-07-07,52.75
2015-07-08,52.91
2015-07-09,51.83
2015-07-10,52.48
2015-07-11,52.48
2015-07-12,52.48
2015-07-13,52.15
2015-07-14,52.0
2015-07-15,53.4
2015-07-16,51.62
2015-07-17,50.91
2015-07-18,50.91
2015-07-19,50.91
2015-07-20,50.76
2015-07-21,49.95
2015-07-22,49.95
2015-07-23,49.23
2015-07-24,48.79
2015-07-25,48.79
2015-07-26,48.79
2015-07-27,48.0
2015-07-28,47.02
2015-07-29,47.81
2015-07-30,48.83
2015-07-31,48.47
2015-08-01,48.47
2015-08-02,48.47
2015-08-03,46.86
2015-08-04,45.35
2015-08-05,45.96
2015-08-06,45.16
2015-08-07,44.82
2015-08-08,44.82
2015-08-09,44.82
2015-08-10,43.58
2015-08-11,44.81
2015-08-12,43.27
2015-08-13,43.34
2015-08-14,42.23
2015-08-15,42.23
2015-08-16,42.23
2015-08-17,42.18
2015-08-18,41.88
2015-08-19,42.41
2015-08-20,40.58
2015-08-21,40.58
2015-08-22,40.58
2015-08-23,40.58
2015-08-24,40.3
2015-08-25,38.18
2015-08-26,39.69
2015-08-27,38.96
2015-08-28,42.68
2015-08-29,42.68
2015-08-30,42.68
2015-08-31,45.0
2015-09-01,48.1
2015-09-02,44.26
2015-09-03,46.11
2015-09-04,46.68
2015-09-05,46.68
2015-09-06,46.68
2015-09-07,46.68
2015-09-08,45.82
2015-09-09,45.79
2015-09-10,44.16
2015-09-11,45.71
2015-09-12,45.71
2015-09-13,45.71
2015-09-14,44.78
2015-09-15,44.11
2015-09-16,45.16
2015-09-17,47.13
2015-09-18,46.89
2015-09-19,46.89
2015-09-20,46.89
2015-09-21,44.97
2015-09-22,46.45
2015-09-23,46.45
2015-09-24,44.62
2015-09-25,45.05
2015-09-26,45.05
2015-09-27,45.05
2015-09-28,45.38
2015-09-29,44.5
2015-09-30,44.92
2015-10-01,45.38
2015-10-02,45.07
2015-10-03,45.07
2015-10-04,45.07
2015-10-05,45.65
2015-10-06,46.2
2015-10-07,49.0
2015-10-08,48.11
2015-10-09,49.69
2015-10-10,49.69
2015-10-11,49.69
2015-10-12,49.51
2015-10-13,47.46
2015-10-14,46.69
2015-10-15,46.28
2015-10-16,46.87
2015-10-17,46.87
2015-10-18,46.87
2015-10-19,47.27
2015-10-20,46.25
2015-10-21,46.25
2015-10-22,45.27
2015-10-23,45.44
2015-10-24,45.44
2015-10-25,45.44
2015-10-26,44.74
2015-10-27,43.78
2015-10-28,43.44
2015-10-29,46.06
2015-10-30,45.74
2015-10-31,45.74
2015-11-01,45.74
2015-11-02,46.43
2015-11-03,46.11
2015-11-04,47.74
2015-11-05,46.57
2015-11-06,45.41
2015-11-07,45.41
2015-11-08,45.41
2015-11-09,44.52
2015-11-10,44.1
2015-11-11,43.63
2015-11-12,43.05
2015-11-13,41.61
2015-11-14,41.61
2015-11-15,41.61
2015-11-16,40.92
2015-11-17,41.96
2015-11-18,41.11
2015-11-19,40.72
2015-11-20,40.54
2015-11-21,40.54
2015-11-22,40.54
2015-11-23,41.49
2015-11-24,42.04
2015-11-25,42.69
2015-11-26,42.69
2015-11-27,43.25
2015-11-28,43.25
2015-11-29,43.25
2015-11-30,41.77
2015-12-01,41.73
2015-12-02,41.69
2015-12-03,40.15
2015-12-04,41.31
2015-12-05,41.31
2015-12-06,41.31
2015-12-07,40.1
2015-12-08,37.68
2015-12-09,37.86
2015-12-10,37.27
2015-12-11,36.63
2015-12-12,36.63
2015-12-13,36.63
2015-12-14,35.4
2015-12-15,36.32
2015-12-16,36.79
2015-12-17,35.8
2015-12-18,34.87
2015-12-19,34.87
2015-12-20,34.87
2015-12-21,34.58
2015-12-22,34.58
2015-12-23,36.47
2015-12-24,37.86
2015-12-25,37.86
2015-12-26,37.86
2015-12-27,37.86
2015-12-28,38.0
2015-12-29,36.7
2015-12-30,37.36
2015-12-31,36.81
2016-01-01,36.81
2016-01-02,36.81
2016-01-03,36.81
2016-01-04,37.6
2016-01-05,36.9
2016-01-06,36.18
2016-01-07,34.09
2016-01-08,33.3
2016-01-09,33.3
2016-01-10,33.3
2016-01-11,32.94
2016-01-12,31.11
2016-01-13,30.54
2016-01-14,30.6
2016-01-15,31.18
2016-01-16,31.18
2016-01-17,31.18
2016-01-18,31.18
2016-01-19,29.2
2016-01-20,28.33
2016-01-21,28.33
2016-01-22,29.84
2016-01-23,29.84
2016-01-24,29.84
2016-01-25,32.05
2016-01-26,29.81
2016-01-27,30.55
2016-01-28,32.19
2016-01-29,33.7
2016-01-30,33.7
2016-01-31,33.7
2016-02-01,33.83
2016-02-02,31.37
2016-02-03,29.75
2016-02-04,32.71
2016-02-05,31.64
2016-02-06,31.64
2016-02-07,31.64
2016-02-08,30.97
2016-02-09,30.17
2016-02-10,28.36
2016-02-11,27.34
2016-02-12,27.3
2016-02-13,27.3
2016-02-14,27.3
2016-02-15,27.3
2016-02-16,29.08
2016-02-17,29.14
2016-02-18,31.35
2016-02-19,30.6
2016-02-20,30.6
2016-02-21,30.6
2016-02-22,29.72
2016-02-23,29.72
2016-02-24,31.28
2016-02-25,32.19
2016-02-26,33.04
2016-02-27,33.04
2016-02-28,33.04
2016-02-29,32.72
2016-03-01,33.9
2016-03-02,33.89
2016-03-03,34.73
2016-03-04,34.66
2016-03-05,34.66
2016-03-06,34.66
2016-03-07,36.2
2016-03-08,37.94
2016-03-09,36.36
2016-03-10,38.17
2016-03-11,37.99
2016-03-12,37.99
2016-03-13,37.99
2016-03-14,38.17
2016-03-15,37.37
2016-03-16,36.74
2016-03-17,38.59
2016-03-18,40.25
2016-03-19,40.25
2016-03-20,40.25
2016-03-21,39.06
2016-03-22,39.06
2016-03-23,41.19
2016-03-24,39.73
2016-03-25,39.73
2016-03-26,39.73
2016-03-27,39.73
2016-03-28,39.55
2016-03-29,39.32
2016-03-30,38.52
2016-03-31,38.3
2016-04-01,38.14
2016-04-02,38.14
2016-04-03,38.14
2016-04-04,36.61
2016-04-05,35.5
2016-04-06,36.52
2016-04-07,37.76
2016-04-08,37.52
2016-04-09,37.52
2016-04-10,37.52
2016-04-11,39.72
2016-04-12,40.35
2016-04-13,41.63
2016-04-14,41.54
2016-04-15,41.43
2016-04-16,41.43
2016-04-17,41.43
2016-04-18,38.75
2016-04-19,40.04
2016-04-20,40.8
2016-04-21,40.8
2016-04-22,43.42
2016-04-23,43.42
2016-04-24,43.42
2016-04-25,43.75
2016-04-26,42.96
2016-04-27,44.64
2016-04-28,45.3
2016-04-29,45.9
2016-04-30,45.9
2016-05-01,45.9
2016-05-02,45.9
2016-05-03,44.92
2016-05-04,43.85
2016-05-05,44.04
2016-05-06,44.52
2016-05-07,44.52
2016-05-08,44.52
2016-05-09,45.0
2016-05-10,43.25
2016-05-11,44.6
2016-05-12,46.0
2016-05-13,46.41
2016-05-14,46.41
2016-05-15,46.41
2016-05-16,46.28
2016-05-17,47.9
2016-05-18,48.53
2016-05-19,47.87
2016-05-20,48.2
2016-05-21,48.2
2016-05-22,48.2
2016-05-23,48.46
2016-05-24,48.08
2016-05-25,49.09
2016-05-26,49.7
2016-05-27,49.31
2016-05-28,49.31
2016-05-29,49.31
2016-05-30,49.31
2016-05-31,49.54
2016-06-01,48.82
2016-06-02,48.9
2016-06-03,49.04
2016-06-04,49.04
2016-06-05,49.04
2016-06-06,48.88
2016-06-07,49.71
2016-06-08,50.41
2016-06-09,51.45
2016-06-10,50.47
2016-06-11,50.47
2016-06-12,50.47
2016-06-13,48.85
2016-06-14,48.52
2016-06-15,47.9
2016-06-16,47.45
2016-06-17,45.99
2016-06-18,45.99
2016-06-19,45.99
2016-06-20,48.29
2016-06-21,49.14
2016-06-22,49.14
2016-06-23,49.08
2016-06-24,50.3
2016-06-25,50.3
2016-06-26,50.3
2016-06-27,47.81
2016-06-28,46.59
2016-06-29,48.06
2016-06-30,49.55
2016-07-01,48.38
2016-07-02,48.38
2016-07-03,48.38
2016-07-04,48.38
2016-07-05,49.11
2016-07-06,46.83
2016-07-07,47.88
2016-07-08,45.19
2016-07-09,45.19
2016-07-10,45.19
2016-07-11,45.07
2016-07-12,44.58
2016-07-13,46.58
2016-07-14,45.14
2016-07-15,45.52
2016-07-16,45.52
2016-07-17,45.52
2016-07-18,46.12
2016-07-19,45.23
2016-07-20,44.59
2016-07-21,44.59
2016-07-22,44.6
2016-07-23,44.6
2016-07-24,44.6
2016-07-25,44.2
2016-07-26,43.07
2016-07-27,42.66
2016-07-28,41.93
2016-07-29,41.12
2016-07-30,41.12
2016-07-31,41.12
2016-08-01,41.35
2016-08-02,40.08
2016-08-03,39.7
2016-08-04,41.16
2016-08-05,41.84
2016-08-06,41.84
2016-08-07,41.84
2016-08-08,41.99
2016-08-09,42.83
2016-08-10,42.74
2016-08-11,41.48
2016-08-12,43.46
2016-08-13,43.46
2016-08-14,43.46
2016-08-15,44.74
2016-08-16,45.59
2016-08-17,46.37
2016-08-18,46.9
2016-08-19,48.33
2016-08-20,48.33
2016-08-21,48.33
2016-08-22,48.4
2016-08-23,48.4
2016-08-24,47.59
2016-08-25,46.8
2016-08-26,47.37
2016-08-27,47.37
2016-08-28,47.37
2016-08-29,47.22
2016-08-30,46.98
2016-08-31,46.24
2016-09-01,44.85
2016-09-02,43.55
2016-09-03,43.55
2016-09-04,43.55
2016-09-05,43.55
2016-09-06,44.15
2016-09-07,44.85
2016-09-08,46.12
2016-09-09,47.36
2016-09-10,47.36
2016-09-11,47.36
2016-09-12,45.57
2016-09-13,46.06
2016-09-14,45.0
2016-09-15,43.7
2016-09-16,43.71
2016-09-17,43.71
2016-09-18,43.71
2016-09-19,43.18
2016-09-20,43.13
2016-09-21,43.13
2016-09-22,45.62
2016-09-23,46.07
2016-09-24,46.07
2016-09-25,46.07
2016-09-26,44.62
2016-09-27,45.62
2016-09-28,44.96
2016-09-29,47.2
2016-09-30,47.76
2016-10-01,47.76
2016-10-02,47.76
2016-10-03,48.04
2016-10-04,48.65
2016-10-05,49.26
2016-10-06,49.65
2016-10-07,50.59
2016-10-08,50.59
2016-10-09,50.59
2016-10-10,49.57
2016-10-11,51.1
2016-10-12,50.84
2016-10-13,50.0
2016-10-14,50.58
2016-10-15,50.58
2016-10-16,50.58
2016-10-17,50.23
2016-10-18,50.04
2016-10-19,50.77
2016-10-20,51.4
2016-10-21,51.4
2016-10-22,51.4
2016-10-23,51.4
2016-10-24,50.85
2016-10-25,50.49
2016-10-26,49.31
2016-10-27,49.22
2016-10-28,49.61
2016-10-29,49.61
2016-10-30,49.61
2016-10-31,48.25
2016-11-01,46.77
2016-11-02,46.32
2016-11-03,45.48
2016-11-04,44.63
2016-11-05,44.63
2016-11-06,44.63
2016-11-07,44.45
2016-11-08,44.97
2016-11-09,44.82
2016-11-10,45.31
2016-11-11,44.35
2016-11-12,44.35
2016-11-13,44.35
2016-11-14,43.2
2016-11-15,43.76
2016-11-16,45.77
2016-11-17,45.37
2016-11-18,44.93
2016-11-19,44.93
2016-11-20,44.93
2016-11-21,45.83
2016-11-22,45.83
2016-11-23,47.94
2016-11-24,47.94
2016-11-25,47.97
2016-11-26,47.97
2016-11-27,47.97
2016-11-28,45.43
2016-11-29,46.88
2016-11-30,45.24
2016-12-01,49.07
2016-12-02,51.01
2016-12-03,51.01
2016-12-04,51.01
2016-12-05,51.46
2016-12-06,50.97
2016-12-07,50.93
2016-12-08,49.88
2016-12-09,50.92
2016-12-10,50.92
2016-12-11,50.92
2016-12-12,52.58
2016-12-13,52.51
2016-12-14,52.45
2016-12-15,50.79
2016-12-16,51.1
2016-12-17,51.1
2016-12-18,51.1
2016-12-19,52.15
2016-12-20,52.11
2016-12-21,52.11
2016-12-22,52.52
2016-12-23,52.68
2016-12-24,52.68
2016-12-25,52.68
2016-12-26,52.68
2016-12-27,53.29
2016-12-28,53.93
2016-12-29,53.66
2016-12-30,53.87
2016-12-31,53.87
2017-01-01,53.87
2017-01-02,53.87
2017-01-03,54.2
2017-01-04,52.49
2017-01-05,53.39
2017-01-06,53.73
2017-01-07,53.73
2017-01-08,53.73
2017-01-09,53.75
2017-01-10,51.83
2017-01-11,50.81
2017-01-12,52.37
2017-01-13,53.05
2017-01-14,53.05
2017-01-15,53.05
2017-01-16,53.05
2017-01-17,52.55
2017-01-18,52.52
2017-01-19,51.39
2017-01-20,51.45
2017-01-21,51.45
2017-01-22,51.45
2017-01-23,53.33
2017-01-24,52.86
2017-01-25,52.95
2017-01-26,52.96
2017-01-27,53.74
2017-01-28,53.74
2017-01-29,53.74
2017-01-30,53.15
2017-01-31,52.6
2017-02-01,52.76
2017-02-02,53.57
2017-02-03,53.68
2017-02-04,53.68
2017-02-05,53.68
2017-02-06,53.81
2017-02-07,53.14
2017-02-08,51.64
2017-02-09,52.37
2017-02-10,53.15
2017-02-11,53.15
2017-02-12,53.15
2017-02-13,53.8
2017-02-14,52.91
2017-02-15,53.0
2017-02-16,53.01
2017-02-17,53.47
2017-02-18,53.47
2017-02-19,53.47
2017-02-20,53.47
2017-02-21,53.48
2017-02-22,53.48
2017-02-23,53.91
2017-02-24,54.33
2017-02-25,54.33
2017-02-26,54.33
2017-02-27,54.02
2017-02-28,54.04
2017-03-01,53.95
2017-03-02,53.69
2017-03-03,52.58
2017-03-04,52.58
2017-03-05,52.58
2017-03-06,53.19
2017-03-07,53.17
2017-03-08,52.79
2017-03-09,50.22
2017-03-10,49.61
2017-03-11,49.61
2017-03-12,49.61
2017-03-13,48.45
2017-03-14,48.45
2017-03-15,48.76
2017-03-16,49.01
2017-03-17,48.79
2017-03-18,48.79
2017-03-19,48.79
2017-03-20,48.7
2017-03-21,47.93
2017-03-22,48.16
2017-03-23,48.15
2017-03-24,47.67
2017-03-25,47.67
2017-03-26,47.67
2017-03-27,48.12
2017-03-28,47.89
2017-03-29,48.47
2017-03-30,49.6
2017-03-31,50.32
2017-04-01,50.32
2017-04-02,50.32
2017-04-03,50.69
2017-04-04,50.24
2017-04-05,51.18
2017-04-06,50.8
2017-04-07,51.7
2017-04-08,51.7
2017-04-09,51.7
2017-04-10,52.31
2017-04-11,53.13
2017-04-12,53.4
2017-04-13,52.85
2017-04-14,52.85
2017-04-15,52.85
2017-04-16,52.85
2017-04-17,52.97
2017-04-18,52.75
2017-04-19,52.36
2017-04-20,50.63
2017-04-21,50.63
2017-04-22,50.63
2017-04-23,50.63
2017-04-24,49.68
2017-04-25,49.22
2017-04-26,49.36
2017-04-27,49.22
2017-04-28,49.27
2017-04-29,49.27
2017-04-30,49.27
2017-05-01,49.17
2017-05-02,48.78
2017-05-03,48.12
2017-05-04,47.6
2017-05-05,45.51
2017-05-06,45.51
2017-05-07,45.51
2017-05-08,46.35
2017-05-09,46.49
2017-05-10,46.18
2017-05-11,47.39
2017-05-12,47.81
2017-05-13,47.81
2017-05-14,47.81
2017-05-15,47.85
2017-05-16,48.82
2017-05-17,48.23
2017-05-18,48.93
2017-05-19,49.28
2017-05-20,49.28
2017-05-21,49.28
2017-05-22,50.6
2017-05-23,50.6
2017-05-24,51.44
2017-05-25,51.25
2017-05-26,48.75
2017-05-27,48.75
2017-05-28,48.75
2017-05-29,48.75
2017-05-30,49.93
2017-05-31,49.65
2017-06-01,48.63
2017-06-02,48.04
2017-06-03,48.04
2017-06-04,48.04
2017-06-05,47.71
2017-06-06,47.4
2017-06-07,47.98
2017-06-08,45.85
2017-06-09,45.71
2017-06-10,45.71
2017-06-11,45.71
2017-06-12,45.8
2017-06-13,46.01
2017-06-14,45.94
2017-06-15,44.69
2017-06-16,44.25
2017-06-17,44.25
2017-06-18,44.25
2017-06-19,44.68
2017-06-20,44.11
2017-06-21,44.11
2017-06-22,42.55
2017-06-23,42.8
2017-06-24,42.8
2017-06-25,42.8
2017-06-26,43.16
2017-06-27,43.49
2017-06-28,43.7
2017-06-29,44.89
2017-06-30,44.89
2017-07-01,44.89
2017-07-02,44.89
2017-07-03,46.28
2017-07-04,46.28
2017-07-05,47.04
2017-07-06,45.65
2017-07-07,45.35
2017-07-08,45.35
2017-07-09,45.35
2017-07-10,44.35
2017-07-11,44.58
2017-07-12,45.74
2017-07-13,45.44
2017-07-14,46.08
2017-07-15,46.08
2017-07-16,46.08
2017-07-17,46.68
2017-07-18,45.99
2017-07-19,46.25
2017-07-20,47.09
2017-07-21,47.09
2017-07-22,47.09
2017-07-23,47.09
2017-07-24,45.62
2017-07-25,46.46
2017-07-26,48.51
2017-07-27,48.7
2017-07-28,49.17
2017-07-29,49.17
2017-07-30,49.17
2017-07-31,49.85
2017-08-01,50.21
2017-08-02,48.8
2017-08-03,49.59
2017-08-04,48.95
2017-08-05,48.95
2017-08-06,48.95
2017-08-07,49.59
2017-08-08,49.31
2017-08-09,49.0
2017-08-10,49.68
2017-08-11,48.52
2017-08-12,48.52
2017-08-13,48.52
2017-08-14,48.79
2017-08-15,47.49
2017-08-16,47.72
2017-08-17,46.8
2017-08-18,46.93
2017-08-19,46.93
2017-08-20,46.93
2017-08-21,48.72
2017-08-22,47.45
2017-08-23,47.45
2017-08-24,48.36
2017-08-25,47.62
2017-08-26,47.62
2017-08-27,47.62
2017-08-28,47.89
2017-08-29,46.86
2017-08-30,46.31
2017-08-31,45.95
2017-09-01,47.08
2017-09-02,47.08
2017-09-03,47.08
2017-09-04,47.08
2017-09-05,47.28
2017-09-06,48.59
2017-09-07,49.14
2017-09-08,49.07
2017-09-09,49.07
2017-09-10,49.07
2017-09-11,47.58
2017-09-12,48.12
2017-09-13,48.34
2017-09-14,49.31
2017-09-15,49.72
2017-09-16,49.72
2017-09-17,49.72
2017-09-18,49.85
2017-09-19,49.91
2017-09-20,49.84
2017-09-21,49.84
2017-09-22,50.73
2017-09-23,50.73
2017-09-24,50.73
2017-09-25,50.68
2017-09-26,52.12
2017-09-27,52.09
2017-09-28,52.05
2017-09-29,51.58
2017-09-30,51.58
2017-10-01,51.58
2017-10-02,51.64
2017-10-03,50.59
2017-10-04,50.16
2017-10-05,49.88
2017-10-06,50.75
2017-10-07,50.75
2017-10-08,50.75
2017-10-09,49.25
2017-10-10,49.55
2017-10-11,50.94
2017-10-12,51.0
2017-10-13,50.73
2017-10-14,50.73
2017-10-15,50.73
2017-10-16,51.43
2017-10-17,51.93
2017-10-18,51.94
2017-10-19,52.05
2017-10-20,51.42
2017-10-21,51.42
2017-10-22,51.42
2017-10-23,52.07
2017-10-24,51.89
2017-10-25,52.56
2017-10-26,52.19
2017-10-27,52.8
2017-10-28,52.8
2017-10-29,52.8
2017-10-30,54.16
2017-10-31,54.08
2017-11-01,54.65
2017-11-02,54.28
2017-11-03,54.73
2017-11-04,54.73
2017-11-05,54.73
2017-11-06,55.97
2017-11-07,57.27
2017-11-08,56.96
2017-11-09,56.85
2017-11-10,57.02
2017-11-11,57.02
2017-11-12,57.02
2017-11-13,56.9
2017-11-14,56.72
2017-11-15,55.06
2017-11-16,55.3
2017-11-17,55.25
2017-11-18,55.25
2017-11-19,55.25
2017-11-20,56.69
2017-11-21,56.69
2017-11-22,57.12
2017-11-23,57.12
2017-11-24,58.05
2017-11-25,58.05
2017-11-26,58.05
2017-11-27,58.95
2017-11-28,57.86
2017-11-29,57.73
2017-11-30,57.41
2017-12-01,57.42
2017-12-02,57.42
2017-12-03,57.42
2017-12-04,58.32
2017-12-05,57.48
2017-12-06,57.45
2017-12-07,56.0
2017-12-08,56.65
2017-12-09,56.65
2017-12-10,56.65
2017-12-11,57.25
2017-12-12,58.02
2017-12-13,57.45
2017-12-14,56.7
2017-12-15,57.15
2017-12-16,57.15
2017-12-17,57.15
2017-12-18,57.37
2017-12-19,57.3
2017-12-20,57.3
2017-12-21,58.02
2017-12-22,58.21
2017-12-23,58.21
2017-12-24,58.21
2017-12-25,58.21
2017-12-26,58.4
2017-12-27,59.79
2017-12-28,59.53
2017-12-29,59.91
2017-12-30,59.91
2017-12-31,59.91
2018-01-01,59.91
2018-01-02,60.2
2018-01-03,60.39
2018-01-04,61.96
2018-01-05,61.9
2018-01-06,61.9
2018-01-07,61.9
2018-01-08,61.61
2018-01-09,61.92
2018-01-10,63.41
2018-01-11,63.5
2018-01-12,63.57
2018-01-13,63.57
2018-01-14,63.57
2018-01-15,63.57
2018-01-16,64.43
2018-01-17,63.89
2018-01-18,64.07
2018-01-19,63.74
2018-01-20,63.74
2018-01-21,63.74
2018-01-22,63.61
2018-01-23,63.61
2018-01-24,64.42
2018-01-25,65.88
2018-01-26,65.25
2018-01-27,65.25
2018-01-28,65.25
2018-01-29,66.18
2018-01-30,65.53
2018-01-31,64.03
2018-02-01,64.76
2018-02-02,65.99
2018-02-03,65.99
2018-02-04,65.99
2018-02-05,65.1
2018-02-06,63.43
2018-02-07,63.92
2018-02-08,61.7
2018-02-09,60.43
2018-02-10,60.43
2018-02-11,60.43
2018-02-12,59.12
2018-02-13,59.35
2018-02-14,59.35
2018-02-15,60.71
2018-02-16,61.45
2018-02-17,61.45
2018-02-18,61.45
2018-02-19,61.45
2018-02-20,61.63
2018-02-21,61.63
2018-02-22,61.34
2018-02-23,62.6
2018-02-24,62.6
2018-02-25,62.6
2018-02-26,63.6
2018-02-27,64.06
2018-02-28,62.79
2018-03-01,61.55
2018-03-02,61.34
2018-03-03,61.34
2018-03-04,61.34
2018-03-05,61.55
2018-03-06,62.58
2018-03-07,62.3
2018-03-08,61.33
2018-03-09,60.27
2018-03-10,60.27
2018-03-11,60.27
2018-03-12,62.04
2018-03-13,61.37
2018-03-14,60.87
2018-03-15,60.95
2018-03-16,61.19
2018-03-17,61.19
2018-03-18,61.19
2018-03-19,62.23
2018-03-20,62.1
2018-03-21,62.1
2018-03-22,65.7
2018-03-23,64.28
2018-03-24,64.28
2018-03-25,64.28
2018-03-26,65.9
2018-03-27,65.53
2018-03-28,64.7
2018-03-29,64.69
2018-03-30,64.69
2018-03-31,64.69
2018-04-01,64.69
2018-04-02,64.91
2018-04-03,62.89
2018-04-04,63.59
2018-04-05,63.6
2018-04-06,63.7
2018-04-07,63.7
2018-04-08,63.7
2018-04-09,62.0
2018-04-10,63.3
2018-04-11,65.58
2018-04-12,66.75
2018-04-13,67.18
2018-04-14,67.18
2018-04-15,67.18
2018-04-16,67.24
2018-04-17,66.42
2018-04-18,66.68
2018-04-19,68.75
2018-04-20,68.26
2018-04-21,68.26
2018-04-22,68.26
2018-04-23,68.22
2018-04-24,68.95
2018-04-25,67.75
2018-04-26,68.03
2018-04-27,68.21
2018-04-28,68.21
2018-04-29,68.21
2018-04-30,68.15
2018-05-01,68.56
2018-05-02,67.49
2018-05-03,67.68
2018-05-04,68.5
2018-05-05,68.5
2018-05-06,68.5
2018-05-07,69.85
2018-05-08,70.03
2018-05-09,70.05
2018-05-10,71.23
2018-05-11,71.45
2018-05-12,71.45
2018-05-13,71.45
2018-05-14,70.54
2018-05-15,71.15
2018-05-16,71.02
2018-05-17,71.56
2018-05-18,71.6
2018-05-19,71.6
2018-05-20,71.6
2018-05-21,71.6
2018-05-22,72.53
2018-05-23,72.53
2018-05-24,71.83
2018-05-25,70.65
2018-05-26,70.65
2018-05-27,70.65
2018-05-28,70.65
2018-05-29,67.55
2018-05-30,66.85
2018-05-31,68.24
2018-06-01,67.07
2018-06-02,67.07
2018-06-03,67.07
2018-06-04,65.71
2018-06-05,64.94
2018-06-06,65.51
2018-06-07,65.07
2018-06-08,65.98
2018-06-09,65.98
2018-06-10,65.98
2018-06-11,65.56
2018-06-12,66.05
2018-06-13,66.01
2018-06-14,66.62
2018-06-15,67.0
2018-06-16,67.0
2018-06-17,67.0
2018-06-18,64.4
2018-06-19,65.82
2018-06-20,65.11
2018-06-21,65.11
2018-06-22,65.93
2018-06-23,65.93
2018-06-24,65.93
2018-06-25,68.75
2018-06-26,68.21
2018-06-27,70.68
2018-06-28,72.27
2018-06-29,73.33
2018-06-30,73.33
2018-07-01,73.33
2018-07-02,73.62
2018-07-03,74.08
2018-07-04,74.08
2018-07-05,74.23
2018-07-06,73.16
2018-07-07,73.16
2018-07-08,73.16
2018-07-09,73.87
2018-07-10,74.04
2018-07-11,74.2
2018-07-12,70.6
2018-07-13,70.38
2018-07-14,70.38
2018-07-15,70.38
2018-07-16,70.52
2018-07-17,68.03
2018-07-18,67.61
2018-07-19,69.0
2018-07-20,69.39
2018-07-21,69.39
2018-07-22,69.39
2018-07-23,68.17
2018-07-24,67.8
2018-07-25,68.77
2018-07-26,69.38
2018-07-27,69.58
2018-07-28,69.58
2018-07-29,69.58
2018-07-30,69.01
2018-07-31,70.05
2018-08-01,68.43
2018-08-02,67.86
2018-08-03,68.99
2018-08-04,68.99
2018-08-05,68.99
2018-08-06,68.65
2018-08-07,68.9
2018-08-08,69.09
2018-08-09,66.79
2018-08-10,66.74
2018-08-11,66.74
2018-08-12,66.74
2018-08-13,67.78
2018-08-14,67.42
2018-08-15,66.62
2018-08-16,64.95
2018-08-17,65.47
2018-08-18,65.47
2018-08-19,65.47
2018-08-20,65.91
2018-08-21,66.62
2018-08-22,66.62
2018-08-23,68.07
2018-08-24,67.9
2018-08-25,67.9
2018-08-26,67.9
2018-08-27,68.57
2018-08-28,68.93
2018-08-29,68.54
2018-08-30,69.71
2018-08-31,70.06
2018-09-01,70.06
2018-09-02,70.06
2018-09-03,70.06
2018-09-04,69.89
2018-09-05,69.43
2018-09-06,68.64
2018-09-07,67.88
2018-09-08,67.88
2018-09-09,67.88
2018-09-10,67.82
2018-09-11,67.53
2018-09-12,69.89
2018-09-13,70.24
2018-09-14,68.79
2018-09-15,68.79
2018-09-16,68.79
2018-09-17,68.93
2018-09-18,68.8
2018-09-19,69.71
2018-09-20,71.39
2018-09-21,71.39
2018-09-22,71.39
2018-09-23,71.39
2018-09-24,71.14
2018-09-25,72.25
2018-09-26,72.09
2018-09-27,72.01
2018-09-28,72.18
2018-09-29,72.18
2018-09-30,72.18
2018-10-01,73.29
2018-10-02,75.42
2018-10-03,75.12
2018-10-04,76.18
2018-10-05,74.67
2018-10-06,74.67
2018-10-07,74.67
2018-10-08,74.4
2018-10-09,74.21
2018-10-10,74.66
2018-10-11,72.68
2018-10-12,70.99
2018-10-13,70.99
2018-10-14,70.99
2018-10-15,71.85
2018-10-16,71.72
2018-10-17,72.17
2018-10-18,70.03
2018-10-19,68.68
2018-10-20,68.68
2018-10-21,68.68
2018-10-22,69.41
2018-10-23,69.41
2018-10-24,66.17
2018-10-25,66.36
2018-10-26,66.95
2018-10-27,66.95
2018-10-28,66.95
2018-10-29,67.55
2018-10-30,66.68
2018-10-31,66.32
2018-11-01,64.88
2018-11-02,63.5
2018-11-03,63.5
2018-11-04,63.5
2018-11-05,62.99
2018-11-06,62.7
2018-11-07,61.74
2018-11-08,61.64
2018-11-09,60.75
2018-11-10,60.75
2018-11-11,60.75
2018-11-12,60.7
2018-11-13,58.88
2018-11-14,55.27
2018-11-15,56.02
2018-11-16,56.58
2018-11-17,56.58
2018-11-18,56.58
2018-11-19,56.72
2018-11-20,56.72
2018-11-21,53.39
2018-11-22,53.39
2018-11-23,54.66
2018-11-24,54.66
2018-11-25,54.66
2018-11-26,50.62
2018-11-27,51.54
2018-11-28,52.09
2018-11-29,50.31
2018-11-30,51.27
2018-12-01,51.27
2018-12-02,51.27
2018-12-03,52.45
2018-12-04,53.13
2018-12-05,52.59
2018-12-06,52.93
2018-12-07,51.76
2018-12-08,51.76
2018-12-09,51.76
2018-12-10,52.03
2018-12-11,50.89
2018-12-12,51.95
2018-12-13,51.2
2018-12-14,52.83
2018-12-15,52.83
2018-12-16,52.83
2018-12-17,51.25
2018-12-18,49.16
2018-12-19,45.93
2018-12-20,45.93
2018-12-21,46.25
2018-12-22,46.25
2018-12-23,46.25
2018-12-24,45.45
2018-12-25,45.45
2018-12-26,42.85
2018-12-27,46.58
2018-12-28,45.44
2018-12-29,45.44
2018-12-30,45.44
2018-12-31,45.22
2019-01-01,45.22
2019-01-02,45.8
2019-01-03,46.26
2019-01-04,46.9
2019-01-05,46.9
2019-01-06,46.9
2019-01-07,48.3
2019-01-08,48.73
2019-01-09,49.8
2019-01-10,52.18
2019-01-11,52.28
2019-01-12,52.28
2019-01-13,52.28
2019-01-14,51.73
2019-01-15,50.78
2019-01-16,52.0
2019-01-17,52.18
2019-01-18,52.23
2019-01-19,52.23
2019-01-20,52.23
2019-01-21,52.23
2019-01-22,53.73
2019-01-23,53.73
2019-01-24,52.45
2019-01-25,53.17
2019-01-26,53.17
2019-01-27,53.17
2019-01-28,53.56
2019-01-29,52.12
2019-01-30,53.24
2019-01-31,54.28
2019-02-01,54.01
2019-02-02,54.01
2019-02-03,54.01
2019-02-04,55.32
2019-02-05,54.86
2019-02-06,53.73
2019-02-07,53.94
2019-02-08,52.59
2019-02-09,52.59
2019-02-10,52.59
2019-02-11,52.66
2019-02-12,52.47
2019-02-13,53.35
2019-02-14,53.96
2019-02-15,54.48
2019-02-16,54.48
2019-02-17,54.48
2019-02-18,54.48
2019-02-19,55.78
2019-02-20,55.94
2019-02-21,55.94
2019-02-22,56.84
2019-02-23,56.84
2019-02-24,56.84
2019-02-25,57.17
2019-02-26,55.46
2019-02-27,55.95
2019-02-28,57.0
2019-03-01,57.22
2019-03-02,57.22
2019-03-03,57.22
2019-03-04,55.83
2019-03-05,56.45
2019-03-06,56.28
2019-03-07,56.2
2019-03-08,56.43
2019-03-09,56.43
2019-03-10,56.43
2019-03-11,56.43
2019-03-12,56.76
2019-03-13,57.09
2019-03-14,58.35
2019-03-15,58.51
2019-03-16,58.51
2019-03-17,58.51
2019-03-18,58.45
2019-03-19,59.01
2019-03-20,59.02
2019-03-21,59.02
2019-03-22,59.87
2019-03-23,59.87
2019-03-24,59.87
2019-03-25,58.98
2019-03-26,59.12
2019-03-27,60.03
2019-03-28,59.4
2019-03-29,59.53
2019-03-30,59.53
2019-03-31,59.53
2019-04-01,60.24
2019-04-02,61.81
2019-04-03,62.64
2019-04-04,62.5
2019-04-05,62.18
2019-04-06,62.18
2019-04-07,62.18
2019-04-08,63.33
2019-04-09,64.4
2019-04-10,64.22
2019-04-11,64.48
2019-04-12,63.71
2019-04-13,63.71
2019-04-14,63.71
2019-04-15,63.76
2019-04-16,63.57
2019-04-17,64.32
2019-04-18,63.75
2019-04-19,63.75
2019-04-20,63.75
2019-04-21,63.75
2019-04-22,64.0
2019-04-23,64.0
2019-04-24,66.17
2019-04-25,65.81
2019-04-26,65.13
2019-04-27,65.13
2019-04-28,65.13
2019-04-29,62.95
2019-04-30,63.58
2019-05-01,63.4
2019-05-02,63.61
2019-05-03,61.55
2019-05-04,61.55
2019-05-05,61.55
2019-05-06,61.43
2019-05-07,62.17
2019-05-08,61.44
2019-05-09,62.02
2019-05-10,61.64
2019-05-11,61.64
2019-05-12,61.64
2019-05-13,61.65
2019-05-14,60.86
2019-05-15,61.37
2019-05-16,62.12
2019-05-17,63.12
2019-05-18,63.12
2019-05-19,63.12
2019-05-20,62.93
2019-05-21,63.22
2019-05-22,63.22
2019-05-23,61.31
2019-05-24,58.21
2019-05-25,58.21
2019-05-26,58.21
2019-05-27,58.21
2019-05-28,58.94
2019-05-29,59.07
2019-05-30,59.12
2019-05-31,56.46
2019-06-01,56.46
2019-06-02,56.46
2019-06-03,53.42
2019-06-04,52.89
2019-06-05,52.86
2019-06-06,51.66
2019-06-07,53.1
2019-06-08,53.1
2019-06-09,53.1
2019-06-10,54.24
2019-06-11,53.43
2019-06-12,53.04
2019-06-13,51.07
2019-06-14,52.18
2019-06-15,52.18
2019-06-16,52.18
2019-06-17,52.5
2019-06-18,51.95
2019-06-19,54.09
2019-06-20,54.12
2019-06-21,54.12
2019-06-22,54.12
2019-06-23,54.12
2019-06-24,57.72
2019-06-25,57.74
2019-06-26,58.84
2019-06-27,59.27
2019-06-28,59.22
2019-06-29,59.22
2019-06-30,59.22
2019-07-01,59.27
2019-07-02,59.14
2019-07-03,56.49
2019-07-04,56.49
2019-07-05,57.38
2019-07-06,57.38
2019-07-07,57.38
2019-07-08,57.77
2019-07-09,57.56
2019-07-10,58.4
2019-07-11,60.44
2019-07-12,60.46
2019-07-13,60.46
2019-07-14,60.46
2019-07-15,60.25
2019-07-16,59.26
2019-07-17,57.52
2019-07-18,56.6
2019-07-19,55.72
2019-07-20,55.72
2019-07-21,55.72
2019-07-22,56.22
2019-07-23,56.22
2019-07-24,57.23
2019-07-25,55.9
2019-07-26,55.93
2019-07-27,55.93
2019-07-28,55.93
2019-07-29,56.2
2019-07-30,57.07
2019-07-31,58.34
2019-08-01,57.85
2019-08-02,54.54
2019-08-03,54.54
2019-08-04,54.54
2019-08-05,55.38
2019-08-06,54.95
2019-08-07,53.42
2019-08-08,52.33
2019-08-09,52.88
2019-08-10,52.88
2019-08-11,52.88
2019-08-12,54.32
2019-08-13,54.73
2019-08-14,56.74
2019-08-15,54.9
2019-08-16,54.74
2019-08-17,54.74
2019-08-18,54.74
2019-08-19,54.96
2019-08-20,56.1
2019-08-21,56.1
2019-08-22,55.94
2019-08-23,55.35
2019-08-24,55.35
2019-08-25,55.35
2019-08-26,53.25
2019-08-27,53.76
2019-08-28,55.71
2019-08-29,55.88
2019-08-30,56.63
2019-08-31,56.63
2019-09-01,56.63
2019-09-02,56.63
2019-09-03,55.0
2019-09-04,53.92
2019-09-05,55.95
2019-09-06,56.19
2019-09-07,56.19
2019-09-08,56.19
2019-09-09,56.8
2019-09-10,58.03
2019-09-11,57.89
2019-09-12,55.93
2019-09-13,55.15
2019-09-14,55.15
2019-09-15,55.15
2019-09-16,61.48
2019-09-17,61.96
2019-09-18,58.81
2019-09-19,58.2
2019-09-20,58.65
2019-09-21,58.65
2019-09-22,58.65
2019-09-23,59.25
2019-09-24,58.44
2019-09-25,56.7
2019-09-26,56.69
2019-09-27,56.51
2019-09-28,56.51
2019-09-29,56.51
2019-09-30,56.54
2019-10-01,54.28
2019-10-02,54.0
2019-10-03,52.47
2019-10-04,52.29
2019-10-05,52.29
2019-10-06,52.29
2019-10-07,52.69
2019-10-08,52.81
2019-10-09,52.57
2019-10-10,52.69
2019-10-11,53.88
2019-10-12,53.88
2019-10-13,53.88
2019-10-14,54.9
2019-10-15,53.51
2019-10-16,52.92
2019-10-17,52.99
2019-10-18,54.09
2019-10-19,54.09
2019-10-20,54.09
2019-10-21,53.71
2019-10-22,53.39
2019-10-23,53.39
2019-10-24,55.9
2019-10-25,56.07
2019-10-26,56.07
2019-10-27,56.07
2019-10-28,56.65
2019-10-29,55.8
2019-10-30,55.53
2019-10-31,54.9
2019-11-01,54.15
2019-11-02,54.15
2019-11-03,54.15
2019-11-04,56.41
2019-11-05,56.56
2019-11-06,57.26
2019-11-07,56.35
2019-11-08,57.08
2019-11-09,57.08
2019-11-10,57.4
2019-11-11,56.89
2019-11-12,56.97
2019-11-13,56.79
2019-11-14,57.39
2019-11-15,56.91
2019-11-16,56.91
2019-11-17,56.91
2019-11-18,57.88
2019-11-19,56.9
2019-11-20,55.16
2019-11-21,55.16
2019-11-22,58.31
2019-11-23,58.31
2019-11-24,58.31
2019-11-25,57.92
2019-11-26,57.92
2019-11-27,58.27
2019-11-28,58.27
2019-11-29,58.13
2019-11-30,58.13
2019-12-01,58.13
2019-12-02,55.47
2019-12-03,55.96
2019-12-04,56.43
2019-12-05,58.36
2019-12-06,58.32
2019-12-07,58.32
2019-12-08,58.32
2019-12-09,59.11
2019-12-10,58.92
2019-12-11,59.06
2019-12-12,58.88
2019-12-13,59.36
2019-12-14,59.36
2019-12-15,59.36
2019-12-16,59.87
2019-12-17,60.23
2019-12-18,60.55
2019-12-19,60.86
2019-12-20,60.86
2019-12-21,60.86
2019-12-22,60.86
2019-12-23,60.41
2019-12-24,60.63
2019-12-25,60.63
2019-12-26,61.2
2019-12-27,61.73
2019-12-28,61.73
2019-12-29,61.73
2019-12-30,61.71
2019-12-31,61.68
2020-01-01,61.68
2020-01-02,61.6
2020-01-03,61.18
2020-01-04,61.18
2020-01-05,61.18
2020-01-06,63.71
2020-01-07,62.91
2020-01-08,62.84
2020-01-09,59.99
2020-01-10,59.61
2020-01-11,59.61
2020-01-12,59.61
2020-01-13,59.04
2020-01-14,58.03
2020-01-15,58.2
2020-01-16,58.1
2020-01-17,58.59
2020-01-18,58.59
2020-01-19,58.59
2020-01-20,58.59
2020-01-21,59.17
2020-01-22,58.26
2020-01-23,56.11
2020-01-24,55.69
2020-01-25,55.69
2020-01-26,55.69
2020-01-27,53.7
2020-01-28,52.77
2020-01-29,53.97
2020-01-30,53.09
2020-01-31,52.92
2020-02-01,52.92
2020-02-02,52.92
2020-02-03,51.01
2020-02-04,49.94
2020-02-05,49.51
2020-02-06,51.17
2020-02-07,51.11
2020-02-08,51.11
2020-02-09,51.11
2020-02-10,50.12
2020-02-11,49.61
2020-02-12,49.96
2020-02-13,51.72
2020-02-14,51.51
2020-02-15,51.51
2020-02-16,51.51
2020-02-17,51.51
2020-02-18,52.23
2020-02-19,52.12
