,St√§ngn.kurs
2013-01-01,343.94
2013-01-02,351.52
2013-01-03,351.74
2013-01-04,353.48
2013-01-05,353.48
2013-01-06,353.48
2013-01-07,351.79
2013-01-08,350.58
2013-01-09,351.12
2013-01-10,351.01
2013-01-11,352.45
2013-01-12,352.45
2013-01-13,352.45
2013-01-14,352.72
2013-01-15,351.55
2013-01-16,352.53
2013-01-17,354.42
2013-01-18,354.44
2013-01-19,354.44
2013-01-20,354.44
2013-01-21,356.76
2013-01-22,355.72
2013-01-23,356.32
2013-01-24,358.08
2013-01-25,361.07
2013-01-26,361.07
2013-01-27,361.07
2013-01-28,361.7
2013-01-29,361.92
2013-01-30,364.82
2013-01-31,363.1
2013-02-01,365.68
2013-02-02,365.68
2013-02-03,365.68
2013-02-04,361.23
2013-02-05,364.94
2013-02-06,365.2
2013-02-07,363.02
2013-02-08,365.87
2013-02-09,365.87
2013-02-10,365.87
2013-02-11,365.18
2013-02-12,366.66
2013-02-13,370.08
2013-02-14,369.14
2013-02-15,370.13
2013-02-16,370.13
2013-02-17,370.13
2013-02-18,370.89
2013-02-19,373.54
2013-02-20,375.55
2013-02-21,371.68
2013-02-22,375.85
2013-02-23,375.85
2013-02-24,375.85
2013-02-25,374.63
2013-02-26,369.39
2013-02-27,373.58
2013-02-28,375.32
2013-03-01,374.68
2013-03-02,374.68
2013-03-03,374.68
2013-03-04,375.45
2013-03-05,379.08
2013-03-06,377.24
2013-03-07,377.39
2013-03-08,379.47
2013-03-09,379.47
2013-03-10,379.47
2013-03-11,380.18
2013-03-12,377.15
2013-03-13,377.62
2013-03-14,381.11
2013-03-15,379.88
2013-03-16,379.88
2013-03-17,379.88
2013-03-18,377.53
2013-03-19,373.08
2013-03-20,375.01
2013-03-21,370.99
2013-03-22,373.13
2013-03-23,373.13
2013-03-24,373.13
2013-03-25,372.99
2013-03-26,372.94
2013-03-27,372.87
2013-03-28,375.35
2013-03-29,375.35
2013-03-30,375.35
2013-03-31,375.35
2013-04-01,375.35
2013-04-02,377.86
2013-04-03,376.04
2013-04-04,370.4
2013-04-05,365.71
2013-04-06,365.71
2013-04-07,365.71
2013-04-08,364.9
2013-04-09,367.73
2013-04-10,372.64
2013-04-11,373.36
2013-04-12,370.57
2013-04-13,370.57
2013-04-14,370.57
2013-04-15,367.84
2013-04-16,364.57
2013-04-17,358.51
2013-04-18,358.11
2013-04-19,357.9
2013-04-20,357.9
2013-04-21,357.9
2013-04-22,357.5
2013-04-23,366.29
2013-04-24,367.77
2013-04-25,373.05
2013-04-26,373.03
2013-04-27,373.03
2013-04-28,373.03
2013-04-29,374.34
2013-04-30,375.46
2013-05-01,375.46
2013-05-02,373.99
2013-05-03,376.64
2013-05-04,376.64
2013-05-05,376.64
2013-05-06,377.43
2013-05-07,378.4
2013-05-08,382.28
2013-05-09,382.28
2013-05-10,383.96
2013-05-11,383.96
2013-05-12,383.96
2013-05-13,383.71
2013-05-14,384.09
2013-05-15,385.79
2013-05-16,386.9
2013-05-17,389.45
2013-05-18,389.45
2013-05-19,389.45
2013-05-20,389.25
2013-05-21,390.55
2013-05-22,392.3
2013-05-23,383.16
2013-05-24,381.56
2013-05-25,381.56
2013-05-26,381.56
2013-05-27,385.48
2013-05-28,389.31
2013-05-29,383.11
2013-05-30,384.14
2013-05-31,381.19
2013-06-01,381.19
2013-06-02,381.19
2013-06-03,379.27
2013-06-04,379.03
2013-06-05,372.41
2013-06-06,372.41
2013-06-07,374.41
2013-06-08,374.41
2013-06-09,374.41
2013-06-10,374.24
2013-06-11,371.53
2013-06-12,369.68
2013-06-13,368.44
2013-06-14,369.52
2013-06-15,369.52
2013-06-16,369.52
2013-06-17,373.44
2013-06-18,374.25
2013-06-19,369.26
2013-06-20,358.69
2013-06-21,358.69
2013-06-22,358.69
2013-06-23,358.69
2013-06-24,350.05
2013-06-25,355.27
2013-06-26,359.83
2013-06-27,364.67
2013-06-28,361.72
2013-06-29,361.72
2013-06-30,361.72
2013-07-01,365.64
2013-07-02,365.19
2013-07-03,363.27
2013-07-04,369.43
2013-07-05,367.53
2013-07-06,367.53
2013-07-07,367.53
2013-07-08,371.65
2013-07-09,375.18
2013-07-10,375.59
2013-07-11,380.48
2013-07-12,380.56
2013-07-13,380.56
2013-07-14,380.56
2013-07-15,381.82
2013-07-16,381.36
2013-07-17,381.33
2013-07-18,383.48
2013-07-19,383.87
2013-07-20,383.87
2013-07-21,383.87
2013-07-22,381.51
2013-07-23,382.75
2013-07-24,386.66
2013-07-25,387.16
2013-07-26,385.7
2013-07-27,385.7
2013-07-28,385.7
2013-07-29,385.52
2013-07-30,388.06
2013-07-31,387.59
2013-08-01,392.15
2013-08-02,392.4
2013-08-03,392.4
2013-08-04,392.4
2013-08-05,393.2
2013-08-06,390.44
2013-08-07,389.46
2013-08-08,391.49
2013-08-09,393.1
2013-08-10,393.1
2013-08-11,393.1
2013-08-12,393.07
2013-08-13,394.72
2013-08-14,395.73
2013-08-15,390.86
2013-08-16,393.95
2013-08-17,393.95
2013-08-18,393.95
2013-08-19,393.24
2013-08-20,391.86
2013-08-21,386.39
2013-08-22,389.61
2013-08-23,391.52
2013-08-24,391.52
2013-08-25,391.52
2013-08-26,391.96
2013-08-27,385.85
2013-08-28,383.55
2013-08-29,385.75
2013-08-30,383.33
2013-08-31,383.33
2013-09-01,383.33
2013-09-02,388.74
2013-09-03,390.86
2013-09-04,392.56
2013-09-05,393.47
2013-09-06,394.88
2013-09-07,394.88
2013-09-08,394.88
2013-09-09,394.74
2013-09-10,400.67
2013-09-11,401.56
2013-09-12,401.08
2013-09-13,400.73
2013-09-14,400.73
2013-09-15,400.73
2013-09-16,404.25
2013-09-17,403.11
2013-09-18,403.79
2013-09-19,407.24
2013-09-20,406.91
2013-09-21,406.91
2013-09-22,406.91
2013-09-23,403.71
2013-09-24,405.9
2013-09-25,401.49
2013-09-26,403.28
2013-09-27,401.67
2013-09-28,401.67
2013-09-29,401.67
2013-09-30,398.53
2013-10-01,401.03
2013-10-02,398.64
2013-10-03,397.63
2013-10-04,396.23
2013-10-05,396.23
2013-10-06,396.23
2013-10-07,394.53
2013-10-08,392.66
2013-10-09,390.53
2013-10-10,397.9
2013-10-11,399.76
2013-10-12,399.76
2013-10-13,399.76
2013-10-14,397.52
2013-10-15,399.95
2013-10-16,400.03
2013-10-17,400.13
2013-10-18,405.58
2013-10-19,405.58
2013-10-20,405.58
2013-10-21,408.1
2013-10-22,410.61
2013-10-23,408.48
2013-10-24,410.72
2013-10-25,408.5
2013-10-26,408.5
2013-10-27,408.5
2013-10-28,407.3
2013-10-29,407.62
2013-10-30,407.6
2013-10-31,405.69
2013-11-01,404.42
2013-11-02,404.42
2013-11-03,404.42
2013-11-04,405.38
2013-11-05,403.78
2013-11-06,406.96
2013-11-07,407.7
2013-11-08,407.09
2013-11-09,407.09
2013-11-10,407.09
2013-11-11,409.0
2013-11-12,407.01
2013-11-13,404.91
2013-11-14,408.28
2013-11-15,410.6
2013-11-16,410.6
2013-11-17,410.6
2013-11-18,413.25
2013-11-19,411.83
2013-11-20,410.34
2013-11-21,409.02
2013-11-22,411.21
2013-11-23,411.21
2013-11-24,411.21
2013-11-25,413.54
2013-11-26,413.96
2013-11-27,415.55
2013-11-28,416.99
2013-11-29,415.09
2013-11-30,415.09
2013-12-01,415.09
2013-12-02,414.2
2013-12-03,407.17
2013-12-04,406.09
2013-12-05,403.76
2013-12-06,405.42
2013-12-07,405.42
2013-12-08,405.42
2013-12-09,407.7
2013-12-10,404.36
2013-12-11,403.68
2013-12-12,399.68
2013-12-13,399.88
2013-12-14,399.88
2013-12-15,399.88
2013-12-16,404.01
2013-12-17,402.83
2013-12-18,406.11
2013-12-19,414.09
2013-12-20,416.73
2013-12-21,416.73
2013-12-22,416.73
2013-12-23,420.27
2013-12-24,420.27
2013-12-25,420.27
2013-12-26,420.27
2013-12-27,424.09
2013-12-28,424.09
2013-12-29,424.09
2013-12-30,423.66
2013-12-31,423.66
2014-01-01,423.66
2014-01-02,421.6
2014-01-03,422.42
2014-01-04,422.42
2014-01-05,422.42
2014-01-06,422.42
2014-01-07,423.51
2014-01-08,423.69
2014-01-09,424.09
2014-01-10,426.36
2014-01-11,426.36
2014-01-12,426.36
2014-01-13,426.4
2014-01-14,424.91
2014-01-15,430.6
2014-01-16,430.6
2014-01-17,432.41
2014-01-18,432.41
2014-01-19,432.41
2014-01-20,431.97
2014-01-21,431.59
2014-01-22,433.05
2014-01-23,428.28
2014-01-24,421.03
2014-01-25,421.03
2014-01-26,421.03
2014-01-27,419.27
2014-01-28,420.74
2014-01-29,418.02
2014-01-30,416.46
2014-01-31,416.72
2014-02-01,416.72
2014-02-02,416.72
2014-02-03,411.14
2014-02-04,409.61
2014-02-05,413.23
2014-02-06,419.01
2014-02-07,420.77
2014-02-08,420.77
2014-02-09,420.77
2014-02-10,422.19
2014-02-11,427.97
2014-02-12,427.06
2014-02-13,427.07
2014-02-14,428.62
2014-02-15,428.62
2014-02-16,428.62
2014-02-17,431.07
2014-02-18,427.64
2014-02-19,430.92
2014-02-20,432.08
2014-02-21,434.08
2014-02-22,434.08
2014-02-23,434.08
2014-02-24,441.88
2014-02-25,442.28
2014-02-26,442.67
2014-02-27,441.28
2014-02-28,442.17
2014-03-01,442.17
2014-03-02,442.17
2014-03-03,430.6
2014-03-04,439.35
2014-03-05,439.32
2014-03-06,442.53
2014-03-07,437.94
2014-03-08,437.94
2014-03-09,437.94
2014-03-10,437.96
2014-03-11,437.81
2014-03-12,433.92
2014-03-13,431.42
2014-03-14,428.53
2014-03-15,428.53
2014-03-16,428.53
2014-03-17,435.23
2014-03-18,437.68
2014-03-19,438.34
2014-03-20,435.6
2014-03-21,434.97
2014-03-22,434.97
2014-03-23,434.97
2014-03-24,429.46
2014-03-25,434.32
2014-03-26,435.18
2014-03-27,432.75
2014-03-28,434.48
2014-03-29,434.48
2014-03-30,434.48
2014-03-31,440.3
2014-04-01,443.55
2014-04-02,444.4
2014-04-03,442.08
2014-04-04,443.09
2014-04-05,443.09
2014-04-06,443.09
2014-04-07,439.25
2014-04-08,439.38
2014-04-09,441.72
2014-04-10,439.05
2014-04-11,434.44
2014-04-12,434.44
2014-04-13,434.44
2014-04-14,434.56
2014-04-15,429.03
2014-04-16,433.36
2014-04-17,433.57
2014-04-18,433.57
2014-04-19,433.57
2014-04-20,433.57
2014-04-21,433.57
2014-04-22,441.9
2014-04-23,437.91
2014-04-24,441.69
2014-04-25,440.81
2014-04-26,440.81
2014-04-27,440.81
2014-04-28,439.95
2014-04-29,443.82
2014-04-30,442.53
2014-05-01,442.53
2014-05-02,442.3
2014-05-03,442.3
2014-05-04,442.3
2014-05-05,441.79
2014-05-06,440.66
2014-05-07,437.73
2014-05-08,442.27
2014-05-09,442.09
2014-05-10,442.09
2014-05-11,442.09
2014-05-12,446.09
2014-05-13,448.28
2014-05-14,448.69
2014-05-15,450.63
2014-05-16,448.53
2014-05-17,448.53
2014-05-18,448.53
2014-05-19,448.65
2014-05-20,448.88
2014-05-21,450.01
2014-05-22,451.2
2014-05-23,452.37
2014-05-24,452.37
2014-05-25,452.37
2014-05-26,453.19
2014-05-27,453.92
2014-05-28,453.5
2014-05-29,453.5
2014-05-30,455.66
2014-05-31,455.66
2014-06-01,455.66
2014-06-02,455.39
2014-06-03,454.03
2014-06-04,454.66
2014-06-05,452.56
2014-06-06,452.56
2014-06-07,452.56
2014-06-08,452.56
2014-06-09,457.33
2014-06-10,457.13
2014-06-11,455.16
2014-06-12,454.82
2014-06-13,451.91
2014-06-14,451.91
2014-06-15,451.91
2014-06-16,448.34
2014-06-17,448.63
2014-06-18,447.53
2014-06-19,450.18
2014-06-20,450.18
2014-06-21,450.18
2014-06-22,450.18
2014-06-23,453.27
2014-06-24,454.25
2014-06-25,448.59
2014-06-26,447.0
2014-06-27,449.13
2014-06-28,449.13
2014-06-29,449.13
2014-06-30,449.01
2014-07-01,451.19
2014-07-02,452.74
2014-07-03,460.15
2014-07-04,457.92
2014-07-05,457.92
2014-07-06,457.92
2014-07-07,456.56
2014-07-08,451.68
2014-07-09,450.83
2014-07-10,444.09
2014-07-11,444.86
2014-07-12,444.86
2014-07-13,444.86
2014-07-14,451.03
2014-07-15,447.38
2014-07-16,452.62
2014-07-17,448.11
2014-07-18,449.86
2014-07-19,449.86
2014-07-20,449.86
2014-07-21,448.24
2014-07-22,452.24
2014-07-23,452.43
2014-07-24,454.54
2014-07-25,453.79
2014-07-26,453.79
2014-07-27,453.79
2014-07-28,452.56
2014-07-29,452.02
2014-07-30,451.46
2014-07-31,446.05
2014-08-01,440.12
2014-08-02,440.12
2014-08-03,440.12
2014-08-04,440.16
2014-08-05,441.8
2014-08-06,434.82
2014-08-07,431.81
2014-08-08,429.93
2014-08-09,429.93
2014-08-10,429.93
2014-08-11,438.09
2014-08-12,436.52
2014-08-13,439.4
2014-08-14,437.62
2014-08-15,437.04
2014-08-16,437.04
2014-08-17,437.04
2014-08-18,442.14
2014-08-19,444.64
2014-08-20,443.91
2014-08-21,447.16
2014-08-22,446.3
2014-08-23,446.3
2014-08-24,446.3
2014-08-25,450.0
2014-08-26,451.17
2014-08-27,451.79
2014-08-28,447.29
2014-08-29,448.31
2014-08-30,448.31
2014-08-31,448.31
2014-09-01,447.6
2014-09-02,447.89
2014-09-03,451.17
2014-09-04,451.02
2014-09-05,447.99
2014-09-06,447.99
2014-09-07,447.99
2014-09-08,448.66
2014-09-09,445.83
2014-09-10,446.15
2014-09-11,444.59
2014-09-12,446.47
2014-09-13,446.47
2014-09-14,446.47
2014-09-15,447.16
2014-09-16,447.07
2014-09-17,450.56
2014-09-18,453.02
2014-09-19,453.95
2014-09-20,453.95
2014-09-21,453.95
2014-09-22,453.06
2014-09-23,448.85
2014-09-24,449.99
2014-09-25,444.83
2014-09-26,445.85
2014-09-27,445.85
2014-09-28,445.85
2014-09-29,444.69
2014-09-30,447.54
2014-10-01,441.14
2014-10-02,432.48
2014-10-03,437.09
2014-10-04,437.09
2014-10-05,437.09
2014-10-06,435.8
2014-10-07,426.5
2014-10-08,424.25
2014-10-09,421.49
2014-10-10,415.02
2014-10-11,415.02
2014-10-12,415.02
2014-10-13,412.26
2014-10-14,416.79
2014-10-15,405.51
2014-10-16,405.6
2014-10-17,418.02
2014-10-18,418.02
2014-10-19,418.02
2014-10-20,417.33
2014-10-21,427.49
2014-10-22,431.67
2014-10-23,437.12
2014-10-24,436.11
2014-10-25,436.11
2014-10-26,436.11
2014-10-27,436.67
2014-10-28,443.64
2014-10-29,446.56
2014-10-30,448.62
2014-10-31,454.09
2014-11-01,454.09
2014-11-02,454.09
2014-11-03,450.37
2014-11-04,450.56
2014-11-05,454.67
2014-11-06,455.19
2014-11-07,454.19
2014-11-08,454.19
2014-11-09,454.19
2014-11-10,456.67
2014-11-11,458.8
2014-11-12,454.54
2014-11-13,458.23
2014-11-14,456.56
2014-11-15,456.56
2014-11-16,456.56
2014-11-17,457.32
2014-11-18,460.79
2014-11-19,459.55
2014-11-20,458.38
2014-11-21,465.3
2014-11-22,465.3
2014-11-23,465.3
2014-11-24,468.18
2014-11-25,471.48
2014-11-26,468.58
2014-11-27,470.99
2014-11-28,469.23
2014-11-29,469.23
2014-11-30,469.23
2014-12-01,466.4
2014-12-02,466.46
2014-12-03,471.31
2014-12-04,466.54
2014-12-05,474.32
2014-12-06,474.32
2014-12-07,474.32
2014-12-08,472.65
2014-12-09,467.57
2014-12-10,468.47
2014-12-11,468.34
2014-12-12,460.39
2014-12-13,460.39
2014-12-14,460.39
2014-12-15,455.55
2014-12-16,456.29
2014-12-17,454.66
2014-12-18,466.27
2014-12-19,469.63
2014-12-20,469.63
2014-12-21,469.63
2014-12-22,472.87
2014-12-23,475.54
2014-12-24,475.54
2014-12-25,475.54
2014-12-26,475.54
2014-12-27,475.54
2014-12-28,475.54
2014-12-29,477.88
2014-12-30,473.89
2014-12-31,473.89
2015-01-01,473.89
2015-01-02,474.54
2015-01-03,474.54
2015-01-04,474.54
2015-01-05,472.79
2015-01-06,472.79
2015-01-07,462.48
2015-01-08,473.61
2015-01-09,470.32
2015-01-10,470.32
2015-01-11,470.32
2015-01-12,473.51
2015-01-13,476.83
2015-01-14,467.44
2015-01-15,473.76
2015-01-16,476.46
2015-01-17,476.46
2015-01-18,476.46
2015-01-19,479.02
2015-01-20,483.49
2015-01-21,486.16
2015-01-22,492.7
2015-01-23,496.68
2015-01-24,496.68
2015-01-25,496.68
2015-01-26,502.48
2015-01-27,495.55
2015-01-28,503.7
2015-01-29,506.21
2015-01-30,507.83
2015-01-31,507.83
2015-02-01,507.83
2015-02-02,509.01
2015-02-03,513.9
2015-02-04,510.77
2015-02-05,514.09
2015-02-06,518.35
2015-02-07,518.35
2015-02-08,518.35
2015-02-09,516.16
2015-02-10,520.41
2015-02-11,518.12
2015-02-12,528.9
2015-02-13,533.88
2015-02-14,533.88
2015-02-15,533.88
2015-02-16,534.78
2015-02-17,530.04
2015-02-18,537.31
2015-02-19,539.95
2015-02-20,540.01
2015-02-21,540.01
2015-02-22,540.01
2015-02-23,544.71
2015-02-24,546.17
2015-02-25,545.15
2015-02-26,547.05
2015-02-27,548.64
2015-02-28,548.64
2015-03-01,548.64
2015-03-02,546.72
2015-03-03,538.33
2015-03-04,537.21
2015-03-05,539.68
2015-03-06,536.8
2015-03-07,536.8
2015-03-08,536.8
2015-03-09,535.53
2015-03-10,529.35
2015-03-11,535.87
2015-03-12,535.75
2015-03-13,537.55
2015-03-14,537.55
2015-03-15,537.55
2015-03-16,544.5
2015-03-17,540.26
2015-03-18,548.46
2015-03-19,550.35
2015-03-20,551.9
2015-03-21,551.9
2015-03-22,551.9
2015-03-23,548.04
2015-03-24,549.94
2015-03-25,547.78
2015-03-26,541.57
2015-03-27,538.77
2015-03-28,538.77
2015-03-29,538.77
2015-03-30,546.84
2015-03-31,542.91
2015-04-01,543.67
2015-04-02,546.0
2015-04-03,546.0
2015-04-04,546.0
2015-04-05,546.0
2015-04-06,546.0
2015-04-07,553.2
2015-04-08,550.55
2015-04-09,554.54
2015-04-10,556.17
2015-04-11,556.17
2015-04-12,556.17
2015-04-13,557.13
2015-04-14,557.86
2015-04-15,560.55
2015-04-16,554.6
2015-04-17,543.89
2015-04-18,543.89
2015-04-19,543.89
2015-04-20,550.32
2015-04-21,556.19
2015-04-22,559.01
2015-04-23,554.2
2015-04-24,557.31
2015-04-25,557.31
2015-04-26,557.31
2015-04-27,564.9
2015-04-28,552.63
2015-04-29,538.96
2015-04-30,537.58
2015-05-01,537.58
2015-05-02,537.58
2015-05-03,537.58
2015-05-04,539.77
2015-05-05,527.78
2015-05-06,522.65
2015-05-07,522.95
2015-05-08,531.81
2015-05-09,531.81
2015-05-10,531.81
2015-05-11,532.29
2015-05-12,526.15
2015-05-13,531.55
2015-05-14,531.55
2015-05-15,531.88
2015-05-16,531.88
2015-05-17,531.88
2015-05-18,533.99
2015-05-19,538.54
2015-05-20,538.92
2015-05-21,540.42
2015-05-22,541.98
2015-05-23,541.98
2015-05-24,541.98
2015-05-25,542.61
2015-05-26,538.55
2015-05-27,545.87
2015-05-28,546.34
2015-05-29,539.55
2015-05-30,539.55
2015-05-31,539.55
2015-06-01,540.75
2015-06-02,536.78
2015-06-03,537.87
2015-06-04,532.1
2015-06-05,525.73
2015-06-06,525.73
2015-06-07,525.73
2015-06-08,520.15
2015-06-09,519.27
2015-06-10,526.23
2015-06-11,525.14
2015-06-12,521.97
2015-06-13,521.97
2015-06-14,521.97
2015-06-15,511.15
2015-06-16,516.45
2015-06-17,511.63
2015-06-18,509.89
2015-06-19,509.89
2015-06-20,509.89
2015-06-21,509.89
2015-06-22,522.68
2015-06-23,527.76
2015-06-24,524.46
2015-06-25,522.13
2015-06-26,524.37
2015-06-27,524.37
2015-06-28,524.37
2015-06-29,509.64
2015-06-30,504.87
2015-07-01,515.51
2015-07-02,512.1
2015-07-03,510.2
2015-07-04,510.2
2015-07-05,510.2
2015-07-06,502.16
2015-07-07,498.33
2015-07-08,499.51
2015-07-09,509.42
2015-07-10,521.74
2015-07-11,521.74
2015-07-12,521.74
2015-07-13,530.02
2015-07-14,529.84
2015-07-15,525.37
2015-07-16,535.98
2015-07-17,535.72
2015-07-18,535.72
2015-07-19,535.72
2015-07-20,541.6
2015-07-21,537.3
2015-07-22,532.01
2015-07-23,532.11
2015-07-24,529.8
2015-07-25,529.8
2015-07-26,529.8
2015-07-27,519.17
2015-07-28,521.69
2015-07-29,524.74
2015-07-30,526.52
2015-07-31,529.8
2015-08-01,529.8
2015-08-02,529.8
2015-08-03,531.39
2015-08-04,529.67
2015-08-05,534.66
2015-08-06,533.36
2015-08-07,530.28
2015-08-08,530.28
2015-08-09,530.28
2015-08-10,538.47
2015-08-11,532.43
2015-08-12,520.23
2015-08-13,526.7
2015-08-14,525.24
2015-08-15,525.24
2015-08-16,525.24
2015-08-17,526.68
2015-08-18,524.56
2015-08-19,514.68
2015-08-20,507.49
2015-08-21,494.65
2015-08-22,494.65
2015-08-23,494.65
2015-08-24,472.17
2015-08-25,489.57
2015-08-26,483.81
2015-08-27,497.44
2015-08-28,499.26
2015-08-29,499.26
2015-08-30,499.26
2015-08-31,497.82
2015-09-01,487.37
2015-09-02,488.04
2015-09-03,498.17
2015-09-04,486.76
2015-09-05,486.76
2015-09-06,486.76
2015-09-07,489.98
2015-09-08,495.31
2015-09-09,501.44
2015-09-10,497.27
2015-09-11,495.21
2015-09-12,495.21
2015-09-13,495.21
2015-09-14,488.61
2015-09-15,488.26
2015-09-16,492.86
2015-09-17,493.77
2015-09-18,484.72
2015-09-19,484.72
2015-09-20,484.72
2015-09-21,488.05
2015-09-22,476.58
2015-09-23,476.75
2015-09-24,463.91
2015-09-25,475.29
2015-09-26,475.29
2015-09-27,475.29
2015-09-28,466.45
2015-09-29,466.99
2015-09-30,475.68
2015-10-01,472.29
2015-10-02,474.42
2015-10-03,474.42
2015-10-04,474.42
2015-10-05,488.64
2015-10-06,489.43
2015-10-07,487.54
2015-10-08,491.08
2015-10-09,496.99
2015-10-10,496.99
2015-10-11,496.99
2015-10-12,496.71
2015-10-13,490.42
2015-10-14,485.23
2015-10-15,488.72
2015-10-16,488.02
2015-10-17,488.02
2015-10-18,488.02
2015-10-19,489.9
2015-10-20,493.19
2015-10-21,490.46
2015-10-22,499.82
2015-10-23,506.97
2015-10-24,506.97
2015-10-25,506.97
2015-10-26,507.67
2015-10-27,503.91
2015-10-28,506.49
2015-10-29,506.33
2015-10-30,508.1
2015-10-31,508.1
2015-11-01,508.1
2015-11-02,510.18
2015-11-03,512.32
2015-11-04,518.88
2015-11-05,517.8
2015-11-06,519.26
2015-11-07,519.26
2015-11-08,519.26
2015-11-09,515.56
2015-11-10,511.46
2015-11-11,515.59
2015-11-12,508.94
2015-11-13,504.75
2015-11-14,504.75
2015-11-15,504.75
2015-11-16,506.67
2015-11-17,516.73
2015-11-18,517.06
2015-11-19,517.61
2015-11-20,520.25
2015-11-21,520.25
2015-11-22,520.25
2015-11-23,519.46
2015-11-24,510.78
2015-11-25,516.38
2015-11-26,520.24
2015-11-27,520.96
2015-11-28,520.96
2015-11-29,520.96
2015-11-30,526.6
2015-12-01,526.22
2015-12-02,528.37
2015-12-03,519.17
2015-12-04,514.02
2015-12-05,514.02
2015-12-06,514.02
2015-12-07,517.38
2015-12-08,505.29
2015-12-09,501.49
2015-12-10,498.89
2015-12-11,488.18
2015-12-12,488.18
2015-12-13,488.18
2015-12-14,483.56
2015-12-15,494.86
2015-12-16,495.85
2015-12-17,500.12
2015-12-18,495.47
2015-12-19,495.47
2015-12-20,495.47
2015-12-21,494.34
2015-12-22,492.81
2015-12-23,502.81
2015-12-24,502.81
2015-12-25,502.81
2015-12-26,502.81
2015-12-27,502.81
2015-12-28,499.7
2015-12-29,505.7
2015-12-30,505.13
2015-12-31,505.13
2016-01-01,505.13
2016-01-02,505.13
2016-01-03,505.13
2016-01-04,489.17
2016-01-05,486.55
2016-01-06,486.55
2016-01-07,475.51
2016-01-08,471.97
2016-01-09,471.97
2016-01-10,471.97
2016-01-11,470.83
2016-01-12,472.42
2016-01-13,474.23
2016-01-14,465.62
2016-01-15,453.37
2016-01-16,453.37
2016-01-17,453.37
2016-01-18,452.65
2016-01-19,460.9
2016-01-20,446.99
2016-01-21,453.48
2016-01-22,469.16
2016-01-23,469.16
2016-01-24,469.16
2016-01-25,467.82
2016-01-26,473.87
2016-01-27,471.05
2016-01-28,462.84
2016-01-29,469.4
2016-01-30,469.4
2016-01-31,469.4
2016-02-01,466.52
2016-02-02,459.21
2016-02-03,454.51
2016-02-04,461.55
2016-02-05,460.22
2016-02-06,460.22
2016-02-07,460.22
2016-02-08,440.45
2016-02-09,438.9
2016-02-10,447.49
2016-02-11,435.21
2016-02-12,446.88
2016-02-13,446.88
2016-02-14,446.88
2016-02-15,462.14
2016-02-16,459.8
2016-02-17,474.77
2016-02-18,474.12
2016-02-19,471.83
2016-02-20,471.83
2016-02-21,471.83
2016-02-22,481.08
2016-02-23,475.24
2016-02-24,464.28
2016-02-25,474.06
2016-02-26,477.08
2016-02-27,477.08
2016-02-28,477.08
2016-02-29,478.52
2016-03-01,484.61
2016-03-02,481.49
2016-03-03,482.06
2016-03-04,487.0
2016-03-05,487.0
2016-03-06,487.0
2016-03-07,485.08
2016-03-08,481.88
2016-03-09,484.22
2016-03-10,480.23
2016-03-11,490.21
2016-03-12,490.21
2016-03-13,490.21
2016-03-14,492.47
2016-03-15,487.46
2016-03-16,485.22
2016-03-17,484.36
2016-03-18,485.2
2016-03-19,485.2
2016-03-20,485.2
2016-03-21,482.31
2016-03-22,483.88
2016-03-23,481.45
2016-03-24,475.89
2016-03-25,475.89
2016-03-26,475.89
2016-03-27,475.89
2016-03-28,475.89
2016-03-29,476.42
2016-03-30,485.96
2016-03-31,483.41
2016-04-01,481.33
2016-04-02,481.33
2016-04-03,481.33
2016-04-04,481.71
2016-04-05,473.79
2016-04-06,478.64
2016-04-07,472.48
2016-04-08,482.6
2016-04-09,482.6
2016-04-10,482.6
2016-04-11,483.76
2016-04-12,482.92
2016-04-13,490.12
2016-04-14,487.63
2016-04-15,486.49
2016-04-16,486.49
2016-04-17,486.49
2016-04-18,486.67
2016-04-19,495.75
2016-04-20,497.89
2016-04-21,494.98
2016-04-22,490.1
2016-04-23,490.1
2016-04-24,490.1
2016-04-25,488.7
2016-04-26,489.46
2016-04-27,489.36
2016-04-28,489.44
2016-04-29,480.5
2016-04-30,480.5
2016-05-01,480.5
2016-05-02,478.5
2016-05-03,473.68
2016-05-04,469.52
2016-05-05,469.52
2016-05-06,467.71
2016-05-07,467.71
2016-05-08,467.71
2016-05-09,473.27
2016-05-10,474.02
2016-05-11,472.07
2016-05-12,468.19
2016-05-13,472.42
2016-05-14,472.42
2016-05-15,472.42
2016-05-16,475.76
2016-05-17,475.02
2016-05-18,477.13
2016-05-19,471.44
2016-05-20,478.09
2016-05-21,478.09
2016-05-22,478.09
2016-05-23,478.25
2016-05-24,482.89
2016-05-25,485.84
2016-05-26,488.49
2016-05-27,489.19
2016-05-28,489.19
2016-05-29,489.19
2016-05-30,490.11
2016-05-31,488.45
2016-06-01,484.15
2016-06-02,485.01
2016-06-03,480.68
2016-06-04,480.68
2016-06-05,480.68
2016-06-06,480.68
2016-06-07,487.3
2016-06-08,486.16
2016-06-09,481.3
2016-06-10,470.99
2016-06-11,470.99
2016-06-12,470.99
2016-06-13,462.85
2016-06-14,455.33
2016-06-15,462.8
2016-06-16,454.01
2016-06-17,460.68
2016-06-18,460.68
2016-06-19,460.68
2016-06-20,474.33
2016-06-21,476.54
2016-06-22,479.29
2016-06-23,482.41
2016-06-24,482.41
2016-06-25,482.41
2016-06-26,482.41
2016-06-27,445.0
2016-06-28,454.95
2016-06-29,465.73
2016-06-30,470.87
2016-07-01,477.09
2016-07-02,477.09
2016-07-03,477.09
2016-07-04,472.87
2016-07-05,465.77
2016-07-06,459.48
2016-07-07,465.96
2016-07-08,473.16
2016-07-09,473.16
2016-07-10,473.16
2016-07-11,481.58
2016-07-12,483.21
2016-07-13,484.49
2016-07-14,487.0
2016-07-15,488.98
2016-07-16,488.98
2016-07-17,488.98
2016-07-18,488.76
2016-07-19,490.14
2016-07-20,495.08
2016-07-21,493.1
2016-07-22,491.57
2016-07-23,491.57
2016-07-24,491.57
2016-07-25,495.02
2016-07-26,494.3
2016-07-27,496.44
2016-07-28,494.88
2016-07-29,496.47
2016-07-30,496.47
2016-07-31,496.47
2016-08-01,494.47
2016-08-02,488.02
2016-08-03,485.25
2016-08-04,490.15
2016-08-05,494.98
2016-08-06,494.98
2016-08-07,494.98
2016-08-08,496.91
2016-08-09,505.19
2016-08-10,503.58
2016-08-11,506.72
2016-08-12,505.97
2016-08-13,505.97
2016-08-14,505.97
2016-08-15,508.5
2016-08-16,503.55
2016-08-17,498.47
2016-08-18,502.57
2016-08-19,499.65
2016-08-20,499.65
2016-08-21,499.65
2016-08-22,499.21
2016-08-23,504.29
2016-08-24,506.45
2016-08-25,504.2
2016-08-26,507.22
2016-08-27,507.22
2016-08-28,507.22
2016-08-29,507.72
2016-08-30,509.74
2016-08-31,508.66
2016-09-01,508.27
2016-09-02,514.42
2016-09-03,514.42
2016-09-04,514.42
2016-09-05,516.33
2016-09-06,515.31
2016-09-07,517.75
2016-09-08,516.86
2016-09-09,512.0
2016-09-10,512.0
2016-09-11,512.0
2016-09-12,508.25
2016-09-13,506.03
2016-09-14,506.22
2016-09-15,508.89
2016-09-16,506.29
2016-09-17,506.29
2016-09-18,506.29
2016-09-19,511.47
2016-09-20,510.86
2016-09-21,511.87
2016-09-22,519.7
2016-09-23,517.12
2016-09-24,517.12
2016-09-25,517.12
2016-09-26,511.14
2016-09-27,512.28
2016-09-28,514.01
2016-09-29,516.29
2016-09-30,517.83
2016-10-01,517.83
2016-10-02,517.83
2016-10-03,519.26
2016-10-04,522.62
2016-10-05,521.13
2016-10-06,520.96
2016-10-07,518.21
2016-10-08,518.21
2016-10-09,518.21
2016-10-10,522.97
2016-10-11,519.08
2016-10-12,514.59
2016-10-13,510.5
2016-10-14,516.11
2016-10-15,516.11
2016-10-16,516.11
2016-10-17,512.79
2016-10-18,519.51
2016-10-19,519.31
2016-10-20,522.29
2016-10-21,521.81
2016-10-22,521.81
2016-10-23,521.81
2016-10-24,519.54
2016-10-25,517.32
2016-10-26,516.69
2016-10-27,516.43
2016-10-28,516.78
2016-10-29,516.78
2016-10-30,516.78
2016-10-31,511.88
2016-11-01,506.16
2016-11-02,501.32
2016-11-03,502.02
2016-11-04,496.66
2016-11-05,496.66
2016-11-06,496.66
2016-11-07,504.65
2016-11-08,506.38
2016-11-09,510.32
2016-11-10,510.88
2016-11-11,506.67
2016-11-12,506.67
2016-11-13,506.67
2016-11-14,504.44
2016-11-15,511.35
2016-11-16,509.86
2016-11-17,514.25
2016-11-18,516.84
2016-11-19,516.84
2016-11-20,516.84
2016-11-21,517.1
2016-11-22,518.84
2016-11-23,518.39
2016-11-24,519.24
2016-11-25,521.23
2016-11-26,521.23
2016-11-27,521.23
2016-11-28,516.42
2016-11-29,515.18
2016-11-30,519.1
2016-12-01,517.26
2016-12-02,514.43
2016-12-03,514.43
2016-12-04,514.43
2016-12-05,518.39
2016-12-06,520.8
2016-12-07,523.76
2016-12-08,528.66
2016-12-09,534.28
2016-12-10,534.28
2016-12-11,534.28
2016-12-12,533.82
2016-12-13,538.31
2016-12-14,535.96
2016-12-15,539.52
2016-12-16,538.93
2016-12-17,538.93
2016-12-18,538.93
2016-12-19,538.24
2016-12-20,536.61
2016-12-21,533.99
2016-12-22,532.1
2016-12-23,534.67
2016-12-24,534.67
2016-12-25,534.67
2016-12-26,534.67
2016-12-27,537.73
2016-12-28,536.19
2016-12-29,533.99
2016-12-30,534.56
2016-12-31,534.56
2017-01-01,534.56
2017-01-02,538.38
2017-01-03,539.74
2017-01-04,538.72
2017-01-05,536.2
2017-01-06,536.2
2017-01-07,536.2
2017-01-08,536.2
2017-01-09,532.81
2017-01-10,533.28
2017-01-11,533.94
2017-01-12,531.09
2017-01-13,536.65
2017-01-14,536.65
2017-01-15,536.65
2017-01-16,534.17
2017-01-17,531.91
2017-01-18,534.48
2017-01-19,534.07
2017-01-20,537.42
2017-01-21,537.42
2017-01-22,537.42
2017-01-23,531.67
2017-01-24,537.02
2017-01-25,543.49
2017-01-26,546.36
2017-01-27,542.75
2017-01-28,542.75
2017-01-29,542.75
2017-01-30,539.33
2017-01-31,541.48
2017-02-01,545.58
2017-02-02,548.06
2017-02-03,549.61
2017-02-04,549.61
2017-02-05,549.61
2017-02-06,547.15
2017-02-07,548.75
2017-02-08,549.04
2017-02-09,551.19
2017-02-10,552.68
2017-02-11,552.68
2017-02-12,552.68
2017-02-13,555.84
2017-02-14,555.95
2017-02-15,557.74
2017-02-16,558.75
2017-02-17,556.89
2017-02-18,556.89
2017-02-19,556.89
2017-02-20,559.32
2017-02-21,563.72
2017-02-22,561.6
2017-02-23,563.04
2017-02-24,556.68
2017-02-25,556.68
2017-02-26,556.68
2017-02-27,555.09
2017-02-28,557.33
2017-03-01,563.92
2017-03-02,560.45
2017-03-03,559.59
2017-03-04,559.59
2017-03-05,559.59
2017-03-06,557.92
2017-03-07,557.64
2017-03-08,557.94
2017-03-09,559.15
2017-03-10,560.21
2017-03-11,560.21
2017-03-12,560.21
2017-03-13,562.65
2017-03-14,559.94
2017-03-15,560.86
2017-03-16,562.63
2017-03-17,561.5
2017-03-18,561.5
2017-03-19,561.5
2017-03-20,561.36
2017-03-21,556.45
2017-03-22,552.97
2017-03-23,559.12
2017-03-24,557.97
2017-03-25,557.97
2017-03-26,557.97
2017-03-27,555.61
2017-03-28,557.79
2017-03-29,560.19
2017-03-30,560.62
2017-03-31,562.94
2017-04-01,562.94
2017-04-02,562.94
2017-04-03,558.53
2017-04-04,557.92
2017-04-05,556.72
2017-04-06,558.64
2017-04-07,560.81
2017-04-08,560.81
2017-04-09,560.81
2017-04-10,562.12
2017-04-11,561.25
2017-04-12,563.54
2017-04-13,563.03
2017-04-14,563.03
2017-04-15,563.03
2017-04-16,563.03
2017-04-17,563.03
2017-04-18,559.46
2017-04-19,562.24
2017-04-20,563.09
2017-04-21,564.02
2017-04-22,564.02
2017-04-23,564.02
2017-04-24,574.7
2017-04-25,578.81
2017-04-26,580.83
2017-04-27,579.88
2017-04-28,582.7
2017-04-29,582.7
2017-04-30,582.7
2017-05-01,582.7
2017-05-02,586.55
2017-05-03,585.4
2017-05-04,587.4
2017-05-05,588.72
2017-05-06,588.72
2017-05-07,588.72
2017-05-08,587.77
2017-05-09,592.8
2017-05-10,591.53
2017-05-11,589.88
2017-05-12,590.4
2017-05-13,590.4
2017-05-14,590.4
2017-05-15,591.15
2017-05-16,592.21
2017-05-17,583.71
2017-05-18,577.62
2017-05-19,582.53
2017-05-20,582.53
2017-05-21,582.53
2017-05-22,582.78
2017-05-23,586.68
2017-05-24,586.9
2017-05-25,586.9
2017-05-26,586.77
2017-05-27,586.77
2017-05-28,586.77
2017-05-29,585.1
2017-05-30,588.27
2017-05-31,588.46
2017-06-01,590.15
2017-06-02,592.96
2017-06-03,592.96
2017-06-04,592.96
2017-06-05,590.56
2017-06-06,590.56
2017-06-07,591.77
2017-06-08,591.28
2017-06-09,595.03
2017-06-10,595.03
2017-06-11,595.03
2017-06-12,588.6
2017-06-13,592.94
2017-06-14,592.65
2017-06-15,586.95
2017-06-16,591.91
2017-06-17,591.91
2017-06-18,591.91
2017-06-19,596.72
2017-06-20,594.75
2017-06-21,592.69
2017-06-22,594.26
2017-06-23,594.26
2017-06-24,594.26
2017-06-25,594.26
2017-06-26,592.89
2017-06-27,587.07
2017-06-28,586.67
2017-06-29,579.01
2017-06-30,576.91
2017-07-01,576.91
2017-07-02,576.91
2017-07-03,583.37
2017-07-04,580.85
2017-07-05,582.95
2017-07-06,579.61
2017-07-07,578.99
2017-07-08,578.99
2017-07-09,578.99
2017-07-10,581.48
2017-07-11,579.32
2017-07-12,589.0
2017-07-13,586.62
2017-07-14,588.07
2017-07-15,588.07
2017-07-16,588.07
2017-07-17,587.11
2017-07-18,577.64
2017-07-19,578.54
2017-07-20,574.89
2017-07-21,569.47
2017-07-22,569.47
2017-07-23,569.47
2017-07-24,564.5
2017-07-25,564.86
2017-07-26,568.1
2017-07-27,566.59
2017-07-28,561.69
2017-07-29,561.69
2017-07-30,561.69
2017-07-31,559.45
2017-08-01,565.76
2017-08-02,564.94
2017-08-03,564.2
2017-08-04,568.35
2017-08-05,568.35
2017-08-06,568.35
2017-08-07,569.4
2017-08-08,571.22
2017-08-09,567.42
2017-08-10,561.29
2017-08-11,554.93
2017-08-12,554.93
2017-08-13,554.93
2017-08-14,560.62
2017-08-15,556.61
2017-08-16,559.31
2017-08-17,555.6
2017-08-18,551.72
2017-08-19,551.72
2017-08-20,551.72
2017-08-21,549.24
2017-08-22,555.61
2017-08-23,554.94
2017-08-24,552.57
2017-08-25,554.29
2017-08-26,554.29
2017-08-27,554.29
2017-08-28,551.56
2017-08-29,545.83
2017-08-30,550.46
2017-08-31,554.91
2017-09-01,559.23
2017-09-02,559.23
2017-09-03,559.23
2017-09-04,556.09
2017-09-05,554.97
2017-09-06,552.77
2017-09-07,557.1
2017-09-08,557.23
2017-09-09,557.23
2017-09-10,557.23
2017-09-11,563.57
2017-09-12,566.01
2017-09-13,566.64
2017-09-14,569.27
2017-09-15,566.77
2017-09-16,566.77
2017-09-17,566.77
2017-09-18,568.34
2017-09-19,568.97
2017-09-20,569.17
2017-09-21,572.2
2017-09-22,573.73
2017-09-23,573.73
2017-09-24,573.73
2017-09-25,574.82
2017-09-26,576.03
2017-09-27,579.55
2017-09-28,580.77
2017-09-29,585.67
2017-09-30,585.67
2017-10-01,585.67
2017-10-02,587.09
2017-10-03,589.72
2017-10-04,589.75
2017-10-05,590.5
2017-10-06,587.71
2017-10-07,587.71
2017-10-08,587.71
2017-10-09,588.03
2017-10-10,586.8
2017-10-11,585.61
2017-10-12,587.08
2017-10-13,587.7
2017-10-14,587.7
2017-10-15,587.7
2017-10-16,585.9
2017-10-17,585.08
2017-10-18,587.86
2017-10-19,587.46
2017-10-20,593.32
2017-10-21,593.32
2017-10-22,593.32
2017-10-23,591.86
2017-10-24,588.38
2017-10-25,587.82
2017-10-26,591.74
2017-10-27,595.29
2017-10-28,595.29
2017-10-29,595.29
2017-10-30,593.85
2017-10-31,597.16
2017-11-01,597.6
2017-11-02,597.41
2017-11-03,600.2
2017-11-04,600.2
2017-11-05,600.2
2017-11-06,598.7
2017-11-07,595.61
2017-11-08,592.44
2017-11-09,584.84
2017-11-10,582.08
2017-11-11,582.08
2017-11-12,582.08
2017-11-13,578.93
2017-11-14,579.12
2017-11-15,577.73
2017-11-16,581.97
2017-11-17,577.36
2017-11-18,577.36
2017-11-19,577.36
2017-11-20,578.99
2017-11-21,583.44
2017-11-22,577.87
2017-11-23,576.28
2017-11-24,577.11
2017-11-25,577.11
2017-11-26,577.11
2017-11-27,574.61
2017-11-28,578.58
2017-11-29,576.22
2017-11-30,575.8
2017-12-01,570.1
2017-12-02,570.1
2017-12-03,570.1
2017-12-04,578.05
2017-12-05,577.24
2017-12-06,571.38
2017-12-07,572.85
2017-12-08,576.14
2017-12-09,576.14
2017-12-10,576.14
2017-12-11,579.27
2017-12-12,581.01
2017-12-13,579.76
2017-12-14,576.36
2017-12-15,572.36
2017-12-16,572.36
2017-12-17,572.36
2017-12-18,578.94
2017-12-19,577.39
2017-12-20,574.28
2017-12-21,578.61
2017-12-22,575.65
2017-12-23,575.65
2017-12-24,575.65
2017-12-25,575.65
2017-12-26,575.65
2017-12-27,573.3
2017-12-28,571.9
2017-12-29,568.8
2017-12-30,568.8
2017-12-31,568.8
2018-01-01,568.8
2018-01-02,569.8
2018-01-03,573.6
2018-01-04,579.36
2018-01-05,583.05
2018-01-06,583.05
2018-01-07,583.05
2018-01-08,586.53
2018-01-09,591.1
2018-01-10,589.07
2018-01-11,589.85
2018-01-12,589.59
2018-01-13,589.59
2018-01-14,589.59
2018-01-15,589.29
2018-01-16,587.66
2018-01-17,587.31
2018-01-18,587.65
2018-01-19,590.63
2018-01-20,590.63
2018-01-21,590.63
2018-01-22,592.26
2018-01-23,595.05
2018-01-24,591.32
2018-01-25,582.44
2018-01-26,585.49
2018-01-27,585.49
2018-01-28,585.49
2018-01-29,584.08
2018-01-30,580.43
2018-01-31,578.3
2018-02-01,581.12
2018-02-02,574.67
2018-02-03,574.67
2018-02-04,574.67
2018-02-05,559.76
2018-02-06,548.17
2018-02-07,563.95
2018-02-08,552.63
2018-02-09,546.24
2018-02-10,546.24
2018-02-11,546.24
2018-02-12,553.87
2018-02-13,551.55
2018-02-14,558.11
2018-02-15,560.96
2018-02-16,566.41
2018-02-17,566.41
2018-02-18,566.41
2018-02-19,564.38
2018-02-20,570.5
2018-02-21,571.63
2018-02-22,571.67
2018-02-23,572.45
2018-02-24,572.45
2018-02-25,572.45
2018-02-26,575.52
2018-02-27,575.85
2018-02-28,573.87
2018-03-01,565.3
2018-03-02,554.58
2018-03-03,554.58
2018-03-04,554.58
2018-03-05,561.69
2018-03-06,566.34
2018-03-07,567.46
2018-03-08,575.3
2018-03-09,576.61
2018-03-10,576.61
2018-03-11,576.61
2018-03-12,578.21
2018-03-13,573.95
2018-03-14,575.32
2018-03-15,577.49
2018-03-16,571.55
2018-03-17,571.55
2018-03-18,571.55
2018-03-19,563.27
2018-03-20,564.43
2018-03-21,563.81
2018-03-22,552.49
2018-03-23,551.82
2018-03-24,551.82
2018-03-25,551.82
2018-03-26,546.47
2018-03-27,552.16
2018-03-28,552.64
2018-03-29,559.67
2018-03-30,559.67
2018-03-31,559.67
2018-04-01,559.67
2018-04-02,559.67
2018-04-03,551.51
2018-04-04,546.21
2018-04-05,557.54
2018-04-06,553.7
2018-04-07,553.7
2018-04-08,553.7
2018-04-09,553.34
2018-04-10,557.94
2018-04-11,551.27
2018-04-12,557.36
2018-04-13,559.91
2018-04-14,559.91
2018-04-15,559.91
2018-04-16,560.13
2018-04-17,567.09
2018-04-18,569.69
2018-04-19,572.78
2018-04-20,576.01
2018-04-21,576.01
2018-04-22,576.01
2018-04-23,580.8
2018-04-24,576.69
2018-04-25,571.46
2018-04-26,578.31
2018-04-27,579.38
2018-04-28,579.38
2018-04-29,579.38
2018-04-30,577.45
2018-05-01,577.45
2018-05-02,582.65
2018-05-03,576.37
2018-05-04,577.89
2018-05-05,577.89
2018-05-06,577.89
2018-05-07,584.38
2018-05-08,587.91
2018-05-09,589.15
2018-05-10,589.15
2018-05-11,585.83
2018-05-12,585.83
2018-05-13,585.83
2018-05-14,584.3
2018-05-15,586.78
2018-05-16,585.88
2018-05-17,589.98
2018-05-18,591.31
2018-05-19,591.31
2018-05-20,591.31
2018-05-21,594.1
2018-05-22,593.22
2018-05-23,586.11
2018-05-24,583.46
2018-05-25,582.71
2018-05-26,582.71
2018-05-27,582.71
2018-05-28,580.9
2018-05-29,577.03
2018-05-30,574.92
2018-05-31,572.69
2018-06-01,579.07
2018-06-02,579.07
2018-06-03,579.07
2018-06-04,579.39
2018-06-05,578.06
2018-06-06,578.06
2018-06-07,577.75
2018-06-08,577.62
2018-06-09,577.62
2018-06-10,577.62
2018-06-11,581.28
2018-06-12,580.44
2018-06-13,580.05
2018-06-14,585.58
2018-06-15,579.52
2018-06-16,579.52
2018-06-17,579.52
2018-06-18,577.27
2018-06-19,577.05
2018-06-20,578.11
2018-06-21,571.51
2018-06-22,571.51
2018-06-23,571.51
2018-06-24,571.51
2018-06-25,566.94
2018-06-26,565.36
2018-06-27,568.78
2018-06-28,565.01
2018-06-29,573.97
2018-06-30,573.97
2018-07-01,573.97
2018-07-02,568.28
2018-07-03,567.53
2018-07-04,562.3
2018-07-05,564.26
2018-07-06,565.54
2018-07-07,565.54
2018-07-08,565.54
2018-07-09,571.66
2018-07-10,575.77
2018-07-11,568.7
2018-07-12,573.99
2018-07-13,576.93
2018-07-14,576.93
2018-07-15,576.93
2018-07-16,578.2
2018-07-17,578.15
2018-07-18,582.76
2018-07-19,586.37
2018-07-20,585.74
2018-07-21,585.74
2018-07-22,585.74
2018-07-23,585.65
2018-07-24,593.12
2018-07-25,590.27
2018-07-26,594.53
2018-07-27,596.65
2018-07-28,596.65
2018-07-29,596.65
2018-07-30,595.82
2018-07-31,597.47
2018-08-01,596.62
2018-08-02,592.25
2018-08-03,596.17
2018-08-04,596.17
2018-08-05,596.17
2018-08-06,595.72
2018-08-07,599.35
2018-08-08,600.76
2018-08-09,603.21
2018-08-10,598.66
2018-08-11,598.66
2018-08-12,598.66
2018-08-13,596.47
2018-08-14,594.07
2018-08-15,588.95
2018-08-16,594.55
2018-08-17,598.82
2018-08-18,598.82
2018-08-19,598.82
2018-08-20,602.05
2018-08-21,604.0
2018-08-22,606.31
2018-08-23,606.78
2018-08-24,607.6
2018-08-25,607.6
2018-08-26,607.6
2018-08-27,613.77
2018-08-28,616.66
2018-08-29,617.64
2018-08-30,616.37
2018-08-31,613.03
2018-09-01,613.03
2018-09-02,613.03
2018-09-03,613.61
2018-09-04,608.37
2018-09-05,602.64
2018-09-06,602.1
2018-09-07,597.81
2018-09-08,597.81
2018-09-09,597.81
2018-09-10,599.66
2018-09-11,599.38
2018-09-12,600.79
2018-09-13,602.01
2018-09-14,606.51
2018-09-15,606.51
2018-09-16,606.51
2018-09-17,608.59
2018-09-18,604.14
2018-09-19,605.16
2018-09-20,609.42
2018-09-21,613.35
2018-09-22,613.35
2018-09-23,613.35
2018-09-24,611.04
2018-09-25,612.27
2018-09-26,612.05
2018-09-27,616.51
2018-09-28,612.92
2018-09-29,612.92
2018-09-30,612.92
2018-10-01,614.96
2018-10-02,612.59
2018-10-03,617.46
2018-10-04,609.97
2018-10-05,602.63
2018-10-06,602.63
2018-10-07,602.63
2018-10-08,597.11
2018-10-09,598.21
2018-10-10,586.53
2018-10-11,571.53
2018-10-12,567.53
2018-10-13,567.53
2018-10-14,567.53
2018-10-15,565.5
2018-10-16,573.25
2018-10-17,572.41
2018-10-18,572.12
2018-10-19,565.96
2018-10-20,565.96
2018-10-21,565.96
2018-10-22,563.79
2018-10-23,554.12
2018-10-24,552.23
2018-10-25,551.8
2018-10-26,546.69
2018-10-27,546.69
2018-10-28,546.69
2018-10-29,554.5
2018-10-30,558.61
2018-10-31,568.43
2018-11-01,566.45
2018-11-02,574.86
2018-11-03,574.86
2018-11-04,574.86
2018-11-05,569.03
2018-11-06,568.91
2018-11-07,570.93
2018-11-08,569.68
2018-11-09,567.0
2018-11-10,567.0
2018-11-11,567.0
2018-11-12,560.4
2018-11-13,560.02
2018-11-14,555.55
2018-11-15,550.38
2018-11-16,554.36
2018-11-17,554.36
2018-11-18,554.36
2018-11-19,548.08
2018-11-20,537.82
2018-11-21,544.99
2018-11-22,541.26
2018-11-23,543.99
2018-11-24,543.99
2018-11-25,543.99
2018-11-26,551.5
2018-11-27,550.7
2018-11-28,552.53
2018-11-29,558.15
2018-11-30,558.5
2018-12-01,558.5
2018-12-02,558.5
2018-12-03,563.42
2018-12-04,556.02
2018-12-05,547.65
2018-12-06,532.24
2018-12-07,538.07
2018-12-08,538.07
2018-12-09,538.07
2018-12-10,530.68
2018-12-11,541.27
2018-12-12,552.14
2018-12-13,548.04
2018-12-14,545.09
2018-12-15,545.09
2018-12-16,545.09
2018-12-17,538.31
2018-12-18,536.28
2018-12-19,537.83
2018-12-20,527.07
2018-12-21,523.77
2018-12-22,523.77
2018-12-23,523.77
2018-12-24,523.77
2018-12-25,523.77
2018-12-26,523.77
2018-12-27,515.36
2018-12-28,525.16
2018-12-29,525.16
2018-12-30,525.16
2018-12-31,525.16
2019-01-01,525.16
2019-01-02,525.81
2019-01-03,520.59
2019-01-04,534.74
2019-01-05,534.74
2019-01-06,534.74
2019-01-07,538.18
2019-01-08,544.43
2019-01-09,549.19
2019-01-10,549.09
2019-01-11,548.31
2019-01-12,548.31
2019-01-13,548.31
2019-01-14,545.35
2019-01-15,545.64
2019-01-16,550.48
2019-01-17,552.53
2019-01-18,561.12
2019-01-19,561.12
2019-01-20,561.12
2019-01-21,559.98
2019-01-22,557.22
2019-01-23,553.85
2019-01-24,555.89
2019-01-25,559.7
2019-01-26,559.7
2019-01-27,559.7
2019-01-28,556.39
2019-01-29,561.35
2019-01-30,564.2
2019-01-31,565.26
2019-02-01,568.09
2019-02-02,568.09
2019-02-03,568.09
2019-02-04,569.9
2019-02-05,574.0
2019-02-06,576.67
2019-02-07,569.54
2019-02-08,568.63
2019-02-09,568.63
2019-02-10,568.63
2019-02-11,574.18
2019-02-12,576.57
2019-02-13,579.67
2019-02-14,580.93
2019-02-15,587.71
2019-02-16,587.71
2019-02-17,587.71
2019-02-18,588.8
2019-02-19,589.85
2019-02-20,591.48
2019-02-21,588.23
2019-02-22,593.09
2019-02-23,593.09
2019-02-24,593.09
2019-02-25,591.49
2019-02-26,592.08
2019-02-27,589.34
2019-02-28,587.32
2019-03-01,589.42
2019-03-02,589.42
2019-03-03,589.42
2019-03-04,593.2
2019-03-05,593.7
2019-03-06,588.76
2019-03-07,582.62
2019-03-08,581.55
2019-03-09,581.55
2019-03-10,581.55
2019-03-11,586.13
2019-03-12,585.99
2019-03-13,588.12
2019-03-14,593.4
2019-03-15,595.93
2019-03-16,595.93
2019-03-17,595.93
2019-03-18,598.4
2019-03-19,602.53
2019-03-20,599.59
2019-03-21,598.37
2019-03-22,588.86
2019-03-23,588.86
2019-03-24,588.86
2019-03-25,586.88
2019-03-26,588.17
2019-03-27,586.75
2019-03-28,586.5
2019-03-29,586.63
2019-03-30,586.63
2019-03-31,586.63
2019-04-01,596.31
2019-04-02,600.42
2019-04-03,609.69
2019-04-04,605.76
2019-04-05,607.58
2019-04-06,607.58
2019-04-07,607.58
2019-04-08,607.78
2019-04-09,604.3
2019-04-10,608.34
2019-04-11,608.04
2019-04-12,612.18
2019-04-13,612.18
2019-04-14,612.18
2019-04-15,612.13
2019-04-16,614.11
2019-04-17,616.9
2019-04-18,619.71
2019-04-19,619.71
2019-04-20,619.71
2019-04-21,619.71
2019-04-22,619.71
2019-04-23,621.06
2019-04-24,623.01
2019-04-25,626.43
2019-04-26,626.37
2019-04-27,626.37
2019-04-28,626.37
2019-04-29,627.37
2019-04-30,622.11
2019-05-01,622.11
2019-05-02,618.52
2019-05-03,620.9
2019-05-04,620.9
2019-05-05,620.9
2019-05-06,613.06
2019-05-07,603.64
2019-05-08,606.23
2019-05-09,596.75
2019-05-10,600.06
2019-05-11,600.06
2019-05-12,600.06
2019-05-13,590.73
2019-05-14,597.97
2019-05-15,599.65
2019-05-16,608.17
2019-05-17,605.37
2019-05-18,605.37
2019-05-19,605.37
2019-05-20,598.97
2019-05-21,604.2
2019-05-22,602.59
2019-05-23,591.0
2019-05-24,593.94
2019-05-25,593.94
2019-05-26,593.94
2019-05-27,593.06
2019-05-28,592.81
2019-05-29,584.61
2019-05-30,584.61
2019-05-31,575.54
2019-06-01,575.54
2019-06-02,575.54
2019-06-03,577.59
2019-06-04,585.84
2019-06-05,587.62
2019-06-06,587.62
2019-06-07,595.98
2019-06-08,595.98
2019-06-09,595.98
2019-06-10,599.86
2019-06-11,605.56
2019-06-12,606.1
2019-06-13,608.75
2019-06-14,605.75
2019-06-15,605.75
2019-06-16,605.75
2019-06-17,605.06
2019-06-18,613.44
2019-06-19,613.34
2019-06-20,617.34
2019-06-21,617.34
2019-06-22,617.34
2019-06-23,617.34
2019-06-24,611.52
2019-06-25,611.24
2019-06-26,609.18
2019-06-27,611.35
2019-06-28,613.72
2019-06-29,613.72
2019-06-30,613.72
2019-07-01,620.82
2019-07-02,622.62
2019-07-03,624.91
2019-07-04,626.53
2019-07-05,620.68
2019-07-06,620.68
2019-07-07,620.68
2019-07-08,624.13
2019-07-09,620.77
2019-07-10,619.07
2019-07-11,616.59
2019-07-12,620.61
2019-07-13,620.61
2019-07-14,620.61
2019-07-15,623.6
2019-07-16,621.07
2019-07-17,613.38
2019-07-18,607.85
2019-07-19,615.8
2019-07-20,615.8
2019-07-21,615.8
2019-07-22,616.01
2019-07-23,622.77
2019-07-24,619.32
2019-07-25,616.94
2019-07-26,617.98
2019-07-27,617.98
2019-07-28,617.98
2019-07-29,618.8
2019-07-30,614.72
2019-07-31,615.13
2019-08-01,619.54
2019-08-02,606.02
2019-08-03,606.02
2019-08-04,606.02
2019-08-05,592.21
2019-08-06,588.69
2019-08-07,590.23
2019-08-08,598.37
2019-08-09,592.05
2019-08-10,592.05
2019-08-11,592.05
2019-08-12,591.69
2019-08-13,593.21
2019-08-14,580.05
2019-08-15,578.52
2019-08-16,585.76
2019-08-17,585.76
2019-08-18,585.76
2019-08-19,593.54
2019-08-20,593.03
2019-08-21,597.35
2019-08-22,593.79
2019-08-23,589.01
2019-08-24,589.01
2019-08-25,589.01
2019-08-26,587.37
2019-08-27,590.84
2019-08-28,590.02
2019-08-29,599.33
2019-08-30,606.59
2019-08-31,606.59
2019-09-01,606.59
2019-09-02,605.11
2019-09-03,604.2
2019-09-04,608.89
2019-09-05,610.41
2019-09-06,612.51
2019-09-07,612.51
2019-09-08,612.51
2019-09-09,612.83
2019-09-10,614.95
2019-09-11,619.96
2019-09-12,624.23
2019-09-13,628.57
2019-09-14,628.57
2019-09-15,628.57
2019-09-16,625.13
2019-09-17,623.96
2019-09-18,627.73
2019-09-19,630.41
2019-09-20,629.9
2019-09-21,629.9
2019-09-22,629.9
2019-09-23,619.99
2019-09-24,619.31
2019-09-25,613.69
2019-09-26,618.03
2019-09-27,622.69
2019-09-28,622.69
2019-09-29,622.69
2019-09-30,624.14
2019-10-01,620.25
2019-10-02,604.77
2019-10-03,602.23
2019-10-04,605.12
2019-10-05,605.12
2019-10-06,605.12
2019-10-07,612.5
2019-10-08,608.83
2019-10-09,613.95
2019-10-10,616.3
2019-10-11,623.83
2019-10-12,623.83
2019-10-13,623.83
2019-10-14,624.26
2019-10-15,630.34
2019-10-16,630.83
2019-10-17,633.43
2019-10-18,636.57
2019-10-19,636.57
2019-10-20,636.57
2019-10-21,642.16
2019-10-22,642.92
2019-10-23,643.32
2019-10-24,647.02
2019-10-25,650.98
2019-10-26,650.98
2019-10-27,650.98
2019-10-28,654.23
2019-10-29,649.53
2019-10-30,652.2
2019-10-31,647.49
2019-11-01,649.27
2019-11-02,649.27
2019-11-03,649.27
2019-11-04,659.93
2019-11-05,658.97
2019-11-06,658.21
2019-11-07,658.87
2019-11-08,662.09
2019-11-09,662.09
2019-11-10,662.09
2019-11-11,660.75
2019-11-12,664.42
2019-11-13,661.63
2019-11-14,659.6
2019-11-15,659.84
2019-11-16,659.84
2019-11-17,659.84
2019-11-18,656.73
2019-11-19,656.88
2019-11-20,654.43
2019-11-21,650.61
2019-11-22,651.98
2019-11-23,651.98
2019-11-24,651.98
2019-11-25,658.5
2019-11-26,660.52
2019-11-27,659.03
2019-11-28,657.66
2019-11-29,657.41
2019-11-30,657.41
2019-12-01,657.41
2019-12-02,650.83
2019-12-03,646.86
2019-12-04,656.69
2019-12-05,656.94
2019-12-06,663.79
2019-12-07,663.79
2019-12-08,663.79
2019-12-09,663.2
2019-12-10,661.27
2019-12-11,663.22
2019-12-12,667.55
2019-12-13,671.48
2019-12-14,671.48
2019-12-15,671.48
2019-12-16,677.28
2019-12-17,679.53
2019-12-18,678.79
2019-12-19,679.35
2019-12-20,685.06
2019-12-21,685.06
2019-12-22,685.06
2019-12-23,686.39
2019-12-24,686.39
2019-12-25,686.39
2019-12-26,686.39
2019-12-27,688.74
2019-12-28,688.74
2019-12-29,688.74
2019-12-30,680.81
2019-12-31,680.81
2020-01-01,680.81
2020-01-02,693.56
2020-01-03,686.6
2020-01-04,686.6
2020-01-05,686.6
2020-01-06,686.6
2020-01-07,689.23
2020-01-08,688.86
2020-01-09,691.76
2020-01-10,689.72
2020-01-11,689.72
2020-01-12,689.72
2020-01-13,692.0
2020-01-14,692.19
2020-01-15,690.37
2020-01-16,699.67
2020-01-17,704.96
2020-01-18,704.96
2020-01-19,704.96
2020-01-20,705.08
2020-01-21,704.42
2020-01-22,701.05
2020-01-23,693.2
2020-01-24,700.45
2020-01-25,700.45
2020-01-26,700.45
2020-01-27,685.48
2020-01-28,690.29
2020-01-29,693.57
2020-01-30,690.67
2020-01-31,689.06
2020-02-01,689.06
2020-02-02,689.06
2020-02-03,688.72
2020-02-04,703.46
2020-02-05,712.27
2020-02-06,711.14
2020-02-07,708.6
2020-02-08,708.6
2020-02-09,708.6
2020-02-10,711.51
2020-02-11,721.81
2020-02-12,724.66
2020-02-13,725.35
2020-02-14,727.74
2020-02-15,727.74
2020-02-16,727.74
2020-02-17,729.45
2020-02-18,724.08
2020-02-19,732.67
