"Date","Price","Open","High","Low","Change %"
"Feb 19, 2020","0.1022","0.1022","0.1024","0.1019","0.00%"
"Feb 18, 2020","0.1022","0.1032","0.1032","0.1022","-0.97%"
"Feb 17, 2020","0.1032","0.1029","0.1032","0.1028","0.39%"
"Feb 14, 2020","0.1028","0.1034","0.1034","0.1028","-0.58%"
"Feb 13, 2020","0.1034","0.1038","0.1039","0.1032","-0.39%"
"Feb 12, 2020","0.1038","0.1038","0.1041","0.1037","0.10%"
"Feb 11, 2020","0.1037","0.1035","0.1039","0.1033","0.19%"
"Feb 10, 2020","0.1035","0.1035","0.1038","0.1032","0.00%"
"Feb 07, 2020","0.1035","0.1039","0.1041","0.1035","-0.38%"
"Feb 06, 2020","0.1039","0.1043","0.1044","0.1037","-0.38%"
"Feb 05, 2020","0.1043","0.1043","0.1047","0.1041","0.00%"
"Feb 04, 2020","0.1043","0.1036","0.1043","0.1036","0.68%"
"Feb 03, 2020","0.1036","0.1039","0.1040","0.1034","-0.29%"
"Jan 31, 2020","0.1039","0.1038","0.1040","0.1032","0.10%"
"Jan 30, 2020","0.1038","0.1039","0.1040","0.1035","-0.10%"
"Jan 29, 2020","0.1039","0.1041","0.1042","0.1037","-0.10%"
"Jan 28, 2020","0.1040","0.1039","0.1041","0.1037","0.10%"
"Jan 27, 2020","0.1039","0.1045","0.1047","0.1037","-0.57%"
"Jan 24, 2020","0.1045","0.1049","0.1050","0.1044","-0.38%"
"Jan 23, 2020","0.1049","0.1052","0.1054","0.1046","-0.38%"
"Jan 22, 2020","0.1053","0.1050","0.1053","0.1049","0.38%"
"Jan 21, 2020","0.1049","0.1050","0.1054","0.1048","-0.10%"
"Jan 20, 2020","0.1050","0.1051","0.1053","0.1049","0.00%"
"Jan 17, 2020","0.1050","0.1054","0.1055","0.1050","-0.38%"
"Jan 16, 2020","0.1054","0.1057","0.1058","0.1053","-0.28%"
"Jan 15, 2020","0.1057","0.1057","0.1059","0.1054","0.00%"
"Jan 14, 2020","0.1057","0.1057","0.1058","0.1055","0.09%"
"Jan 13, 2020","0.1056","0.1053","0.1058","0.1049","0.38%"
"Jan 10, 2020","0.1052","0.1054","0.1055","0.1050","-0.19%"
"Jan 09, 2020","0.1054","0.1057","0.1059","0.1053","-0.28%"
"Jan 08, 2020","0.1057","0.1058","0.1061","0.1054","0.00%"
"Jan 07, 2020","0.1057","0.1064","0.1065","0.1055","-0.66%"
"Jan 06, 2020","0.1064","0.1065","0.1065","0.1059","0.00%"
"Jan 03, 2020","0.1064","0.1068","0.1069","0.1057","-0.37%"
"Jan 02, 2020","0.1068","0.1068","0.1073","0.1067","0.00%"
"Jan 01, 2020","0.1068","0.1067","0.1068","0.1067","0.00%"
"Dec 31, 2019","0.1068","0.1070","0.1076","0.1067","-0.09%"
"Dec 30, 2019","0.1069","0.1072","0.1075","0.1069","-0.28%"
"Dec 27, 2019","0.1072","0.1062","0.1073","0.1062","0.94%"
"Dec 26, 2019","0.1062","0.1063","0.1064","0.1059","-0.28%"
"Dec 25, 2019","0.1065","0.1062","0.1067","0.1061","0.28%"
"Dec 24, 2019","0.1062","0.1060","0.1063","0.1059","0.19%"
"Dec 23, 2019","0.1060","0.1063","0.1064","0.1059","-0.28%"
"Dec 20, 2019","0.1063","0.1063","0.1065","0.1061","0.00%"
"Dec 19, 2019","0.1063","0.1061","0.1066","0.1059","0.19%"
"Dec 18, 2019","0.1061","0.1066","0.1067","0.1060","-0.47%"
"Dec 17, 2019","0.1066","0.1068","0.1069","0.1063","-0.19%"
"Dec 16, 2019","0.1068","0.1065","0.1071","0.1064","0.38%"
"Dec 13, 2019","0.1064","0.1064","0.1072","0.1062","-0.09%"
"Dec 12, 2019","0.1065","0.1064","0.1067","0.1062","0.00%"
"Dec 11, 2019","0.1065","0.1053","0.1066","0.1053","1.14%"
"Dec 10, 2019","0.1053","0.1049","0.1054","0.1047","0.38%"
"Dec 09, 2019","0.1049","0.1053","0.1054","0.1048","-0.38%"
"Dec 06, 2019","0.1053","0.1054","0.1057","0.1050","0.00%"
"Dec 05, 2019","0.1053","0.1051","0.1055","0.1050","0.19%"
"Dec 04, 2019","0.1051","0.1049","0.1054","0.1046","0.19%"
"Dec 03, 2019","0.1049","0.1048","0.1054","0.1047","0.10%"
"Dec 02, 2019","0.1048","0.1044","0.1050","0.1043","0.29%"
"Nov 29, 2019","0.1045","0.1046","0.1049","0.1044","-0.10%"
"Nov 28, 2019","0.1046","0.1044","0.1047","0.1042","0.19%"
"Nov 27, 2019","0.1044","0.1043","0.1045","0.1041","0.10%"
"Nov 26, 2019","0.1043","0.1038","0.1044","0.1037","0.58%"
"Nov 25, 2019","0.1037","0.1039","0.1045","0.1036","-0.19%"
"Nov 22, 2019","0.1039","0.1038","0.1043","0.1037","0.00%"
"Nov 21, 2019","0.1039","0.1038","0.1041","0.1036","0.10%"
"Nov 20, 2019","0.1038","0.1038","0.1040","0.1028","0.00%"
"Nov 19, 2019","0.1038","0.1038","0.1041","0.1036","0.00%"
"Nov 18, 2019","0.1038","0.1037","0.1041","0.1036","0.10%"
"Nov 15, 2019","0.1037","0.1033","0.1039","0.1032","0.39%"
"Nov 14, 2019","0.1033","0.1028","0.1033","0.1025","0.49%"
"Nov 13, 2019","0.1028","0.1028","0.1030","0.1024","-0.10%"
"Nov 12, 2019","0.1029","0.1031","0.1032","0.1028","-0.19%"
"Nov 11, 2019","0.1031","0.1031","0.1032","0.1028","0.00%"
"Nov 08, 2019","0.1031","0.1038","0.1039","0.1029","-0.67%"
"Nov 07, 2019","0.1038","0.1039","0.1044","0.1037","-0.10%"
"Nov 06, 2019","0.1039","0.1036","0.1042","0.1035","0.39%"
"Nov 05, 2019","0.1035","0.1039","0.1044","0.1033","-0.38%"
"Nov 04, 2019","0.1039","0.1046","0.1049","0.1038","-0.57%"
"Nov 01, 2019","0.1045","0.1036","0.1047","0.1036","0.87%"
"Oct 31, 2019","0.1036","0.1036","0.1040","0.1034","0.00%"
"Oct 30, 2019","0.1036","0.1031","0.1036","0.1026","0.48%"
"Oct 29, 2019","0.1031","0.1031","0.1032","0.1025","0.10%"
"Oct 28, 2019","0.1030","0.1032","0.1035","0.1030","-0.29%"
"Oct 25, 2019","0.1033","0.1036","0.1037","0.1031","-0.19%"
"Oct 24, 2019","0.1035","0.1037","0.1046","0.1035","-0.19%"
"Oct 23, 2019","0.1037","0.1036","0.1039","0.1033","0.10%"
"Oct 22, 2019","0.1036","0.1037","0.1040","0.1035","-0.10%"
"Oct 21, 2019","0.1037","0.1033","0.1042","0.1033","0.00%"
"Oct 18, 2019","0.1037","0.1029","0.1037","0.1029","0.78%"
"Oct 17, 2019","0.1029","0.1023","0.1032","0.1018","0.59%"
"Oct 16, 2019","0.1023","0.1019","0.1024","0.1017","0.39%"
"Oct 15, 2019","0.1019","0.1019","0.1023","0.1015","0.10%"
"Oct 14, 2019","0.1018","0.1020","0.1020","0.1014","-0.20%"
"Oct 11, 2019","0.1020","0.1016","0.1022","0.1015","0.39%"
"Oct 10, 2019","0.1016","0.1004","0.1019","0.1004","1.20%"
"Oct 09, 2019","0.1004","0.1006","0.1008","0.1003","-0.10%"
"Oct 08, 2019","0.1005","0.1009","0.1013","0.1005","-0.30%"
"Oct 07, 2019","0.1008","0.1016","0.1017","0.1008","-0.79%"
"Oct 04, 2019","0.1016","0.1014","0.1017","0.1013","0.30%"
"Oct 03, 2019","0.1013","0.1013","0.1017","0.1009","0.00%"
"Oct 02, 2019","0.1013","0.1012","0.1015","0.1008","0.10%"
"Oct 01, 2019","0.1012","0.1016","0.1016","0.1007","-0.39%"
"Sep 30, 2019","0.1016","0.1021","0.1022","0.1015","-0.49%"
"Sep 27, 2019","0.1021","0.1024","0.1025","0.1019","-0.29%"
"Sep 26, 2019","0.1024","0.1025","0.1028","0.1023","-0.10%"
"Sep 25, 2019","0.1025","0.1035","0.1035","0.1025","-0.87%"
"Sep 24, 2019","0.1034","0.1030","0.1036","0.1026","0.39%"
"Sep 23, 2019","0.1030","0.1030","0.1032","0.1023","-0.10%"
"Sep 20, 2019","0.1031","0.1032","0.1035","0.1027","-0.10%"
"Sep 19, 2019","0.1032","0.1028","0.1034","0.1027","0.49%"
"Sep 18, 2019","0.1027","0.1034","0.1035","0.1026","-0.68%"
"Sep 17, 2019","0.1034","0.1036","0.1036","0.1028","-0.10%"
"Sep 16, 2019","0.1035","0.1040","0.1042","0.1032","-0.58%"
"Sep 13, 2019","0.1041","0.1039","0.1044","0.1038","0.19%"
"Sep 12, 2019","0.1039","0.1034","0.1041","0.1028","0.48%"
"Sep 11, 2019","0.1034","0.1032","0.1035","0.1030","0.19%"
"Sep 10, 2019","0.1032","0.1035","0.1036","0.1025","-0.29%"
"Sep 09, 2019","0.1035","0.1037","0.1038","0.1034","-0.19%"
"Sep 06, 2019","0.1037","0.1032","0.1042","0.1032","0.48%"
"Sep 05, 2019","0.1032","0.1028","0.1036","0.1026","0.49%"
"Sep 04, 2019","0.1027","0.1018","0.1028","0.1018","0.88%"
"Sep 03, 2019","0.1018","0.1018","0.1019","0.1011","0.10%"
"Sep 02, 2019","0.1017","0.1016","0.1021","0.1016","-0.10%"
"Aug 30, 2019","0.1018","0.1023","0.1023","0.1016","-0.49%"
"Aug 29, 2019","0.1023","0.1028","0.1029","0.1022","-0.49%"
"Aug 28, 2019","0.1028","0.1034","0.1035","0.1028","-0.58%"
"Aug 27, 2019","0.1034","0.1034","0.1039","0.1032","0.10%"
"Aug 26, 2019","0.1033","0.1040","0.1040","0.1033","-0.77%"
"Aug 23, 2019","0.1041","0.1033","0.1041","0.1031","0.77%"
"Aug 22, 2019","0.1033","0.1039","0.1042","0.1032","-0.58%"
"Aug 21, 2019","0.1039","0.1032","0.1041","0.1032","0.68%"
"Aug 20, 2019","0.1032","0.1032","0.1033","0.1027","0.00%"
"Aug 19, 2019","0.1032","0.1036","0.1037","0.1032","-0.29%"
"Aug 16, 2019","0.1035","0.1037","0.1038","0.1032","-0.19%"
"Aug 15, 2019","0.1037","0.1038","0.1042","0.1036","-0.10%"
"Aug 14, 2019","0.1038","0.1048","0.1050","0.1037","-0.95%"
"Aug 13, 2019","0.1048","0.1046","0.1050","0.1043","0.19%"
"Aug 12, 2019","0.1046","0.1048","0.1049","0.1041","-0.10%"
"Aug 09, 2019","0.1047","0.1042","0.1050","0.1041","0.48%"
"Aug 08, 2019","0.1042","0.1040","0.1045","0.1037","0.48%"
"Aug 07, 2019","0.1037","0.1044","0.1046","0.1037","-0.58%"
"Aug 06, 2019","0.1043","0.1041","0.1045","0.1041","0.19%"
"Aug 05, 2019","0.1041","0.1037","0.1042","0.1036","0.29%"
"Aug 02, 2019","0.1038","0.1036","0.1038","0.1034","0.29%"
"Aug 01, 2019","0.1035","0.1036","0.1038","0.1031","-0.10%"
"Jul 31, 2019","0.1036","0.1045","0.1047","0.1033","-0.86%"
"Jul 30, 2019","0.1045","0.1054","0.1055","0.1045","-0.76%"
"Jul 29, 2019","0.1053","0.1052","0.1055","0.1050","0.10%"
"Jul 26, 2019","0.1052","0.1058","0.1059","0.1051","-0.57%"
"Jul 25, 2019","0.1058","0.1060","0.1062","0.1057","-0.28%"
"Jul 24, 2019","0.1061","0.1056","0.1062","0.1054","0.47%"
"Jul 23, 2019","0.1056","0.1062","0.1063","0.1055","-0.56%"
"Jul 22, 2019","0.1062","0.1066","0.1067","0.1062","-0.28%"
"Jul 19, 2019","0.1065","0.1075","0.1075","0.1064","-0.84%"
"Jul 18, 2019","0.1074","0.1067","0.1075","0.1067","0.66%"
"Jul 17, 2019","0.1067","0.1064","0.1069","0.1063","0.19%"
"Jul 16, 2019","0.1065","0.1069","0.1070","0.1063","-0.37%"
"Jul 15, 2019","0.1069","0.1067","0.1069","0.1066","0.28%"
"Jul 12, 2019","0.1066","0.1066","0.1068","0.1064","0.00%"
"Jul 11, 2019","0.1066","0.1061","0.1067","0.1061","0.47%"
"Jul 10, 2019","0.1061","0.1055","0.1063","0.1054","0.57%"
"Jul 09, 2019","0.1055","0.1057","0.1058","0.1053","-0.19%"
"Jul 08, 2019","0.1057","0.1059","0.1062","0.1056","-0.19%"
"Jul 05, 2019","0.1059","0.1072","0.1073","0.1057","-1.21%"
"Jul 04, 2019","0.1072","0.1074","0.1076","0.1071","-0.19%"
"Jul 03, 2019","0.1074","0.1072","0.1077","0.1068","0.28%"
"Jul 02, 2019","0.1071","0.1068","0.1073","0.1067","0.28%"
"Jul 01, 2019","0.1068","0.1077","0.1078","0.1067","-0.84%"
"Jun 28, 2019","0.1077","0.1078","0.1081","0.1075","-0.09%"
"Jun 27, 2019","0.1078","0.1080","0.1081","0.1076","-0.09%"
"Jun 26, 2019","0.1079","0.1078","0.1081","0.1075","0.19%"
"Jun 25, 2019","0.1077","0.1077","0.1082","0.1076","0.00%"
"Jun 24, 2019","0.1077","0.1069","0.1079","0.1069","0.75%"
"Jun 21, 2019","0.1069","0.1062","0.1071","0.1060","0.56%"
"Jun 20, 2019","0.1063","0.1054","0.1065","0.1053","0.85%"
"Jun 19, 2019","0.1054","0.1049","0.1055","0.1046","0.57%"
"Jun 18, 2019","0.1048","0.1055","0.1058","0.1048","-0.57%"
"Jun 17, 2019","0.1054","0.1054","0.1057","0.1052","0.00%"
"Jun 14, 2019","0.1054","0.1054","0.1062","0.1053","0.00%"
"Jun 13, 2019","0.1054","0.1055","0.1057","0.1053","-0.09%"
"Jun 12, 2019","0.1055","0.1058","0.1062","0.1055","-0.28%"
"Jun 11, 2019","0.1058","0.1062","0.1063","0.1058","-0.38%"
"Jun 10, 2019","0.1062","0.1063","0.1064","0.1059","-0.19%"
"Jun 07, 2019","0.1064","0.1062","0.1067","0.1056","0.28%"
"Jun 06, 2019","0.1061","0.1059","0.1064","0.1058","0.28%"
"Jun 05, 2019","0.1058","0.1059","0.1064","0.1058","-0.19%"
"Jun 04, 2019","0.1060","0.1059","0.1062","0.1056","0.09%"
"Jun 03, 2019","0.1059","0.1054","0.1060","0.1051","0.57%"
"May 31, 2019","0.1053","0.1049","0.1055","0.1045","0.48%"
"May 30, 2019","0.1048","0.1046","0.1050","0.1045","0.10%"
"May 29, 2019","0.1047","0.1042","0.1047","0.1040","0.48%"
"May 28, 2019","0.1042","0.1044","0.1049","0.1042","-0.19%"
"May 27, 2019","0.1044","0.1047","0.1049","0.1042","-0.38%"
"May 24, 2019","0.1048","0.1040","0.1049","0.1038","0.77%"
"May 23, 2019","0.1040","0.1038","0.1041","0.1033","0.29%"
"May 22, 2019","0.1037","0.1036","0.1040","0.1035","0.10%"
"May 21, 2019","0.1036","0.1035","0.1037","0.1032","0.10%"
"May 20, 2019","0.1035","0.1036","0.1038","0.1034","-0.19%"
"May 17, 2019","0.1037","0.1037","0.1040","0.1036","0.00%"
"May 16, 2019","0.1037","0.1041","0.1044","0.1037","-0.38%"
"May 15, 2019","0.1041","0.1041","0.1045","0.1037","0.00%"
"May 14, 2019","0.1041","0.1037","0.1044","0.1037","0.39%"
"May 13, 2019","0.1037","0.1039","0.1041","0.1035","-0.29%"
"May 10, 2019","0.1040","0.1036","0.1041","0.1035","0.39%"
"May 09, 2019","0.1036","0.1040","0.1041","0.1035","-0.29%"
"May 08, 2019","0.1039","0.1042","0.1046","0.1040","-0.29%"
"May 07, 2019","0.1042","0.1046","0.1048","0.1040","-0.38%"
"May 06, 2019","0.1046","0.1045","0.1047","0.1041","-0.19%"
"May 03, 2019","0.1048","0.1044","0.1049","0.1040","0.38%"
"May 02, 2019","0.1044","0.1048","0.1051","0.1044","-0.38%"
"May 01, 2019","0.1048","0.1054","0.1056","0.1047","-0.47%"
"Apr 30, 2019","0.1053","0.1051","0.1056","0.1050","0.19%"
"Apr 29, 2019","0.1051","0.1053","0.1053","0.1050","0.00%"
"Apr 26, 2019","0.1051","0.1048","0.1056","0.1047","0.29%"
"Apr 25, 2019","0.1048","0.1060","0.1063","0.1044","-1.13%"
"Apr 24, 2019","0.1060","0.1069","0.1070","0.1059","-0.84%"
"Apr 23, 2019","0.1069","0.1075","0.1076","0.1064","-0.47%"
"Apr 22, 2019","0.1074","0.1074","0.1076","0.1073","-0.09%"
"Apr 19, 2019","0.1075","0.1074","0.1076","0.1073","0.09%"
"Apr 18, 2019","0.1074","0.1081","0.1082","0.1071","-0.65%"
"Apr 17, 2019","0.1081","0.1080","0.1085","0.1079","0.09%"
"Apr 16, 2019","0.1080","0.1079","0.1082","0.1077","0.09%"
"Apr 15, 2019","0.1079","0.1078","0.1082","0.1078","0.00%"
"Apr 12, 2019","0.1079","0.1076","0.1082","0.1076","0.28%"
"Apr 11, 2019","0.1076","0.1080","0.1084","0.1076","-0.28%"
"Apr 10, 2019","0.1079","0.1080","0.1083","0.1076","-0.09%"
"Apr 09, 2019","0.1080","0.1080","0.1084","0.1079","0.00%"
"Apr 08, 2019","0.1080","0.1076","0.1083","0.1075","0.47%"
"Apr 05, 2019","0.1075","0.1077","0.1080","0.1075","-0.19%"
"Apr 04, 2019","0.1077","0.1079","0.1081","0.1076","-0.19%"
"Apr 03, 2019","0.1079","0.1072","0.1081","0.1072","0.65%"
"Apr 02, 2019","0.1072","0.1077","0.1077","0.1070","-0.46%"
"Apr 01, 2019","0.1077","0.1076","0.1083","0.1076","0.09%"
"Mar 29, 2019","0.1076","0.1076","0.1082","0.1075","0.00%"
"Mar 28, 2019","0.1076","0.1078","0.1080","0.1069","-0.09%"
"Mar 27, 2019","0.1077","0.1082","0.1084","0.1077","-0.46%"
"Mar 26, 2019","0.1082","0.1082","0.1085","0.1081","0.00%"
"Mar 25, 2019","0.1082","0.1077","0.1085","0.1076","0.46%"
"Mar 22, 2019","0.1077","0.1090","0.1093","0.1074","-1.19%"
"Mar 21, 2019","0.1090","0.1094","0.1097","0.1087","-0.37%"
"Mar 20, 2019","0.1094","0.1086","0.1099","0.1085","0.74%"
"Mar 19, 2019","0.1086","0.1083","0.1088","0.1082","0.18%"
"Mar 18, 2019","0.1084","0.1082","0.1086","0.1080","0.09%"
"Mar 15, 2019","0.1083","0.1075","0.1084","0.1074","0.74%"
"Mar 14, 2019","0.1075","0.1076","0.1078","0.1070","-0.09%"
"Mar 13, 2019","0.1076","0.1069","0.1079","0.1066","0.75%"
"Mar 12, 2019","0.1068","0.1065","0.1070","0.1062","0.19%"
"Mar 11, 2019","0.1066","0.1061","0.1066","0.1060","0.47%"
"Mar 08, 2019","0.1061","0.1057","0.1061","0.1052","0.38%"
"Mar 07, 2019","0.1057","0.1076","0.1077","0.1056","-1.67%"
"Mar 06, 2019","0.1075","0.1074","0.1078","0.1070","0.09%"
"Mar 05, 2019","0.1074","0.1071","0.1075","0.1066","0.28%"
"Mar 04, 2019","0.1071","0.1081","0.1081","0.1069","-0.74%"
"Mar 01, 2019","0.1079","0.1084","0.1085","0.1077","-0.37%"
"Feb 28, 2019","0.1083","0.1078","0.1091","0.1078","0.37%"
"Feb 27, 2019","0.1079","0.1077","0.1082","0.1076","0.19%"
"Feb 26, 2019","0.1077","0.1074","0.1078","0.1071","0.19%"
"Feb 25, 2019","0.1075","0.1071","0.1076","0.1071","0.47%"
"Feb 22, 2019","0.1070","0.1068","0.1072","0.1067","0.28%"
"Feb 21, 2019","0.1067","0.1073","0.1075","0.1066","-0.56%"
"Feb 20, 2019","0.1073","0.1074","0.1076","0.1071","-0.09%"
"Feb 19, 2019","0.1074","0.1080","0.1081","0.1062","-0.56%"
"Feb 18, 2019","0.1080","0.1077","0.1084","0.1077","0.09%"
"Feb 15, 2019","0.1079","0.1076","0.1080","0.1071","0.28%"
"Feb 14, 2019","0.1076","0.1079","0.1082","0.1072","-0.28%"
"Feb 13, 2019","0.1079","0.1080","0.1090","0.1077","-0.09%"
"Feb 12, 2019","0.1080","0.1074","0.1081","0.1074","0.47%"
"Feb 11, 2019","0.1075","0.1079","0.1080","0.1075","-0.28%"
"Feb 08, 2019","0.1078","0.1079","0.1082","0.1077","-0.19%"
"Feb 07, 2019","0.1080","0.1086","0.1087","0.1080","-0.55%"
"Feb 06, 2019","0.1086","0.1098","0.1098","0.1086","-1.00%"
"Feb 05, 2019","0.1097","0.1098","0.1100","0.1094","-0.18%"
"Feb 04, 2019","0.1099","0.1104","0.1105","0.1096","-0.36%"
"Feb 01, 2019","0.1103","0.1105","0.1108","0.1102","-0.18%"
"Jan 31, 2019","0.1105","0.1106","0.1110","0.1103","0.00%"
"Jan 30, 2019","0.1105","0.1104","0.1109","0.1099","0.18%"
"Jan 29, 2019","0.1103","0.1105","0.1108","0.1101","-0.18%"
"Jan 28, 2019","0.1105","0.1105","0.1109","0.1101","0.00%"
"Jan 25, 2019","0.1105","0.1100","0.1106","0.1099","0.45%"
"Jan 24, 2019","0.1100","0.1109","0.1110","0.1099","-0.81%"
"Jan 23, 2019","0.1109","0.1108","0.1110","0.1107","0.09%"
"Jan 22, 2019","0.1108","0.1109","0.1110","0.1105","-0.09%"
"Jan 21, 2019","0.1109","0.1109","0.1111","0.1107","0.09%"
"Jan 18, 2019","0.1108","0.1109","0.1113","0.1107","-0.09%"
"Jan 17, 2019","0.1109","0.1111","0.1113","0.1105","-0.18%"
"Jan 16, 2019","0.1111","0.1115","0.1117","0.1109","-0.36%"
"Jan 15, 2019","0.1115","0.1117","0.1121","0.1111","-0.27%"
"Jan 14, 2019","0.1118","0.1119","0.1121","0.1116","-0.09%"
"Jan 11, 2019","0.1119","0.1123","0.1130","0.1119","-0.36%"
"Jan 10, 2019","0.1123","0.1127","0.1129","0.1121","-0.44%"
"Jan 09, 2019","0.1128","0.1120","0.1129","0.1118","0.71%"
"Jan 08, 2019","0.1120","0.1124","0.1126","0.1118","-0.36%"
"Jan 07, 2019","0.1124","0.1116","0.1125","0.1116","0.72%"
"Jan 04, 2019","0.1116","0.1111","0.1119","0.1109","0.45%"
"Jan 03, 2019","0.1111","0.1109","0.1112","0.1101","0.18%"
"Jan 02, 2019","0.1109","0.1127","0.1130","0.1108","-1.60%"
"Jan 01, 2019","0.1127","0.1129","0.1129","0.1126","-0.18%"
"Dec 31, 2018","0.1129","0.1116","0.1130","0.1113","1.26%"
"Dec 28, 2018","0.1115","0.1110","0.1119","0.1109","0.45%"
"Dec 27, 2018","0.1110","0.1098","0.1112","0.1098","1.00%"
"Dec 26, 2018","0.1099","0.1105","0.1106","0.1099","-0.54%"
"Dec 25, 2018","0.1105","0.1105","0.1106","0.1100","0.00%"
"Dec 24, 2018","0.1105","0.1105","0.1109","0.1103","-0.09%"
"Dec 21, 2018","0.1106","0.1114","0.1120","0.1103","-0.72%"
"Dec 20, 2018","0.1114","0.1099","0.1120","0.1099","1.36%"
"Dec 19, 2018","0.1099","0.1102","0.1107","0.1097","-0.36%"
"Dec 18, 2018","0.1103","0.1105","0.1109","0.1100","-0.09%"
"Dec 17, 2018","0.1104","0.1104","0.1107","0.1100","0.00%"
"Dec 14, 2018","0.1104","0.1103","0.1105","0.1097","0.00%"
"Dec 13, 2018","0.1104","0.1100","0.1107","0.1099","0.36%"
"Dec 12, 2018","0.1100","0.1100","0.1103","0.1091","0.00%"
"Dec 11, 2018","0.1100","0.1100","0.1108","0.1098","0.00%"
"Dec 10, 2018","0.1100","0.1108","0.1110","0.1099","-0.54%"
"Dec 07, 2018","0.1106","0.1112","0.1113","0.1105","-0.63%"
"Dec 06, 2018","0.1113","0.1114","0.1114","0.1108","-0.09%"
"Dec 05, 2018","0.1114","0.1109","0.1119","0.1105","0.45%"
"Dec 04, 2018","0.1109","0.1109","0.1117","0.1106","0.00%"
"Dec 03, 2018","0.1109","0.1099","0.1109","0.1099","1.00%"
"Nov 30, 2018","0.1098","0.1103","0.1103","0.1097","-0.45%"
"Nov 29, 2018","0.1103","0.1106","0.1110","0.1100","-0.27%"
"Nov 28, 2018","0.1106","0.1099","0.1109","0.1096","0.73%"
"Nov 27, 2018","0.1098","0.1099","0.1102","0.1096","-0.18%"
"Nov 26, 2018","0.1100","0.1100","0.1108","0.1100","0.00%"
"Nov 23, 2018","0.1100","0.1106","0.1108","0.1099","-0.54%"
"Nov 22, 2018","0.1106","0.1106","0.1108","0.1103","0.00%"
"Nov 21, 2018","0.1106","0.1099","0.1109","0.1098","0.55%"
"Nov 20, 2018","0.1100","0.1110","0.1114","0.1099","-0.90%"
"Nov 19, 2018","0.1110","0.1110","0.1114","0.1109","0.00%"
"Nov 16, 2018","0.1110","0.1104","0.1111","0.1103","0.63%"
"Nov 15, 2018","0.1103","0.1100","0.1107","0.1097","0.18%"
"Nov 14, 2018","0.1101","0.1104","0.1107","0.1095","-0.36%"
"Nov 13, 2018","0.1105","0.1094","0.1105","0.1092","1.10%"
"Nov 12, 2018","0.1093","0.1101","0.1102","0.1092","-0.73%"
"Nov 09, 2018","0.1101","0.1109","0.1109","0.1100","-0.72%"
"Nov 08, 2018","0.1109","0.1109","0.1116","0.1106","0.09%"
"Nov 07, 2018","0.1108","0.1106","0.1114","0.1103","0.18%"
"Nov 06, 2018","0.1106","0.1104","0.1106","0.1101","0.18%"
"Nov 05, 2018","0.1104","0.1104","0.1105","0.1099","0.00%"
"Nov 02, 2018","0.1104","0.1106","0.1112","0.1100","-0.18%"
"Nov 01, 2018","0.1106","0.1091","0.1107","0.1090","1.37%"
"Oct 31, 2018","0.1091","0.1090","0.1095","0.1086","0.09%"
"Oct 30, 2018","0.1090","0.1092","0.1095","0.1088","-0.18%"
"Oct 29, 2018","0.1092","0.1095","0.1100","0.1091","-0.27%"
"Oct 26, 2018","0.1095","0.1097","0.1098","0.1089","-0.27%"
"Oct 25, 2018","0.1098","0.1096","0.1100","0.1094","0.18%"
"Oct 24, 2018","0.1096","0.1108","0.1109","0.1095","-1.08%"
"Oct 23, 2018","0.1108","0.1111","0.1112","0.1103","-0.27%"
"Oct 22, 2018","0.1111","0.1111","0.1117","0.1110","-0.18%"
"Oct 19, 2018","0.1113","0.1106","0.1114","0.1105","0.63%"
"Oct 18, 2018","0.1106","0.1115","0.1117","0.1105","-0.81%"
"Oct 17, 2018","0.1115","0.1124","0.1125","0.1115","-0.71%"
"Oct 16, 2018","0.1123","0.1116","0.1126","0.1115","0.54%"
"Oct 15, 2018","0.1117","0.1116","0.1119","0.1111","0.09%"
"Oct 12, 2018","0.1116","0.1114","0.1119","0.1113","0.18%"
"Oct 11, 2018","0.1114","0.1094","0.1115","0.1094","1.83%"
"Oct 10, 2018","0.1094","0.1099","0.1101","0.1094","-0.36%"
"Oct 09, 2018","0.1098","0.1100","0.1102","0.1093","-0.18%"
"Oct 08, 2018","0.1100","0.1104","0.1105","0.1095","-0.27%"
"Oct 05, 2018","0.1103","0.1104","0.1106","0.1099","-0.09%"
"Oct 04, 2018","0.1104","0.1104","0.1108","0.1102","-0.09%"
"Oct 03, 2018","0.1105","0.1110","0.1116","0.1104","-0.45%"
"Oct 02, 2018","0.1110","0.1118","0.1118","0.1107","-0.72%"
"Oct 01, 2018","0.1118","0.1125","0.1126","0.1116","-0.62%"
"Sep 28, 2018","0.1125","0.1129","0.1131","0.1122","-0.35%"
"Sep 27, 2018","0.1129","0.1135","0.1138","0.1129","-0.53%"
"Sep 26, 2018","0.1135","0.1135","0.1138","0.1131","0.00%"
"Sep 25, 2018","0.1135","0.1136","0.1141","0.1134","-0.18%"
"Sep 24, 2018","0.1137","0.1138","0.1143","0.1134","-0.09%"
"Sep 21, 2018","0.1138","0.1140","0.1142","0.1136","-0.18%"
"Sep 20, 2018","0.1140","0.1127","0.1141","0.1125","1.06%"
"Sep 19, 2018","0.1128","0.1123","0.1129","0.1121","0.45%"
"Sep 18, 2018","0.1123","0.1123","0.1127","0.1120","0.09%"
"Sep 17, 2018","0.1122","0.1104","0.1123","0.1104","1.54%"
"Sep 14, 2018","0.1105","0.1118","0.1119","0.1105","-1.07%"
"Sep 13, 2018","0.1117","0.1113","0.1120","0.1111","0.27%"
"Sep 12, 2018","0.1114","0.1106","0.1116","0.1103","0.72%"
"Sep 11, 2018","0.1106","0.1103","0.1110","0.1101","0.27%"
"Sep 10, 2018","0.1103","0.1104","0.1108","0.1101","-0.09%"
"Sep 07, 2018","0.1104","0.1098","0.1107","0.1096","0.55%"
"Sep 06, 2018","0.1098","0.1104","0.1107","0.1096","-0.63%"
"Sep 05, 2018","0.1105","0.1100","0.1105","0.1095","0.45%"
"Sep 04, 2018","0.1100","0.1100","0.1101","0.1092","0.00%"
"Sep 03, 2018","0.1100","0.1094","0.1100","0.1091","0.64%"
"Aug 31, 2018","0.1093","0.1097","0.1100","0.1091","-0.27%"
"Aug 30, 2018","0.1096","0.1095","0.1100","0.1092","0.09%"
"Aug 29, 2018","0.1095","0.1095","0.1096","0.1089","0.09%"
"Aug 28, 2018","0.1094","0.1099","0.1101","0.1092","-0.55%"
"Aug 27, 2018","0.1100","0.1096","0.1100","0.1092","0.46%"
"Aug 24, 2018","0.1095","0.1095","0.1100","0.1092","0.09%"
"Aug 23, 2018","0.1094","0.1103","0.1105","0.1093","-0.82%"
"Aug 22, 2018","0.1103","0.1099","0.1106","0.1096","0.27%"
"Aug 21, 2018","0.1100","0.1092","0.1103","0.1092","0.73%"
"Aug 20, 2018","0.1092","0.1092","0.1094","0.1087","0.00%"
"Aug 17, 2018","0.1092","0.1089","0.1094","0.1085","0.37%"
"Aug 16, 2018","0.1088","0.1086","0.1092","0.1084","0.18%"
"Aug 15, 2018","0.1086","0.1094","0.1095","0.1081","-0.73%"
"Aug 14, 2018","0.1094","0.1098","0.1101","0.1092","-0.27%"
"Aug 13, 2018","0.1097","0.1096","0.1099","0.1089","0.09%"
"Aug 10, 2018","0.1096","0.1110","0.1111","0.1092","-1.26%"
"Aug 09, 2018","0.1110","0.1117","0.1118","0.1109","-0.72%"
"Aug 08, 2018","0.1118","0.1123","0.1124","0.1114","-0.27%"
"Aug 07, 2018","0.1121","0.1119","0.1125","0.1118","0.18%"
"Aug 06, 2018","0.1119","0.1123","0.1123","0.1118","-0.27%"
"Aug 03, 2018","0.1122","0.1124","0.1126","0.1118","-0.18%"
"Aug 02, 2018","0.1124","0.1135","0.1137","0.1124","-0.97%"
"Aug 01, 2018","0.1135","0.1138","0.1139","0.1134","-0.26%"
"Jul 31, 2018","0.1138","0.1143","0.1145","0.1137","-0.44%"
"Jul 30, 2018","0.1143","0.1133","0.1144","0.1130","1.06%"
"Jul 27, 2018","0.1131","0.1135","0.1137","0.1127","-0.35%"
"Jul 26, 2018","0.1135","0.1142","0.1144","0.1134","-0.61%"
"Jul 25, 2018","0.1142","0.1134","0.1143","0.1132","0.71%"
"Jul 24, 2018","0.1134","0.1128","0.1135","0.1124","0.44%"
"Jul 23, 2018","0.1129","0.1129","0.1133","0.1127","0.00%"
"Jul 20, 2018","0.1129","0.1123","0.1132","0.1119","0.62%"
"Jul 19, 2018","0.1122","0.1128","0.1130","0.1116","-0.53%"
"Jul 18, 2018","0.1128","0.1131","0.1132","0.1125","-0.27%"
"Jul 17, 2018","0.1131","0.1133","0.1140","0.1130","-0.18%"
"Jul 16, 2018","0.1133","0.1127","0.1135","0.1124","0.71%"
"Jul 13, 2018","0.1125","0.1128","0.1129","0.1119","-0.27%"
"Jul 12, 2018","0.1128","0.1134","0.1139","0.1125","-0.53%"
"Jul 11, 2018","0.1134","0.1144","0.1145","0.1133","-0.87%"
"Jul 10, 2018","0.1144","0.1145","0.1148","0.1139","-0.17%"
"Jul 09, 2018","0.1146","0.1145","0.1152","0.1142","-0.09%"
"Jul 06, 2018","0.1147","0.1142","0.1148","0.1138","0.53%"
"Jul 05, 2018","0.1141","0.1138","0.1145","0.1136","0.26%"
"Jul 04, 2018","0.1138","0.1132","0.1141","0.1131","0.44%"
"Jul 03, 2018","0.1133","0.1115","0.1134","0.1114","1.61%"
"Jul 02, 2018","0.1115","0.1118","0.1119","0.1108","-0.27%"
"Jun 29, 2018","0.1118","0.1109","0.1120","0.1106","0.81%"
"Jun 28, 2018","0.1109","0.1114","0.1116","0.1106","-0.45%"
"Jun 27, 2018","0.1114","0.1126","0.1127","0.1113","-1.07%"
"Jun 26, 2018","0.1126","0.1130","0.1134","0.1124","-0.35%"
"Jun 25, 2018","0.1130","0.1131","0.1133","0.1121","0.09%"
"Jun 22, 2018","0.1129","0.1124","0.1134","0.1124","0.44%"
"Jun 21, 2018","0.1124","0.1127","0.1128","0.1118","-0.18%"
"Jun 20, 2018","0.1126","0.1124","0.1129","0.1119","0.18%"
"Jun 19, 2018","0.1124","0.1134","0.1135","0.1117","-0.88%"
"Jun 18, 2018","0.1134","0.1139","0.1139","0.1128","-0.44%"
"Jun 15, 2018","0.1139","0.1144","0.1145","0.1134","-0.44%"
"Jun 14, 2018","0.1144","0.1162","0.1166","0.1143","-1.55%"
"Jun 13, 2018","0.1162","0.1157","0.1163","0.1154","0.43%"
"Jun 12, 2018","0.1157","0.1154","0.1163","0.1150","0.26%"
"Jun 11, 2018","0.1154","0.1145","0.1158","0.1145","0.52%"
"Jun 08, 2018","0.1148","0.1150","0.1150","0.1139","-0.09%"
"Jun 07, 2018","0.1149","0.1145","0.1155","0.1145","0.35%"
"Jun 06, 2018","0.1145","0.1142","0.1149","0.1142","0.17%"
"Jun 05, 2018","0.1143","0.1143","0.1145","0.1138","0.09%"
"Jun 04, 2018","0.1142","0.1133","0.1145","0.1132","0.79%"
"Jun 01, 2018","0.1133","0.1134","0.1140","0.1126","-0.09%"
"May 31, 2018","0.1134","0.1135","0.1143","0.1129","-0.09%"
"May 30, 2018","0.1135","0.1116","0.1137","0.1112","1.70%"
"May 29, 2018","0.1116","0.1134","0.1135","0.1114","-1.50%"
"May 28, 2018","0.1133","0.1141","0.1148","0.1132","-0.70%"
"May 25, 2018","0.1141","0.1141","0.1153","0.1138","-0.09%"
"May 24, 2018","0.1142","0.1142","0.1148","0.1140","0.00%"
"May 23, 2018","0.1142","0.1150","0.1153","0.1137","-0.78%"
"May 22, 2018","0.1151","0.1153","0.1158","0.1148","-0.17%"
"May 21, 2018","0.1153","0.1142","0.1153","0.1138","0.87%"
"May 18, 2018","0.1143","0.1145","0.1148","0.1140","-0.17%"
"May 17, 2018","0.1145","0.1148","0.1152","0.1142","-0.35%"
"May 16, 2018","0.1149","0.1151","0.1153","0.1141","-0.26%"
"May 15, 2018","0.1152","0.1158","0.1163","0.1143","-0.43%"
"May 14, 2018","0.1157","0.1163","0.1167","0.1156","-0.52%"
"May 11, 2018","0.1163","0.1157","0.1168","0.1154","0.61%"
"May 10, 2018","0.1156","0.1148","0.1161","0.1147","0.61%"
"May 09, 2018","0.1149","0.1134","0.1152","0.1128","1.32%"
"May 08, 2018","0.1134","0.1132","0.1137","0.1129","0.18%"
"May 07, 2018","0.1132","0.1136","0.1137","0.1128","-0.44%"
"May 04, 2018","0.1137","0.1135","0.1139","0.1129","0.26%"
"May 03, 2018","0.1134","0.1121","0.1137","0.1121","1.16%"
"May 02, 2018","0.1121","0.1130","0.1134","0.1119","-0.80%"
"May 01, 2018","0.1130","0.1143","0.1144","0.1127","-1.14%"
"Apr 30, 2018","0.1143","0.1154","0.1156","0.1140","-1.04%"
"Apr 27, 2018","0.1155","0.1154","0.1157","0.1144","0.09%"
"Apr 26, 2018","0.1154","0.1167","0.1172","0.1151","-1.20%"
"Apr 25, 2018","0.1168","0.1176","0.1176","0.1168","-0.68%"
"Apr 24, 2018","0.1176","0.1173","0.1178","0.1172","0.17%"
"Apr 23, 2018","0.1174","0.1184","0.1184","0.1173","-0.84%"
"Apr 20, 2018","0.1184","0.1190","0.1190","0.1181","-0.50%"
"Apr 19, 2018","0.1190","0.1190","0.1195","0.1187","0.00%"
"Apr 18, 2018","0.1190","0.1190","0.1194","0.1186","0.00%"
"Apr 17, 2018","0.1190","0.1188","0.1191","0.1186","0.17%"
"Apr 16, 2018","0.1188","0.1180","0.1191","0.1178","0.68%"
"Apr 13, 2018","0.1180","0.1189","0.1190","0.1177","-0.84%"
"Apr 12, 2018","0.1190","0.1201","0.1202","0.1183","-0.92%"
"Apr 11, 2018","0.1201","0.1205","0.1206","0.1199","-0.33%"
"Apr 10, 2018","0.1205","0.1197","0.1206","0.1195","0.67%"
"Apr 09, 2018","0.1197","0.1192","0.1198","0.1191","0.42%"
"Apr 06, 2018","0.1192","0.1188","0.1193","0.1183","0.34%"
"Apr 05, 2018","0.1188","0.1190","0.1193","0.1184","-0.17%"
"Apr 04, 2018","0.1190","0.1191","0.1194","0.1188","-0.17%"
"Apr 03, 2018","0.1192","0.1192","0.1197","0.1188","0.00%"
"Apr 02, 2018","0.1192","0.1198","0.1201","0.1190","-0.50%"
"Mar 30, 2018","0.1198","0.1197","0.1201","0.1195","0.17%"
"Mar 29, 2018","0.1196","0.1197","0.1200","0.1192","-0.08%"
"Mar 28, 2018","0.1197","0.1216","0.1216","0.1197","-1.48%"
"Mar 27, 2018","0.1215","0.1221","0.1224","0.1211","-0.49%"
"Mar 26, 2018","0.1221","0.1213","0.1223","0.1212","0.74%"
"Mar 23, 2018","0.1212","0.1211","0.1216","0.1206","0.08%"
"Mar 22, 2018","0.1211","0.1222","0.1226","0.1210","-0.90%"
"Mar 21, 2018","0.1222","0.1216","0.1223","0.1213","0.49%"
"Mar 20, 2018","0.1216","0.1225","0.1226","0.1216","-0.65%"
"Mar 19, 2018","0.1224","0.1221","0.1227","0.1215","0.25%"
"Mar 16, 2018","0.1221","0.1222","0.1224","0.1217","-0.08%"
"Mar 15, 2018","0.1222","0.1222","0.1226","0.1221","0.00%"
"Mar 14, 2018","0.1222","0.1217","0.1225","0.1216","0.41%"
"Mar 13, 2018","0.1217","0.1213","0.1221","0.1211","0.33%"
"Mar 12, 2018","0.1213","0.1212","0.1216","0.1210","0.00%"
"Mar 09, 2018","0.1213","0.1209","0.1215","0.1208","0.25%"
"Mar 08, 2018","0.1210","0.1216","0.1218","0.1209","-0.41%"
"Mar 07, 2018","0.1215","0.1218","0.1220","0.1210","-0.25%"
"Mar 06, 2018","0.1218","0.1211","0.1220","0.1208","0.66%"
"Mar 05, 2018","0.1210","0.1211","0.1214","0.1206","-0.17%"
"Mar 02, 2018","0.1212","0.1212","0.1216","0.1206","0.00%"
"Mar 01, 2018","0.1212","0.1206","0.1214","0.1202","0.50%"
"Feb 28, 2018","0.1206","0.1215","0.1216","0.1203","-0.82%"
"Feb 27, 2018","0.1216","0.1227","0.1230","0.1215","-0.90%"
"Feb 26, 2018","0.1227","0.1223","0.1231","0.1221","0.25%"
"Feb 23, 2018","0.1224","0.1232","0.1234","0.1221","-0.65%"
"Feb 22, 2018","0.1232","0.1231","0.1234","0.1227","0.08%"
"Feb 21, 2018","0.1231","0.1235","0.1240","0.1231","-0.32%"
"Feb 20, 2018","0.1235","0.1252","0.1252","0.1234","-1.44%"
"Feb 19, 2018","0.1253","0.1255","0.1258","0.1250","-0.16%"
"Feb 16, 2018","0.1255","0.1261","0.1266","0.1253","-0.48%"
"Feb 15, 2018","0.1261","0.1257","0.1263","0.1254","0.32%"
"Feb 14, 2018","0.1257","0.1245","0.1259","0.1233","0.96%"
"Feb 13, 2018","0.1245","0.1240","0.1247","0.1239","0.40%"
"Feb 12, 2018","0.1240","0.1235","0.1241","0.1232","0.49%"
"Feb 09, 2018","0.1234","0.1232","0.1236","0.1225","0.16%"
"Feb 08, 2018","0.1232","0.1237","0.1243","0.1228","-0.40%"
"Feb 07, 2018","0.1237","0.1257","0.1260","0.1235","-1.67%"
"Feb 06, 2018","0.1258","0.1253","0.1262","0.1249","0.40%"
"Feb 05, 2018","0.1253","0.1265","0.1269","0.1253","-0.95%"
"Feb 02, 2018","0.1265","0.1276","0.1276","0.1261","-0.78%"
"Feb 01, 2018","0.1275","0.1270","0.1277","0.1265","0.47%"
"Jan 31, 2018","0.1269","0.1267","0.1277","0.1265","0.08%"
"Jan 30, 2018","0.1268","0.1268","0.1273","0.1262","0.08%"
"Jan 29, 2018","0.1267","0.1270","0.1271","0.1263","-0.24%"
"Jan 26, 2018","0.1270","0.1262","0.1273","0.1260","0.63%"
"Jan 25, 2018","0.1262","0.1261","0.1277","0.1259","0.00%"
"Jan 24, 2018","0.1262","0.1250","0.1263","0.1247","1.04%"
"Jan 23, 2018","0.1249","0.1247","0.1249","0.1242","0.16%"
"Jan 22, 2018","0.1247","0.1246","0.1248","0.1242","0.32%"
"Jan 19, 2018","0.1243","0.1247","0.1250","0.1243","-0.32%"
"Jan 18, 2018","0.1247","0.1242","0.1249","0.1240","0.40%"
"Jan 17, 2018","0.1242","0.1245","0.1252","0.1239","-0.16%"
"Jan 16, 2018","0.1244","0.1248","0.1249","0.1241","-0.32%"
"Jan 15, 2018","0.1248","0.1242","0.1250","0.1240","0.48%"
"Jan 12, 2018","0.1242","0.1230","0.1244","0.1230","0.98%"
"Jan 11, 2018","0.1230","0.1220","0.1231","0.1218","0.82%"
"Jan 10, 2018","0.1220","0.1216","0.1226","0.1213","0.41%"
"Jan 09, 2018","0.1215","0.1219","0.1220","0.1211","-0.41%"
"Jan 08, 2018","0.1220","0.1227","0.1230","0.1216","-0.65%"
"Jan 05, 2018","0.1228","0.1229","0.1231","0.1224","-0.08%"
"Jan 04, 2018","0.1229","0.1222","0.1231","0.1221","0.49%"
"Jan 03, 2018","0.1223","0.1224","0.1226","0.1221","-0.16%"
"Jan 02, 2018","0.1225","0.1220","0.1231","0.1220","0.49%"
"Jan 01, 2018","0.1219","0.1219","0.1219","0.1219","0.00%"
"Dec 29, 2017","0.1219","0.1213","0.1225","0.1212","0.49%"
"Dec 28, 2017","0.1213","0.1208","0.1215","0.1208","0.41%"
"Dec 27, 2017","0.1208","0.1198","0.1210","0.1197","0.83%"
"Dec 26, 2017","0.1198","0.1199","0.1200","0.1195","-0.08%"
"Dec 25, 2017","0.1199","0.1198","0.1199","0.1196","-0.17%"
"Dec 22, 2017","0.1201","0.1193","0.1202","0.1189","0.67%"
"Dec 21, 2017","0.1193","0.1192","0.1195","0.1187","0.17%"
"Dec 20, 2017","0.1191","0.1190","0.1202","0.1189","0.08%"
"Dec 19, 2017","0.1190","0.1185","0.1191","0.1184","0.34%"
"Dec 18, 2017","0.1186","0.1177","0.1190","0.1174","0.85%"
"Dec 15, 2017","0.1176","0.1186","0.1188","0.1173","-0.76%"
"Dec 14, 2017","0.1185","0.1188","0.1196","0.1183","-0.25%"
"Dec 13, 2017","0.1188","0.1187","0.1191","0.1182","0.08%"
"Dec 12, 2017","0.1187","0.1177","0.1191","0.1173","0.94%"
"Dec 11, 2017","0.1176","0.1181","0.1185","0.1175","-0.59%"
"Dec 08, 2017","0.1183","0.1178","0.1184","0.1174","0.42%"
"Dec 07, 2017","0.1178","0.1186","0.1187","0.1177","-0.67%"
"Dec 06, 2017","0.1186","0.1196","0.1202","0.1184","-0.84%"
"Dec 05, 2017","0.1196","0.1188","0.1197","0.1182","0.76%"
"Dec 04, 2017","0.1187","0.1195","0.1196","0.1186","-0.75%"
"Dec 01, 2017","0.1196","0.1194","0.1199","0.1191","0.17%"
"Nov 30, 2017","0.1194","0.1195","0.1202","0.1190","-0.08%"
"Nov 29, 2017","0.1195","0.1197","0.1203","0.1192","-0.17%"
"Nov 28, 2017","0.1197","0.1205","0.1207","0.1197","-0.66%"
"Nov 27, 2017","0.1205","0.1208","0.1210","0.1203","-0.25%"
"Nov 24, 2017","0.1208","0.1205","0.1209","0.1202","0.25%"
"Nov 23, 2017","0.1205","0.1199","0.1206","0.1198","0.42%"
"Nov 22, 2017","0.1200","0.1187","0.1201","0.1184","1.10%"
"Nov 21, 2017","0.1187","0.1179","0.1188","0.1172","0.76%"
"Nov 20, 2017","0.1178","0.1187","0.1188","0.1178","-0.76%"
"Nov 17, 2017","0.1187","0.1190","0.1195","0.1182","-0.34%"
"Nov 16, 2017","0.1191","0.1187","0.1192","0.1184","0.34%"
"Nov 15, 2017","0.1187","0.1192","0.1193","0.1183","-0.34%"
"Nov 14, 2017","0.1191","0.1193","0.1194","0.1183","-0.17%"
"Nov 13, 2017","0.1193","0.1197","0.1197","0.1190","-0.33%"
"Nov 10, 2017","0.1197","0.1193","0.1198","0.1192","0.34%"
"Nov 09, 2017","0.1193","0.1193","0.1197","0.1191","0.00%"
"Nov 08, 2017","0.1193","0.1190","0.1194","0.1190","0.17%"
"Nov 07, 2017","0.1191","0.1191","0.1192","0.1184","0.00%"
"Nov 06, 2017","0.1191","0.1185","0.1192","0.1183","0.42%"
"Nov 03, 2017","0.1186","0.1191","0.1193","0.1184","-0.42%"
"Nov 02, 2017","0.1191","0.1190","0.1196","0.1189","0.00%"
"Nov 01, 2017","0.1191","0.1193","0.1197","0.1190","-0.17%"
"Oct 31, 2017","0.1193","0.1197","0.1198","0.1193","-0.33%"
"Oct 30, 2017","0.1197","0.1194","0.1200","0.1194","0.00%"
"Oct 27, 2017","0.1197","0.1198","0.1200","0.1191","-0.08%"
"Oct 26, 2017","0.1198","0.1216","0.1221","0.1195","-1.56%"
"Oct 25, 2017","0.1217","0.1216","0.1218","0.1211","0.08%"
"Oct 24, 2017","0.1216","0.1220","0.1222","0.1216","-0.33%"
"Oct 23, 2017","0.1220","0.1224","0.1225","0.1216","-0.41%"
"Oct 20, 2017","0.1225","0.1230","0.1231","0.1222","-0.49%"
"Oct 19, 2017","0.1231","0.1229","0.1231","0.1222","0.24%"
"Oct 18, 2017","0.1228","0.1226","0.1229","0.1221","0.16%"
"Oct 17, 2017","0.1226","0.1235","0.1235","0.1224","-0.65%"
"Oct 16, 2017","0.1234","0.1232","0.1235","0.1227","0.16%"
"Oct 13, 2017","0.1232","0.1231","0.1237","0.1228","0.08%"
"Oct 12, 2017","0.1231","0.1242","0.1246","0.1231","-0.89%"
"Oct 11, 2017","0.1242","0.1239","0.1245","0.1237","0.24%"
"Oct 10, 2017","0.1239","0.1231","0.1241","0.1231","0.65%"
"Oct 09, 2017","0.1231","0.1232","0.1234","0.1229","-0.08%"
"Oct 06, 2017","0.1232","0.1228","0.1233","0.1223","0.33%"
"Oct 05, 2017","0.1228","0.1235","0.1237","0.1226","-0.57%"
"Oct 04, 2017","0.1235","0.1229","0.1236","0.1228","0.49%"
"Oct 03, 2017","0.1229","0.1224","0.1231","0.1219","0.41%"
"Oct 02, 2017","0.1224","0.1225","0.1228","0.1220","-0.24%"
"Sep 29, 2017","0.1227","0.1232","0.1235","0.1221","-0.41%"
"Sep 28, 2017","0.1232","0.1227","0.1234","0.1224","0.41%"
"Sep 27, 2017","0.1227","0.1231","0.1232","0.1222","-0.32%"
"Sep 26, 2017","0.1231","0.1244","0.1245","0.1226","-0.97%"
"Sep 25, 2017","0.1243","0.1253","0.1253","0.1240","-0.80%"
"Sep 22, 2017","0.1253","0.1255","0.1260","0.1253","-0.16%"
"Sep 21, 2017","0.1255","0.1249","0.1255","0.1245","0.56%"
"Sep 20, 2017","0.1248","0.1257","0.1261","0.1244","-0.79%"
"Sep 19, 2017","0.1258","0.1257","0.1260","0.1255","0.16%"
"Sep 18, 2017","0.1256","0.1255","0.1259","0.1252","0.08%"
"Sep 15, 2017","0.1255","0.1253","0.1260","0.1250","0.24%"
"Sep 14, 2017","0.1252","0.1245","0.1253","0.1240","0.56%"
"Sep 13, 2017","0.1245","0.1254","0.1257","0.1242","-0.80%"
"Sep 12, 2017","0.1255","0.1249","0.1257","0.1246","0.56%"
"Sep 11, 2017","0.1248","0.1259","0.1261","0.1247","-1.03%"
"Sep 08, 2017","0.1261","0.1262","0.1268","0.1257","-0.16%"
"Sep 07, 2017","0.1263","0.1253","0.1265","0.1252","0.80%"
"Sep 06, 2017","0.1253","0.1254","0.1259","0.1252","-0.16%"
"Sep 05, 2017","0.1255","0.1256","0.1260","0.1251","-0.08%"
"Sep 04, 2017","0.1256","0.1250","0.1258","0.1250","0.32%"
"Sep 01, 2017","0.1252","0.1260","0.1263","0.1249","-0.63%"
"Aug 31, 2017","0.1260","0.1253","0.1260","0.1246","0.56%"
"Aug 30, 2017","0.1253","0.1260","0.1262","0.1252","-0.56%"
"Aug 29, 2017","0.1260","0.1257","0.1265","0.1252","0.24%"
"Aug 28, 2017","0.1257","0.1257","0.1260","0.1253","0.16%"
"Aug 25, 2017","0.1255","0.1240","0.1258","0.1235","1.21%"
"Aug 24, 2017","0.1240","0.1240","0.1242","0.1237","-0.08%"
"Aug 23, 2017","0.1241","0.1235","0.1242","0.1232","0.49%"
"Aug 22, 2017","0.1235","0.1240","0.1240","0.1231","-0.32%"
"Aug 21, 2017","0.1239","0.1234","0.1240","0.1231","0.49%"
"Aug 18, 2017","0.1233","0.1229","0.1234","0.1227","0.33%"
"Aug 17, 2017","0.1229","0.1239","0.1240","0.1227","-0.73%"
"Aug 16, 2017","0.1238","0.1238","0.1240","0.1230","-0.08%"
"Aug 15, 2017","0.1239","0.1232","0.1241","0.1227","0.57%"
"Aug 14, 2017","0.1232","0.1231","0.1235","0.1230","0.08%"
"Aug 11, 2017","0.1231","0.1229","0.1233","0.1223","0.16%"
"Aug 10, 2017","0.1229","0.1223","0.1231","0.1220","0.49%"
"Aug 09, 2017","0.1223","0.1223","0.1224","0.1215","0.00%"
"Aug 08, 2017","0.1223","0.1226","0.1233","0.1219","-0.33%"
"Aug 07, 2017","0.1227","0.1228","0.1231","0.1224","0.00%"
"Aug 04, 2017","0.1227","0.1234","0.1237","0.1223","-0.65%"
"Aug 03, 2017","0.1235","0.1235","0.1237","0.1231","0.00%"
"Aug 02, 2017","0.1235","0.1233","0.1240","0.1230","0.16%"
"Aug 01, 2017","0.1233","0.1239","0.1241","0.1231","-0.56%"
"Jul 31, 2017","0.1240","0.1231","0.1240","0.1228","0.65%"
"Jul 28, 2017","0.1232","0.1217","0.1234","0.1216","1.23%"
"Jul 27, 2017","0.1217","0.1223","0.1229","0.1214","-0.57%"
"Jul 26, 2017","0.1224","0.1218","0.1226","0.1213","0.49%"
"Jul 25, 2017","0.1218","0.1217","0.1224","0.1216","0.08%"
"Jul 24, 2017","0.1217","0.1212","0.1218","0.1211","0.33%"
"Jul 21, 2017","0.1213","0.1216","0.1220","0.1209","-0.25%"
"Jul 20, 2017","0.1216","0.1204","0.1217","0.1199","1.00%"
"Jul 19, 2017","0.1204","0.1204","0.1208","0.1203","-0.08%"
"Jul 18, 2017","0.1205","0.1206","0.1212","0.1203","-0.08%"
"Jul 17, 2017","0.1206","0.1202","0.1207","0.1198","0.17%"
"Jul 14, 2017","0.1204","0.1196","0.1204","0.1195","0.58%"
"Jul 13, 2017","0.1197","0.1188","0.1197","0.1187","0.76%"
"Jul 12, 2017","0.1188","0.1190","0.1192","0.1184","-0.25%"
"Jul 11, 2017","0.1191","0.1186","0.1192","0.1182","0.42%"
"Jul 10, 2017","0.1186","0.1186","0.1188","0.1183","-0.08%"
"Jul 07, 2017","0.1187","0.1184","0.1188","0.1182","0.25%"
"Jul 06, 2017","0.1184","0.1178","0.1185","0.1175","0.51%"
"Jul 05, 2017","0.1178","0.1173","0.1179","0.1172","0.43%"
"Jul 04, 2017","0.1173","0.1178","0.1179","0.1169","-0.42%"
"Jul 03, 2017","0.1178","0.1187","0.1188","0.1177","-0.76%"
"Jun 30, 2017","0.1187","0.1181","0.1188","0.1178","0.42%"
"Jun 29, 2017","0.1182","0.1170","0.1183","0.1170","0.94%"
"Jun 28, 2017","0.1171","0.1161","0.1172","0.1157","0.86%"
"Jun 27, 2017","0.1161","0.1146","0.1162","0.1145","1.22%"
"Jun 26, 2017","0.1147","0.1146","0.1150","0.1145","0.00%"
"Jun 23, 2017","0.1147","0.1143","0.1149","0.1141","0.35%"
"Jun 22, 2017","0.1143","0.1143","0.1146","0.1141","0.00%"
"Jun 21, 2017","0.1143","0.1139","0.1144","0.1137","0.35%"
"Jun 20, 2017","0.1139","0.1144","0.1147","0.1136","-0.44%"
"Jun 19, 2017","0.1144","0.1148","0.1151","0.1142","-0.35%"
"Jun 16, 2017","0.1148","0.1143","0.1152","0.1140","0.44%"
"Jun 15, 2017","0.1143","0.1149","0.1150","0.1140","-0.52%"
"Jun 14, 2017","0.1149","0.1150","0.1159","0.1146","-0.09%"
"Jun 13, 2017","0.1150","0.1143","0.1153","0.1141","0.61%"
"Jun 12, 2017","0.1143","0.1147","0.1149","0.1142","-0.44%"
"Jun 09, 2017","0.1148","0.1148","0.1150","0.1142","0.00%"
"Jun 08, 2017","0.1148","0.1150","0.1152","0.1145","-0.17%"
"Jun 07, 2017","0.1150","0.1154","0.1154","0.1144","-0.35%"
"Jun 06, 2017","0.1154","0.1155","0.1157","0.1151","-0.09%"
"Jun 05, 2017","0.1155","0.1159","0.1161","0.1151","-0.43%"
"Jun 02, 2017","0.1160","0.1151","0.1161","0.1150","0.78%"
"Jun 01, 2017","0.1151","0.1151","0.1153","0.1146","0.00%"
"May 31, 2017","0.1151","0.1146","0.1153","0.1143","0.35%"
"May 30, 2017","0.1147","0.1149","0.1149","0.1140","-0.17%"
"May 29, 2017","0.1149","0.1150","0.1152","0.1148","-0.09%"
"May 26, 2017","0.1150","0.1151","0.1154","0.1147","-0.09%"
"May 25, 2017","0.1151","0.1153","0.1157","0.1149","-0.17%"
"May 24, 2017","0.1153","0.1148","0.1154","0.1146","0.44%"
"May 23, 2017","0.1148","0.1150","0.1155","0.1148","-0.17%"
"May 22, 2017","0.1150","0.1146","0.1152","0.1144","0.35%"
"May 19, 2017","0.1146","0.1135","0.1148","0.1135","0.97%"
"May 18, 2017","0.1135","0.1145","0.1147","0.1133","-0.87%"
"May 17, 2017","0.1145","0.1138","0.1147","0.1137","0.62%"
"May 16, 2017","0.1138","0.1132","0.1140","0.1128","0.44%"
"May 15, 2017","0.1133","0.1132","0.1135","0.1128","0.00%"
"May 12, 2017","0.1133","0.1126","0.1133","0.1123","0.71%"
"May 11, 2017","0.1125","0.1121","0.1132","0.1119","0.36%"
"May 10, 2017","0.1121","0.1125","0.1127","0.1120","-0.36%"
"May 09, 2017","0.1125","0.1130","0.1132","0.1123","-0.44%"
"May 08, 2017","0.1130","0.1138","0.1140","0.1130","-0.70%"
"May 05, 2017","0.1138","0.1132","0.1139","0.1130","0.44%"
"May 04, 2017","0.1133","0.1130","0.1135","0.1128","0.27%"
"May 03, 2017","0.1130","0.1136","0.1136","0.1130","-0.53%"
"May 02, 2017","0.1136","0.1130","0.1136","0.1129","0.53%"
"May 01, 2017","0.1130","0.1130","0.1134","0.1128","0.09%"
"Apr 28, 2017","0.1129","0.1132","0.1137","0.1127","-0.27%"
"Apr 27, 2017","0.1132","0.1141","0.1143","0.1126","-0.79%"
"Apr 26, 2017","0.1141","0.1140","0.1143","0.1136","0.09%"
"Apr 25, 2017","0.1140","0.1128","0.1142","0.1126","0.97%"
"Apr 24, 2017","0.1129","0.1132","0.1136","0.1125","1.71%"
"Apr 21, 2017","0.1110","0.1113","0.1114","0.1107","-0.27%"
"Apr 20, 2017","0.1113","0.1114","0.1121","0.1111","-0.09%"
"Apr 19, 2017","0.1114","0.1116","0.1119","0.1112","-0.18%"
"Apr 18, 2017","0.1116","0.1111","0.1118","0.1110","0.45%"
"Apr 17, 2017","0.1111","0.1106","0.1114","0.1105","0.45%"
"Apr 14, 2017","0.1106","0.1106","0.1109","0.1105","0.00%"
"Apr 13, 2017","0.1106","0.1114","0.1118","0.1105","-0.72%"
"Apr 12, 2017","0.1114","0.1103","0.1115","0.1103","0.91%"
"Apr 11, 2017","0.1104","0.1101","0.1107","0.1098","0.27%"
"Apr 10, 2017","0.1101","0.1102","0.1104","0.1099","-0.09%"
"Apr 07, 2017","0.1102","0.1108","0.1111","0.1100","-0.54%"
"Apr 06, 2017","0.1108","0.1112","0.1114","0.1107","-0.45%"
"Apr 05, 2017","0.1113","0.1110","0.1116","0.1110","0.27%"
"Apr 04, 2017","0.1110","0.1116","0.1117","0.1106","-0.63%"
"Apr 03, 2017","0.1117","0.1115","0.1122","0.1113","0.18%"
"Mar 31, 2017","0.1115","0.1118","0.1122","0.1114","-0.27%"
"Mar 30, 2017","0.1118","0.1128","0.1128","0.1118","-0.89%"
"Mar 29, 2017","0.1128","0.1132","0.1134","0.1123","-0.35%"
"Mar 28, 2017","0.1132","0.1138","0.1141","0.1131","-0.53%"
"Mar 27, 2017","0.1138","0.1135","0.1141","0.1135","0.35%"
"Mar 24, 2017","0.1134","0.1133","0.1138","0.1130","0.09%"
"Mar 23, 2017","0.1133","0.1136","0.1139","0.1131","-0.35%"
"Mar 22, 2017","0.1137","0.1136","0.1140","0.1131","0.00%"
"Mar 21, 2017","0.1137","0.1133","0.1140","0.1131","0.26%"
"Mar 20, 2017","0.1134","0.1132","0.1138","0.1129","0.18%"
"Mar 17, 2017","0.1132","0.1134","0.1138","0.1131","-0.18%"
"Mar 16, 2017","0.1134","0.1128","0.1134","0.1125","0.44%"
"Mar 15, 2017","0.1129","0.1115","0.1129","0.1109","1.26%"
"Mar 14, 2017","0.1115","0.1118","0.1122","0.1113","-0.27%"
"Mar 13, 2017","0.1118","0.1110","0.1119","0.1110","0.63%"
"Mar 10, 2017","0.1111","0.1105","0.1113","0.1105","0.54%"
"Mar 09, 2017","0.1105","0.1104","0.1110","0.1103","0.00%"
"Mar 08, 2017","0.1105","0.1109","0.1110","0.1104","-0.45%"
"Mar 07, 2017","0.1110","0.1109","0.1112","0.1107","0.09%"
"Mar 06, 2017","0.1109","0.1113","0.1115","0.1107","-0.45%"
"Mar 03, 2017","0.1114","0.1101","0.1114","0.1100","1.18%"
"Mar 02, 2017","0.1101","0.1105","0.1107","0.1100","-0.36%"
"Mar 01, 2017","0.1105","0.1107","0.1108","0.1101","-0.09%"
"Feb 28, 2017","0.1106","0.1103","0.1111","0.1101","0.18%"
"Feb 27, 2017","0.1104","0.1106","0.1110","0.1103","-0.18%"
"Feb 24, 2017","0.1106","0.1112","0.1116","0.1106","-0.54%"
"Feb 23, 2017","0.1112","0.1114","0.1115","0.1110","-0.18%"
"Feb 22, 2017","0.1114","0.1114","0.1116","0.1107","0.00%"
"Feb 21, 2017","0.1114","0.1119","0.1119","0.1111","-0.45%"
"Feb 20, 2017","0.1119","0.1122","0.1124","0.1118","-0.27%"
"Feb 17, 2017","0.1122","0.1129","0.1129","0.1120","-0.62%"
"Feb 16, 2017","0.1129","0.1120","0.1130","0.1120","0.71%"
"Feb 15, 2017","0.1121","0.1120","0.1122","0.1112","0.09%"
"Feb 14, 2017","0.1120","0.1118","0.1123","0.1117","0.09%"
"Feb 13, 2017","0.1119","0.1121","0.1124","0.1118","-0.09%"
"Feb 10, 2017","0.1120","0.1122","0.1124","0.1119","-0.27%"
"Feb 09, 2017","0.1123","0.1132","0.1132","0.1122","-0.80%"
"Feb 08, 2017","0.1132","0.1127","0.1132","0.1124","0.44%"
"Feb 07, 2017","0.1127","0.1133","0.1134","0.1123","-0.53%"
"Feb 06, 2017","0.1133","0.1141","0.1143","0.1129","-0.79%"
"Feb 03, 2017","0.1142","0.1142","0.1144","0.1134","-0.09%"
"Feb 02, 2017","0.1143","0.1142","0.1150","0.1141","0.00%"
"Feb 01, 2017","0.1143","0.1144","0.1147","0.1139","-0.09%"
"Jan 31, 2017","0.1144","0.1132","0.1144","0.1131","1.06%"
"Jan 30, 2017","0.1132","0.1130","0.1134","0.1125","0.18%"
"Jan 27, 2017","0.1130","0.1131","0.1134","0.1127","-0.09%"
"Jan 26, 2017","0.1131","0.1134","0.1136","0.1127","-0.26%"
"Jan 25, 2017","0.1134","0.1130","0.1135","0.1127","0.35%"
"Jan 24, 2017","0.1130","0.1133","0.1134","0.1128","-0.26%"
"Jan 23, 2017","0.1133","0.1124","0.1133","0.1123","0.71%"
"Jan 20, 2017","0.1125","0.1117","0.1126","0.1116","0.72%"
"Jan 19, 2017","0.1117","0.1116","0.1120","0.1108","0.00%"
"Jan 18, 2017","0.1117","0.1125","0.1126","0.1116","-0.71%"
"Jan 17, 2017","0.1125","0.1117","0.1128","0.1116","0.72%"
"Jan 16, 2017","0.1117","0.1122","0.1123","0.1114","-0.53%"
"Jan 13, 2017","0.1123","0.1117","0.1124","0.1116","0.54%"
"Jan 12, 2017","0.1117","0.1108","0.1123","0.1107","0.81%"
"Jan 11, 2017","0.1108","0.1101","0.1110","0.1092","0.64%"
"Jan 10, 2017","0.1101","0.1105","0.1110","0.1101","-0.36%"
"Jan 09, 2017","0.1105","0.1105","0.1106","0.1099","0.18%"
"Jan 06, 2017","0.1103","0.1112","0.1112","0.1101","-0.81%"
"Jan 05, 2017","0.1112","0.1098","0.1112","0.1097","1.18%"
"Jan 04, 2017","0.1099","0.1091","0.1100","0.1089","0.73%"
"Jan 03, 2017","0.1091","0.1095","0.1098","0.1086","-0.27%"
"Jan 02, 2017","0.1094","0.1099","0.1101","0.1093","-0.36%"
"Dec 30, 2016","0.1098","0.1096","0.1111","0.1095","0.18%"
"Dec 29, 2016","0.1096","0.1086","0.1099","0.1086","0.92%"
"Dec 28, 2016","0.1086","0.1084","0.1089","0.1083","0.18%"
"Dec 27, 2016","0.1084","0.1086","0.1086","0.1081","-0.18%"
"Dec 26, 2016","0.1086","0.1085","0.1088","0.1081","0.09%"
"Dec 23, 2016","0.1085","0.1084","0.1089","0.1082","0.09%"
"Dec 22, 2016","0.1084","0.1083","0.1093","0.1083","0.09%"
"Dec 21, 2016","0.1083","0.1069","0.1085","0.1068","1.21%"
"Dec 20, 2016","0.1070","0.1065","0.1071","0.1062","0.47%"
"Dec 19, 2016","0.1065","0.1069","0.1072","0.1064","-0.37%"
"Dec 16, 2016","0.1069","0.1063","0.1071","0.1058","0.56%"
"Dec 15, 2016","0.1063","0.1080","0.1080","0.1060","-1.57%"
"Dec 14, 2016","0.1080","0.1091","0.1094","0.1076","-1.01%"
"Dec 13, 2016","0.1091","0.1091","0.1095","0.1089","0.00%"
"Dec 12, 2016","0.1091","0.1087","0.1092","0.1084","0.18%"
"Dec 09, 2016","0.1089","0.1096","0.1096","0.1085","-0.64%"
"Dec 08, 2016","0.1096","0.1102","0.1112","0.1091","-0.54%"
"Dec 07, 2016","0.1102","0.1095","0.1104","0.1094","0.55%"
"Dec 06, 2016","0.1096","0.1097","0.1098","0.1093","0.00%"
"Dec 05, 2016","0.1096","0.1089","0.1100","0.1074","0.74%"
"Dec 02, 2016","0.1088","0.1084","0.1089","0.1083","0.28%"
"Dec 01, 2016","0.1085","0.1083","0.1087","0.1079","0.09%"
"Nov 30, 2016","0.1084","0.1089","0.1094","0.1079","-0.55%"
"Nov 29, 2016","0.1090","0.1087","0.1091","0.1081","0.28%"
"Nov 28, 2016","0.1087","0.1083","0.1090","0.1080","0.46%"
"Nov 25, 2016","0.1082","0.1081","0.1086","0.1079","0.09%"
"Nov 24, 2016","0.1081","0.1077","0.1085","0.1074","0.28%"
"Nov 23, 2016","0.1078","0.1085","0.1086","0.1075","-0.65%"
"Nov 22, 2016","0.1085","0.1085","0.1088","0.1079","0.00%"
"Nov 21, 2016","0.1085","0.1080","0.1086","0.1078","0.46%"
"Nov 18, 2016","0.1080","0.1080","0.1085","0.1077","-0.18%"
"Nov 17, 2016","0.1082","0.1087","0.1094","0.1081","-0.46%"
"Nov 16, 2016","0.1087","0.1088","0.1092","0.1084","-0.18%"
"Nov 15, 2016","0.1089","0.1092","0.1104","0.1087","-0.27%"
"Nov 14, 2016","0.1092","0.1099","0.1101","0.1089","-0.73%"
"Nov 11, 2016","0.1100","0.1106","0.1108","0.1097","-0.54%"
"Nov 10, 2016","0.1106","0.1103","0.1108","0.1097","0.27%"
"Nov 09, 2016","0.1103","0.1112","0.1123","0.1096","-0.81%"
"Nov 08, 2016","0.1112","0.1108","0.1114","0.1107","0.36%"
"Nov 07, 2016","0.1108","0.1117","0.1117","0.1104","-0.89%"
"Nov 04, 2016","0.1118","0.1115","0.1119","0.1111","0.27%"
"Nov 03, 2016","0.1115","0.1121","0.1125","0.1114","-0.54%"
"Nov 02, 2016","0.1121","0.1116","0.1125","0.1115","0.54%"
"Nov 01, 2016","0.1115","0.1107","0.1119","0.1105","0.72%"
"Oct 31, 2016","0.1107","0.1109","0.1112","0.1106","-0.18%"
"Oct 28, 2016","0.1109","0.1101","0.1113","0.1101","0.73%"
"Oct 27, 2016","0.1101","0.1122","0.1127","0.1100","-1.87%"
"Oct 26, 2016","0.1122","0.1120","0.1124","0.1119","0.18%"
"Oct 25, 2016","0.1120","0.1122","0.1123","0.1116","-0.18%"
"Oct 24, 2016","0.1122","0.1121","0.1124","0.1119","0.09%"
"Oct 21, 2016","0.1121","0.1127","0.1128","0.1118","-0.53%"
"Oct 20, 2016","0.1127","0.1132","0.1135","0.1125","-0.44%"
"Oct 19, 2016","0.1132","0.1133","0.1136","0.1129","-0.09%"
"Oct 18, 2016","0.1133","0.1135","0.1138","0.1132","-0.18%"
"Oct 17, 2016","0.1135","0.1131","0.1135","0.1130","0.35%"
"Oct 14, 2016","0.1131","0.1137","0.1139","0.1130","-0.53%"
"Oct 13, 2016","0.1137","0.1131","0.1139","0.1127","0.53%"
"Oct 12, 2016","0.1131","0.1133","0.1135","0.1129","-0.26%"
"Oct 11, 2016","0.1134","0.1155","0.1156","0.1132","-1.82%"
"Oct 10, 2016","0.1155","0.1158","0.1159","0.1153","-0.35%"
"Oct 07, 2016","0.1159","0.1158","0.1164","0.1152","0.00%"
"Oct 06, 2016","0.1159","0.1164","0.1166","0.1158","-0.43%"
"Oct 05, 2016","0.1164","0.1162","0.1169","0.1160","0.17%"
"Oct 04, 2016","0.1162","0.1167","0.1169","0.1158","-0.43%"
"Oct 03, 2016","0.1167","0.1166","0.1174","0.1164","0.00%"
"Sep 30, 2016","0.1167","0.1166","0.1169","0.1158","0.00%"
"Sep 29, 2016","0.1167","0.1167","0.1172","0.1163","-0.09%"
"Sep 28, 2016","0.1168","0.1163","0.1168","0.1160","0.43%"
"Sep 27, 2016","0.1163","0.1172","0.1174","0.1158","-0.77%"
"Sep 26, 2016","0.1172","0.1170","0.1174","0.1168","0.09%"
"Sep 23, 2016","0.1171","0.1169","0.1172","0.1167","0.09%"
"Sep 22, 2016","0.1170","0.1168","0.1175","0.1168","0.09%"
"Sep 21, 2016","0.1169","0.1163","0.1169","0.1160","0.52%"
"Sep 20, 2016","0.1163","0.1167","0.1171","0.1163","-0.34%"
"Sep 19, 2016","0.1167","0.1169","0.1172","0.1166","0.00%"
"Sep 16, 2016","0.1167","0.1179","0.1179","0.1165","-1.02%"
"Sep 15, 2016","0.1179","0.1178","0.1181","0.1172","0.00%"
"Sep 14, 2016","0.1179","0.1172","0.1182","0.1171","0.51%"
"Sep 13, 2016","0.1173","0.1179","0.1180","0.1170","-0.51%"
"Sep 12, 2016","0.1179","0.1177","0.1181","0.1171","0.17%"
"Sep 09, 2016","0.1177","0.1184","0.1187","0.1174","-0.59%"
"Sep 08, 2016","0.1184","0.1184","0.1193","0.1181","0.00%"
"Sep 07, 2016","0.1184","0.1181","0.1187","0.1178","0.17%"
"Sep 06, 2016","0.1182","0.1167","0.1182","0.1166","1.29%"
"Sep 05, 2016","0.1167","0.1165","0.1170","0.1164","0.17%"
"Sep 02, 2016","0.1165","0.1169","0.1174","0.1162","-0.34%"
"Sep 01, 2016","0.1169","0.1167","0.1170","0.1161","0.00%"
"Aug 31, 2016","0.1169","0.1171","0.1174","0.1165","-0.17%"
"Aug 30, 2016","0.1171","0.1181","0.1181","0.1167","-0.93%"
"Aug 29, 2016","0.1182","0.1179","0.1182","0.1175","0.25%"
"Aug 26, 2016","0.1179","0.1189","0.1196","0.1175","-0.92%"
"Aug 25, 2016","0.1190","0.1191","0.1192","0.1188","-0.08%"
"Aug 24, 2016","0.1191","0.1193","0.1196","0.1187","-0.25%"
"Aug 23, 2016","0.1194","0.1194","0.1199","0.1192","0.00%"
"Aug 22, 2016","0.1194","0.1193","0.1195","0.1186","0.17%"
"Aug 19, 2016","0.1192","0.1198","0.1200","0.1190","-0.50%"
"Aug 18, 2016","0.1198","0.1187","0.1199","0.1186","0.93%"
"Aug 17, 2016","0.1187","0.1188","0.1190","0.1183","-0.17%"
"Aug 16, 2016","0.1189","0.1182","0.1199","0.1181","0.59%"
"Aug 15, 2016","0.1182","0.1183","0.1185","0.1179","-0.08%"
"Aug 12, 2016","0.1183","0.1180","0.1190","0.1179","0.25%"
"Aug 11, 2016","0.1180","0.1181","0.1188","0.1179","-0.08%"
"Aug 10, 2016","0.1181","0.1172","0.1184","0.1170","0.77%"
"Aug 09, 2016","0.1172","0.1165","0.1174","0.1163","0.51%"
"Aug 08, 2016","0.1166","0.1168","0.1169","0.1162","-0.09%"
"Aug 05, 2016","0.1167","0.1173","0.1175","0.1164","-0.60%"
"Aug 04, 2016","0.1174","0.1170","0.1177","0.1167","0.34%"
"Aug 03, 2016","0.1170","0.1175","0.1178","0.1169","-0.43%"
"Aug 02, 2016","0.1175","0.1163","0.1177","0.1163","0.95%"
"Aug 01, 2016","0.1164","0.1170","0.1171","0.1162","-0.43%"
"Jul 29, 2016","0.1169","0.1157","0.1172","0.1156","1.04%"
"Jul 28, 2016","0.1157","0.1159","0.1167","0.1156","-0.17%"
"Jul 27, 2016","0.1159","0.1155","0.1161","0.1149","0.35%"
"Jul 26, 2016","0.1155","0.1158","0.1160","0.1154","-0.17%"
"Jul 25, 2016","0.1157","0.1155","0.1157","0.1153","0.09%"
"Jul 22, 2016","0.1156","0.1164","0.1164","0.1152","-0.69%"
"Jul 21, 2016","0.1164","0.1162","0.1166","0.1159","0.09%"
"Jul 20, 2016","0.1163","0.1161","0.1164","0.1157","0.17%"
"Jul 19, 2016","0.1161","0.1170","0.1170","0.1159","-0.77%"
"Jul 18, 2016","0.1170","0.1166","0.1170","0.1166","0.52%"
"Jul 15, 2016","0.1164","0.1177","0.1180","0.1163","-1.10%"
"Jul 14, 2016","0.1177","0.1177","0.1182","0.1175","0.00%"
"Jul 13, 2016","0.1177","0.1171","0.1180","0.1166","0.51%"
"Jul 12, 2016","0.1171","0.1166","0.1176","0.1164","0.43%"
"Jul 11, 2016","0.1166","0.1165","0.1169","0.1162","0.00%"
"Jul 08, 2016","0.1166","0.1165","0.1171","0.1160","0.00%"
"Jul 07, 2016","0.1166","0.1173","0.1173","0.1164","-0.60%"
"Jul 06, 2016","0.1173","0.1173","0.1176","0.1164","0.00%"
"Jul 05, 2016","0.1173","0.1188","0.1189","0.1171","-1.26%"
"Jul 04, 2016","0.1188","0.1186","0.1188","0.1180","0.25%"
"Jul 01, 2016","0.1185","0.1181","0.1190","0.1178","0.25%"
"Jun 30, 2016","0.1182","0.1182","0.1184","0.1171","0.00%"
"Jun 29, 2016","0.1182","0.1175","0.1184","0.1171","0.60%"
"Jun 28, 2016","0.1175","0.1168","0.1179","0.1166","0.51%"
"Jun 27, 2016","0.1169","0.1176","0.1182","0.1162","-1.10%"
"Jun 24, 2016","0.1182","0.1226","0.1235","0.1139","-3.59%"
"Jun 23, 2016","0.1226","0.1210","0.1228","0.1210","1.32%"
"Jun 22, 2016","0.1210","0.1207","0.1215","0.1206","0.25%"
"Jun 21, 2016","0.1207","0.1213","0.1219","0.1206","-0.49%"
"Jun 20, 2016","0.1213","0.1201","0.1217","0.1201","1.08%"
"Jun 17, 2016","0.1200","0.1199","0.1205","0.1197","0.08%"
"Jun 16, 2016","0.1199","0.1203","0.1207","0.1184","-0.33%"
"Jun 15, 2016","0.1203","0.1203","0.1207","0.1197","0.00%"
"Jun 14, 2016","0.1203","0.1214","0.1214","0.1202","-0.91%"
"Jun 13, 2016","0.1214","0.1204","0.1215","0.1202","0.91%"
"Jun 10, 2016","0.1203","0.1223","0.1223","0.1202","-1.64%"
"Jun 09, 2016","0.1223","0.1233","0.1235","0.1222","-0.81%"
"Jun 08, 2016","0.1233","0.1230","0.1236","0.1229","0.24%"
"Jun 07, 2016","0.1230","0.1231","0.1233","0.1227","-0.08%"
"Jun 06, 2016","0.1231","0.1227","0.1233","0.1223","0.16%"
"Jun 03, 2016","0.1229","0.1200","0.1229","0.1200","2.33%"
"Jun 02, 2016","0.1201","0.1204","0.1208","0.1198","-0.33%"
"Jun 01, 2016","0.1205","0.1200","0.1207","0.1198","0.42%"
"May 31, 2016","0.1200","0.1199","0.1204","0.1196","0.00%"
"May 30, 2016","0.1200","0.1197","0.1202","0.1195","0.25%"
"May 27, 2016","0.1197","0.1207","0.1210","0.1197","-0.83%"
"May 26, 2016","0.1207","0.1205","0.1210","0.1202","0.08%"
"May 25, 2016","0.1206","0.1203","0.1207","0.1201","0.33%"
"May 24, 2016","0.1202","0.1198","0.1205","0.1194","0.25%"
"May 23, 2016","0.1199","0.1201","0.1205","0.1195","-0.33%"
"May 20, 2016","0.1203","0.1196","0.1203","0.1196","0.50%"
"May 19, 2016","0.1197","0.1197","0.1200","0.1193","0.00%"
"May 18, 2016","0.1197","0.1211","0.1211","0.1196","-1.16%"
"May 17, 2016","0.1211","0.1210","0.1216","0.1208","0.08%"
"May 16, 2016","0.1210","0.1212","0.1217","0.1209","-0.17%"
"May 13, 2016","0.1212","0.1222","0.1222","0.1208","-0.82%"
"May 12, 2016","0.1222","0.1228","0.1230","0.1220","-0.57%"
"May 11, 2016","0.1229","0.1225","0.1232","0.1225","0.33%"
"May 10, 2016","0.1225","0.1225","0.1230","0.1223","0.00%"
"May 09, 2016","0.1225","0.1227","0.1231","0.1224","-0.33%"
"May 06, 2016","0.1229","0.1233","0.1237","0.1226","-0.32%"
"May 05, 2016","0.1233","0.1239","0.1241","0.1231","-0.48%"
"May 04, 2016","0.1239","0.1241","0.1245","0.1237","-0.08%"
"May 03, 2016","0.1240","0.1256","0.1268","0.1240","-1.27%"
"May 02, 2016","0.1256","0.1245","0.1258","0.1244","0.88%"
"Apr 29, 2016","0.1245","0.1239","0.1252","0.1238","0.48%"
"Apr 28, 2016","0.1239","0.1235","0.1245","0.1234","0.32%"
"Apr 27, 2016","0.1235","0.1231","0.1240","0.1229","0.24%"
"Apr 26, 2016","0.1232","0.1230","0.1238","0.1227","0.16%"
"Apr 25, 2016","0.1230","0.1225","0.1231","0.1224","0.24%"
"Apr 22, 2016","0.1227","0.1228","0.1237","0.1224","-0.08%"
"Apr 21, 2016","0.1228","0.1230","0.1241","0.1227","-0.16%"
"Apr 20, 2016","0.1230","0.1236","0.1244","0.1229","-0.57%"
"Apr 19, 2016","0.1237","0.1232","0.1239","0.1231","0.41%"
"Apr 18, 2016","0.1232","0.1228","0.1234","0.1227","0.16%"
"Apr 15, 2016","0.1230","0.1229","0.1235","0.1225","0.00%"
"Apr 14, 2016","0.1230","0.1228","0.1232","0.1221","0.08%"
"Apr 13, 2016","0.1229","0.1237","0.1238","0.1227","-0.65%"
"Apr 12, 2016","0.1237","0.1232","0.1245","0.1231","0.41%"
"Apr 11, 2016","0.1232","0.1227","0.1237","0.1225","0.41%"
"Apr 08, 2016","0.1227","0.1224","0.1230","0.1222","0.25%"
"Apr 07, 2016","0.1224","0.1227","0.1232","0.1223","-0.24%"
"Apr 06, 2016","0.1227","0.1229","0.1230","0.1222","-0.24%"
"Apr 05, 2016","0.1230","0.1230","0.1232","0.1224","0.00%"
"Apr 04, 2016","0.1230","0.1230","0.1233","0.1227","0.08%"
"Apr 01, 2016","0.1229","0.1232","0.1238","0.1226","-0.24%"
"Mar 31, 2016","0.1232","0.1230","0.1237","0.1225","0.16%"
"Mar 30, 2016","0.1230","0.1219","0.1230","0.1219","0.82%"
"Mar 29, 2016","0.1220","0.1207","0.1221","0.1204","1.08%"
"Mar 28, 2016","0.1207","0.1205","0.1210","0.1202","0.25%"
"Mar 25, 2016","0.1204","0.1205","0.1206","0.1202","-0.17%"
"Mar 24, 2016","0.1206","0.1210","0.1210","0.1203","-0.33%"
"Mar 23, 2016","0.1210","0.1215","0.1217","0.1207","-0.41%"
"Mar 22, 2016","0.1215","0.1214","0.1218","0.1206","0.00%"
"Mar 21, 2016","0.1215","0.1214","0.1219","0.1211","0.00%"
"Mar 18, 2016","0.1215","0.1222","0.1225","0.1213","-0.57%"
"Mar 17, 2016","0.1222","0.1217","0.1230","0.1213","0.41%"
"Mar 16, 2016","0.1217","0.1202","0.1220","0.1197","1.25%"
"Mar 15, 2016","0.1202","0.1198","0.1205","0.1195","0.25%"
"Mar 14, 2016","0.1199","0.1197","0.1202","0.1195","0.00%"
"Mar 11, 2016","0.1199","0.1193","0.1201","0.1189","0.42%"
"Mar 10, 2016","0.1194","0.1184","0.1200","0.1170","0.76%"
"Mar 09, 2016","0.1185","0.1177","0.1188","0.1174","0.68%"
"Mar 08, 2016","0.1177","0.1180","0.1182","0.1173","-0.25%"
"Mar 07, 2016","0.1180","0.1180","0.1180","0.1171","0.00%"
"Mar 04, 2016","0.1180","0.1173","0.1182","0.1168","0.60%"
"Mar 03, 2016","0.1173","0.1161","0.1174","0.1159","0.95%"
"Mar 02, 2016","0.1162","0.1160","0.1164","0.1156","0.26%"
"Mar 01, 2016","0.1159","0.1167","0.1169","0.1156","-0.69%"
"Feb 29, 2016","0.1167","0.1169","0.1174","0.1163","-0.17%"
"Feb 26, 2016","0.1169","0.1175","0.1182","0.1167","-0.51%"
"Feb 25, 2016","0.1175","0.1178","0.1180","0.1170","-0.25%"
"Feb 24, 2016","0.1178","0.1177","0.1181","0.1169","0.00%"
"Feb 23, 2016","0.1178","0.1176","0.1181","0.1175","0.08%"
"Feb 22, 2016","0.1177","0.1183","0.1184","0.1174","-0.59%"
"Feb 19, 2016","0.1184","0.1184","0.1187","0.1178","0.00%"
"Feb 18, 2016","0.1184","0.1174","0.1185","0.1173","0.85%"
"Feb 17, 2016","0.1174","0.1175","0.1182","0.1171","-0.09%"
"Feb 16, 2016","0.1175","0.1178","0.1182","0.1173","-0.34%"
"Feb 15, 2016","0.1179","0.1187","0.1190","0.1174","-0.76%"
"Feb 12, 2016","0.1188","0.1194","0.1196","0.1183","-0.50%"
"Feb 11, 2016","0.1194","0.1194","0.1199","0.1179","0.00%"
"Feb 10, 2016","0.1194","0.1188","0.1195","0.1177","0.51%"
"Feb 09, 2016","0.1188","0.1184","0.1192","0.1178","0.34%"
"Feb 08, 2016","0.1184","0.1182","0.1190","0.1176","0.25%"
"Feb 05, 2016","0.1181","0.1190","0.1193","0.1178","-0.76%"
"Feb 04, 2016","0.1190","0.1186","0.1197","0.1182","0.34%"
"Feb 03, 2016","0.1186","0.1168","0.1188","0.1165","1.45%"
"Feb 02, 2016","0.1169","0.1172","0.1174","0.1164","-0.34%"
"Feb 01, 2016","0.1173","0.1166","0.1175","0.1162","0.60%"
"Jan 29, 2016","0.1166","0.1175","0.1178","0.1160","-0.77%"
"Jan 28, 2016","0.1175","0.1175","0.1177","0.1170","0.00%"
"Jan 27, 2016","0.1175","0.1171","0.1179","0.1168","0.26%"
"Jan 26, 2016","0.1172","0.1168","0.1172","0.1166","0.43%"
"Jan 25, 2016","0.1167","0.1165","0.1169","0.1163","0.09%"
"Jan 22, 2016","0.1166","0.1168","0.1172","0.1162","-0.17%"
"Jan 21, 2016","0.1168","0.1164","0.1170","0.1155","0.34%"
"Jan 20, 2016","0.1164","0.1171","0.1175","0.1161","-0.60%"
"Jan 19, 2016","0.1171","0.1166","0.1174","0.1163","0.43%"
"Jan 18, 2016","0.1166","0.1165","0.1167","0.1161","0.17%"
"Jan 15, 2016","0.1164","0.1167","0.1174","0.1163","-0.43%"
"Jan 14, 2016","0.1169","0.1172","0.1177","0.1167","-0.26%"
"Jan 13, 2016","0.1172","0.1172","0.1175","0.1167","0.00%"
"Jan 12, 2016","0.1172","0.1171","0.1175","0.1167","0.09%"
"Jan 11, 2016","0.1171","0.1176","0.1178","0.1170","-0.51%"
"Jan 08, 2016","0.1177","0.1181","0.1182","0.1165","-0.42%"
"Jan 07, 2016","0.1182","0.1164","0.1182","0.1163","1.55%"
"Jan 06, 2016","0.1164","0.1163","0.1167","0.1161","0.09%"
"Jan 05, 2016","0.1163","0.1177","0.1177","0.1158","-1.19%"
"Jan 04, 2016","0.1177","0.1184","0.1191","0.1173","-0.59%"
"Jan 01, 2016","0.1184","0.1184","0.1184","0.1183","0.00%"