Open,Close,High,Low,Volume,Date
60.2,59.24,60.29,58.59,,02/19/21
61.68,60.52,62.26,59.79,,02/18/21
60.24,61.14,61.73,59.43,,02/17/21
59.98,60.05,60.95,59.33,,02/16/21
57.94,59.47,59.82,57.41,,02/12/21
58.4,58.24,58.71,57.84,,02/11/21
58.45,58.68,58.91,58.08,,02/10/21
58.11,58.36,58.62,57.27,,02/09/21
57.06,57.97,58.14,57,,02/08/21
56.46,56.85,57.29,56.43,,02/05/21
55.96,56.23,56.58,55.3,,02/04/21
55.05,55.69,56.33,54.81,,02/03/21
53.48,54.76,55.26,53.45,,02/02/21
51.99,53.55,53.74,51.64,,02/01/21
52.15,52.2,53.25,51.93,,01/29/21
52.65,52.34,53.58,52.04,,01/28/21
52.76,52.85,53.3,51.85,,01/27/21
52.91,52.61,53.25,52.29,,01/26/21
52.17,52.77,52.95,51.82,,01/25/21
53.1,52.27,53.16,51.44,,01/22/21
0,53.13,53.41,52.75,,01/21/21
53.13,53.24,53.79,53.05,,01/20/21
52,52.98,53.13,51.76,,01/19/21
53.8,52.36,53.83,51.83,,01/15/21
52.84,53.57,53.75,52.24,,01/14/21
53.31,52.91,53.93,52.58,,01/13/21
52.18,53.21,53.45,52.07,,01/12/21
52.58,52.25,52.7,51.5,,01/11/21
50.93,52.24,52.75,50.81,,01/08/21
50.53,50.83,51.28,50.39,,01/07/21
49.82,50.63,50.94,49.48,,01/06/21
47.38,49.93,50.2,47.24,,01/05/21
48.4,47.62,49.83,47.18,,01/04/21
48.35,48.52,48.58,47.77,,12/31/20
48.13,48.4,48.66,47.61,,12/30/20
47.72,48,48.35,47.68,,12/29/20
48.23,47.62,48.96,47.5,,12/28/20
48.09,48.23,48.62,47.56,,12/24/20
46.79,48.12,48.5,46.16,,12/23/20
0,47.02,0,46.6,,12/22/20
48.54,47.74,48.61,46.18,,12/21/20
48.43,49.1,49.28,48.1,,12/18/20
47.85,48.36,48.59,47.81,,12/17/20
47.6,47.82,47.94,47.17,,12/16/20
46.99,47.62,47.73,46.54,,12/15/20
46.73,46.99,47.44,45.69,,12/14/20
46.97,46.57,47.29,46.34,,12/11/20
45.69,46.78,47.74,45.52,,12/10/20
45.6,45.52,46.24,44.95,,12/09/20
45.66,45.6,45.93,45.14,,12/08/20
46.15,45.76,46.54,45.36,,12/07/20
45.64,46.26,46.68,45.61,,12/04/20
44.99,45.64,45.84,44.66,,12/03/20
44.38,45.28,45.92,43.92,,12/02/20
45.08,44.55,45.7,44.12,,12/01/20
45.34,45.34,45.8,44.42,,11/30/20
45.9,45.53,46.09,44.55,,11/27/20
44.82,45.71,46.26,44.73,,11/25/20
42.84,44.91,45.2,42.82,,11/24/20
42.46,43.06,43.36,42.29,,11/23/20
41.7,42.42,42.32,41.51,,11/20/20
41.61,41.74,41.98,41.08,,11/19/20
41.35,41.82,42.46,41.08,,11/18/20
41.44,41.43,41.69,40.57,,11/17/20
40.17,41.34,42.09,40.15,,11/16/20
40.94,40.13,40.94,40.06,,11/13/20
41.47,41.12,42.19,40.87,,11/12/20
41.79,41.45,43.06,41.32,,11/11/20
39.91,41.36,41.84,39.41,,11/10/20
37.34,40.29,41.33,37.16,,11/09/20
38.54,37.14,38.61,37.06,,11/06/20
39.17,38.79,39.35,38.27,,11/05/20
38.15,39.15,39.25,37.26,,11/04/20
37.03,37.66,38.32,36.57,,11/03/20
35.24,36.81,37.15,33.64,,11/02/20
36.07,35.79,36.6,35.21,,10/30/20
37.39,36.17,37.76,34.92,,10/29/20
38.97,37.39,39.01,36.97,,10/28/20
38.59,39.57,39.83,38.51,,10/27/20
39.15,38.56,0,38.28,,10/26/20
39.69,39.15,39.74,38.83,,10/25/20
40.61,39.85,40.92,39.57,,10/23/20
40.04,40.64,41.02,39.71,,10/22/20
0,40.03,0,39.78,,10/21/20
40.65,41.46,41.7,40.25,,10/20/20
40.69,40.83,41.22,40.54,,10/19/20
40.88,40.88,41.05,40.08,,10/16/20
41.13,40.96,41.29,39.22,,10/15/20
40.19,41.04,41.16,39.82,,10/14/20
39.53,40.2,40.53,39.35,,10/13/20
40.4,39.43,40.45,39.04,,10/12/20
41.31,40.6,41.47,40.38,,10/09/20
39.99,41.19,41.33,39.76,,10/08/20
39.83,39.95,40.35,39.28,,10/07/20
39.35,40.67,40.86,39.1,,10/06/20
37,39.22,39.72,37,,10/05/20
38.6,37.05,38.65,36.63,,10/02/20
39.9,38.72,40.47,37.61,,10/01/20
39.16,40.22,40.37,38.68,,09/30/20
40.58,39.29,40.7,38.41,,09/29/20
40.07,40.6,40.8,39.78,,09/28/20
40.15,40.25,40.64,39.71,,09/25/20
39.6,40.31,40.37,39.12,,09/24/20
0,39.93,40.75,39.26,,09/23/20
39.63,39.6,40.02,39,,09/22/20
40.98,39.31,41.27,38.66,,09/21/20
40.97,41.11,41.49,40.3,,09/18/20
40.19,40.97,41.22,39.42,,09/17/20
38.35,40.16,40.34,38.35,,09/16/20
37.28,38.28,38.57,37.06,,09/15/20
37.32,37.26,37.68,36.82,,09/14/20
37.01,37.33,37.82,36.67,,09/11/20
37.8,37.3,38.18,36.93,,09/10/20
36.79,38.05,38.45,36.16,,09/09/20
39.48,36.76,39.59,36.13,,09/08/20
41.25,39.77,41.87,39.35,,09/04/20
41.63,41.37,41.79,40.22,,09/03/20
43.02,41.51,43.21,41.23,,09/02/20
42.83,42.76,43.43,42.72,,09/01/20
42.91,42.61,43.57,42.56,,08/31/20
42.98,42.97,43.42,42.69,,08/28/20
43.45,43.04,43.5,42.36,,08/27/20
43.39,43.39,43.78,43,,08/26/20
42.36,43.35,43.57,42.31,,08/25/20
42.48,42.62,42.89,42.23,,08/24/20
0,42.34,42.96,41.46,,08/21/20
42.74,42.58,42.79,41.5,,08/20/20
42.6,42.93,43.03,42.36,,08/19/20
42.79,42.89,42.99,42.11,,08/18/20
42.24,42.89,42.97,41.8,,08/17/20
42.33,42.01,42.57,41.62,,08/14/20
42.57,42.24,42.84,42.09,,08/13/20
41.62,42.67,42.9,41.53,,08/12/20
41.98,41.61,42.94,41.48,,08/11/20
41.5,41.94,42.33,41.17,,08/10/20
41.97,41.22,42.22,41.06,,08/07/20
42.19,41.95,42.65,41.61,,08/06/20
41.56,42.19,43.52,41.47,,08/05/20
40.78,41.7,42.08,40.14,,08/04/20
40.39,41.01,41.24,39.58,,08/03/20
40.34,40.27,40.55,39.66,,07/31/20
41.32,39.92,41.39,38.72,,07/30/20
41.13,41.27,41.57,40.93,,07/29/20
41.65,41.04,41.93,40.85,,07/28/20
41.26,41.6,41.82,40.48,,07/27/20
41.06,41.29,41.67,40.66,,07/24/20
41.95,41.07,42.36,40.83,,07/23/20
0,41.9,42.03,41.14,,07/22/20
40.65,41.96,42.4,40.64,,07/21/20
40.64,40.81,40.91,39.83,,07/20/20
40.72,40.59,40.9,40.02,,07/17/20
40.97,40.75,41.18,40.52,,07/16/20
40.55,41.2,41.26,40.08,,07/15/20
39.6,40.29,40.57,39.07,,07/14/20
40.35,40.1,40.72,39.47,,07/13/20
39.58,40.55,40.77,38.54,,07/10/20
40.87,39.62,40.99,39.27,,07/09/20
40.48,40.9,41.08,40.3,,07/08/20
40.68,40.62,40.95,39.9,,07/07/20
40.31,40.63,41.08,40.15,,07/06/20
39.78,40.65,40.74,39.46,,07/02/20
39.84,39.82,40.58,39.05,,07/01/20
39.64,39.27,40.08,38.85,,06/30/20
37.96,39.7,39.89,37.5,,06/29/20
39.09,38.49,39.35,37.79,,06/26/20
38.05,38.72,39.23,37.08,,06/25/20
39.99,38.01,40.54,37.31,,06/24/20
0,40.37,41.63,0,,06/23/20
39.18,40.46,40.7,39.12,,06/22/20
38.85,39.75,40.49,38.4,,06/19/20
37.74,38.84,38.97,37.11,,06/18/20
37.93,37.96,38.75,37.21,,06/17/20
37.05,38.38,39.06,36.38,,06/16/20
36.03,37.12,37.26,34.36,,06/15/20
36.26,36.26,36.99,34.48,,06/12/20
39.09,36.34,39.09,35.41,,06/11/20
38.5,39.6,39.91,37.73,,06/10/20
38.22,38.94,39.1,37.07,,06/09/20
39.41,38.19,40.44,37.96,,06/08/20
37.33,39.55,39.68,37.05,,06/05/20
36.76,37.41,37.62,36.38,,06/04/20
36.86,37.29,38.18,35.88,,06/03/20
35.56,36.81,37.06,35.28,,06/02/20
35.21,35.44,35.9,34.27,,06/01/20
33.68,35.49,35.77,32.36,,05/29/20
32.1,33.71,34.21,31.14,,05/28/20
34.14,32.81,34.32,31.75,,05/27/20
33.3,34.35,34.81,32.48,,05/26/20
33.95,33.25,34,30.72,,05/22/20
33.53,33.92,34.66,33.26,,05/21/20
0,33.49,33.78,0,,05/20/20
32.83,32.5,33.44,31.34,,05/19/20
29.53,31.82,33.32,29.53,,05/18/20
27.64,29.43,29.92,27.24,,05/15/20
25.56,27.56,27.96,25.18,,05/14/20
25.3,25.29,26.45,24.79,,05/13/20
24.49,25.78,26.23,24.22,,05/12/20
24.49,24.14,25.58,23.67,,05/11/20
23.35,24.74,24.99,23.26,,05/08/20
24.09,23.55,26.74,22.94,,05/07/20
25.52,23.99,26.08,22.58,,05/06/20
21.24,24.56,25.49,21.13,,05/05/20
19.11,20.39,21.42,18.05,,05/04/20
19.04,19.78,20.48,18.07,,05/01/20
15.64,18.84,19.44,15.45,,04/30/20
13.35,15.06,16.78,12.67,,04/29/20
12.96,12.34,13.69,10.07,,04/28/20
16.84,12.78,16.98,11.88,,04/27/20
16.78,16.94,17.97,15.64,,04/24/20
14.2,16.5,18.26,13.35,,04/23/20
0,13.78,16.18,10.26,,04/22/20
-14,10.01,13.86,-16.74,,04/21/20
17.73,-37.63,0.05,-40.32,,04/20/20
20,18.27,20.22,17.31,,04/17/20
20.15,19.87,20.53,19.42,,04/16/20
20.72,19.87,20.89,19.2,,04/15/20
22.36,20.11,23.08,19.95,,04/14/20
24.6,22.41,24.74,22.03,,04/13/20
26.28,22.76,28.36,22.57,,04/09/20
24.3,25.09,26.45,23.74,,04/08/20
26.34,23.63,27.24,23.54,,04/07/20
26.09,26.08,28.24,25.28,,04/06/20
24.81,28.34,29.13,23.52,,04/03/20
21.22,25.32,27.39,20.76,,04/02/20
20.1,20.31,21.55,19.9,,04/01/20
20.23,20.48,21.89,20.01,,03/31/20
20.93,20.09,20.93,19.27,,03/30/20
23.29,21.51,23.44,20.88,,03/27/20
24.25,22.6,24.65,22.38,,03/26/20
24.37,24.49,25.24,22.91,,03/25/20
23.87,24.01,25.16,23.09,,03/24/20
22.52,23.36,24.07,20.8,,03/23/20
24.73,22.43,27.89,19.46,,03/20/20
22.3,25.22,27.71,21.36,,03/19/20
26.94,20.37,27.22,20.06,,03/18/20
28.69,26.95,30.3,26.63,,03/17/20
33.75,28.7,33.75,28.1,,03/16/20
30.77,31.73,33.87,30.33,,03/13/20
33.07,31.5,33.63,30.02,,03/12/20
34.62,32.98,36.35,32.56,,03/11/20
30.37,34.36,35.02,30.2,,03/10/20
32.87,31.13,34.88,27.34,,03/09/20
46.09,41.28,46.38,41.05,,03/06/20
47.13,45.9,47.57,45.65,,03/05/20
46.94,46.78,48.41,46.65,,03/04/20
47.72,47.18,48.66,46.47,,03/03/20
43.7,46.75,47.56,43.32,,03/02/20
46.49,44.76,47.03,43.85,,02/28/20
48.63,47.09,48.78,45.88,,02/27/20
50.08,48.73,50.44,48.3,,02/26/20
51.37,49.9,52.02,49.69,,02/25/20
52.6,51.43,52.64,50.45,,02/24/20
53.74,53.38,0,52.55,,02/21/20
53.5,53.78,54.5,53.22,,02/20/20
52.12,53.29,53.66,51.93,,02/19/20
52.23,52.05,0,50.88,,02/18/20
51.51,52.05,52.34,51.32,,02/14/20
51.72,51.42,51.96,50.6,,02/13/20
49.96,51.17,51.73,49.95,,02/12/20
49.61,49.94,50.69,49.58,,02/11/20
50.12,49.57,50.49,49.42,,02/10/20
51.11,50.32,51.48,50.09,,02/07/20
51.17,50.95,52.2,50.24,,02/06/20
49.51,50.75,51.88,49.47,,02/05/20
49.94,49.61,51.55,49.31,,02/04/20
51.01,50.11,51.97,49.8,,02/03/20
52.92,51.56,53.36,50.97,,01/31/20
53.09,52.14,53.2,51.66,,01/30/20
53.97,53.33,54.37,52.81,,01/29/20
52.77,53.48,54.06,52.68,,01/28/20
53.7,53.14,53.71,52.13,,01/27/20
55.69,54.19,55.95,53.85,,01/24/20
56.11,55.59,56.27,54.77,,01/23/20
58.26,56.74,0,56.03,,01/22/20
59.17,58.34,59.73,57.68,,01/21/20
58.59,58.54,58.98,58.27,,01/17/20
58.1,58.52,58.87,57.56,,01/16/20
58.2,57.81,58.36,57.36,,01/15/20
58.03,58.23,58.72,57.72,,01/14/20
59.04,58.08,59.27,57.91,,01/13/20
59.61,59.04,59.78,58.85,,01/10/20
59.99,59.56,60.31,58.66,,01/09/20
62.84,59.61,65.65,59.15,,01/08/20
62.91,62.7,63.15,62.11,,01/07/20
63.71,63.27,64.72,62.64,,01/06/20
61.18,63.05,64.09,61.13,,01/03/20
61.6,61.18,61.6,60.64,,01/02/20
61.68,61.06,61.88,60.63,,12/31/19
61.71,61.68,62.34,61.09,,12/30/19
61.73,61.72,61.97,61.24,,12/27/19
61.2,61.68,61.83,61.06,,12/26/19
60.63,61.11,61.16,60.47,,12/24/19
60.41,60.52,60.77,60.1,,12/23/19
0,60.44,61.2,60.02,,12/20/19
60.86,61.22,61.47,60.79,,12/19/19
60.55,60.93,61.18,60.32,,12/18/19
60.23,60.94,61.06,60.03,,12/17/19
59.87,60.21,60.34,59.71,,12/16/19
59.36,60.07,60.48,59.27,,12/13/19
58.88,59.18,59.72,58.75,,12/12/19
59.06,58.76,59.22,58.11,,12/11/19
58.92,59.24,59.52,58.52,,12/10/19
59.11,59.02,59.25,58.23,,12/09/19
58.32,59.2,59.85,57.7,,12/06/19
58.36,58.43,59.12,58.1,,12/05/19
56.43,58.43,58.66,56.28,,12/04/19
55.96,56.1,56.8,55.35,,12/03/19
55.47,55.96,56.67,55.42,,12/02/19
58.13,55.17,58.3,55.02,,11/29/19
58.27,58.11,58.68,57.51,,11/27/19
57.92,58.41,58.56,57.76,,11/26/19
57.92,58.01,58.15,57.21,,11/25/19
58.31,57.77,58.74,57.5,,11/22/19
0,58.58,58.67,56.6,,11/21/19
55.16,57.11,57.25,54.76,,11/20/19
56.9,55.21,57.11,55.04,,11/19/19
57.88,57.05,58.09,56.55,,11/18/19
56.91,57.72,57.97,56.43,,11/15/19
57.39,56.77,57.79,56.63,,11/14/19
56.79,57.12,57.53,56.2,,11/13/19
56.97,56.8,57.55,56.54,,11/12/19
56.89,56.86,56.99,56.55,,11/11/19
57.4,56.76,57.4,56.73,,11/10/19
57.08,57.24,57.48,55.76,,11/08/19
56.35,57.15,57.88,56.27,,11/07/19
57.26,56.35,57.85,56.11,,11/06/19
56.56,57.23,57.5,56.3,,11/05/19
56.41,56.54,57.43,55.83,,11/04/19
54.15,56.2,56.33,54.07,,11/01/19
54.9,54.18,55.59,53.71,,10/31/19
55.53,55.06,55.73,54.42,,10/30/19
55.8,55.54,55.91,54.61,,10/29/19
56.65,55.81,56.92,55.58,,10/28/19
56.07,56.66,56.74,55.6,,10/25/19
55.9,56.23,56.51,55.41,,10/24/19
0,55.97,56.07,53.62,,10/23/19
53.39,54.16,54.62,53.1,,10/22/19
53.71,53.31,54.03,52.71,,10/21/19
54.09,53.78,54.62,53.35,,10/18/19
52.99,53.93,54.16,52.62,,10/17/19
52.92,53.36,53.74,52.51,,10/16/19
53.51,52.81,53.79,52.39,,10/15/19
54.9,53.59,54.9,52.77,,10/14/19
53.88,54.7,54.93,53.64,,10/11/19
52.69,53.55,53.97,51.38,,10/10/19
52.57,52.59,53.74,52.31,,10/09/19
52.81,52.63,53.27,51.81,,10/08/19
52.69,52.75,54.06,52.59,,10/07/19
52.29,52.81,53.35,52.04,,10/04/19
52.47,52.45,52.91,50.99,,10/03/19
54,52.64,54.42,52.17,,10/02/19
54.28,53.62,54.84,53.05,,10/01/19
56.54,54.07,56.57,53.98,,09/30/19
56.51,55.91,56.76,54.75,,09/27/19
56.69,56.41,56.84,55.41,,09/26/19
56.7,56.49,57.02,55.55,,09/25/19
58.44,57.29,58.49,56.69,,09/24/19
59.25,58.64,59.39,57.37,,09/23/19
58.65,58.09,59.1,57.79,,09/20/19
58.2,58.13,59.54,58.01,,09/19/19
58.81,58.11,59.43,57.67,,09/18/19
61.96,59.34,62.59,58.46,,09/17/19
61.48,62.9,63.38,58.77,,09/16/19
55.15,54.85,55.68,54.44,,09/13/19
55.93,55.09,56.34,54,,09/12/19
57.89,55.75,58.3,55.61,,09/11/19
58.03,57.4,58.76,57.2,,09/10/19
56.8,57.85,58.16,56.58,,09/09/19
56.19,56.52,56.95,54.83,,09/06/19
55.95,56.3,57.76,55.75,,09/05/19
53.92,56.26,56.58,53.84,,09/04/19
55,53.94,55.24,52.84,,09/03/19
56.63,55.1,56.72,54.55,,08/30/19
55.88,56.71,56.89,55.43,,08/29/19
55.71,55.78,56.75,55.34,,08/28/19
53.76,54.93,55.72,53.69,,08/27/19
53.25,53.64,55.26,52.96,,08/26/19
55.35,54.17,55.6,53.24,,08/23/19
55.94,55.35,56.46,54.85,,08/22/19
0,55.68,57.13,55.55,,08/21/19
56.1,56.34,56.6,55.28,,08/20/19
54.96,56.21,56.41,54.84,,08/19/19
54.74,54.87,55.67,54.26,,08/16/19
54.9,54.47,55.33,53.77,,08/15/19
56.74,55.23,56.85,53.97,,08/14/19
54.73,57.1,57.47,54.21,,08/13/19
54.32,54.93,55.16,53.54,,08/12/19
52.88,54.5,54.92,52.37,,08/09/19
52.33,52.54,53.06,51.94,,08/08/19
53.42,51.09,53.77,50.52,,08/07/19
54.95,53.63,55.42,53.29,,08/06/19
55.38,54.69,55.61,54.22,,08/05/19
54.54,55.66,56.05,54.15,,08/02/19
57.85,53.95,57.99,53.59,,08/01/19
58.34,58.58,58.82,57.81,,07/31/19
57.07,58.05,58.47,56.96,,07/30/19
56.2,56.87,57.1,55.81,,07/29/19
55.93,56.2,56.57,55.68,,07/26/19
55.9,56.02,56.99,55.81,,07/25/19
57.23,55.88,57.64,55.33,,07/24/19
0,56.77,57.47,55.74,,07/23/19
56.22,56.22,56.84,55.72,,07/22/19
55.72,55.63,56.36,54.99,,07/19/19
56.6,55.3,57.32,54.72,,07/18/19
57.52,56.78,58.36,56.21,,07/17/19
59.26,57.62,60.06,57.07,,07/16/19
60.25,59.58,60.92,59.2,,07/15/19
60.46,60.21,60.74,59.93,,07/12/19
60.44,60.2,60.94,60.14,,07/11/19
58.4,60.43,60.53,58.35,,07/10/19
57.56,57.83,59.1,57.29,,07/09/19
57.77,57.66,58.46,57.3,,07/08/19
57.38,57.51,57.82,56.29,,07/05/19
56.49,57.34,57.48,56.04,,07/03/19
59.14,56.25,59.43,56.09,,07/02/19
59.27,59.09,60.28,58.34,,07/01/19
59.22,58.47,59.8,57.75,,06/28/19
59.27,59.43,59.73,58.61,,06/27/19
58.84,59.38,59.93,58.65,,06/26/19
57.74,57.83,58.84,57.2,,06/25/19
57.72,57.9,58.22,56.75,,06/24/19
0,57.43,57.98,56.66,,06/21/19
54.12,56.65,57.02,54.11,,06/20/19
54.09,53.76,54.42,53.28,,06/19/19
51.95,53.9,54.31,51.5,,06/18/19
52.5,51.93,52.74,51.58,,06/17/19
52.18,52.51,52.98,51.7,,06/14/19
51.07,52.28,53.45,50.92,,06/13/19
53.04,51.14,53.05,50.72,,06/12/19
53.43,53.27,54.04,52.91,,06/11/19
54.24,53.26,54.84,53.05,,06/10/19
53.1,53.99,54.32,52.62,,06/07/19
51.66,52.59,53.3,51.17,,06/06/19
52.86,51.68,53.41,50.6,,06/05/19
52.89,53.48,53.78,52.43,,06/04/19
53.42,53.25,54.63,52.11,,06/03/19
56.46,53.5,56.61,53.05,,05/31/19
59.12,56.59,59.7,56.33,,05/30/19
59.07,58.81,59.14,56.88,,05/29/19
58.94,59.14,59.57,58.13,,05/28/19
58.21,58.63,59.1,57.5,,05/24/19
61.31,57.91,61.41,57.33,,05/23/19
0,61.42,0,61.03,,05/22/19
63.22,62.99,63.6,62.75,,05/21/19
62.93,63.1,63.81,62.45,,05/20/19
63.12,62.76,63.64,62.52,,05/17/19
62.12,62.87,63.48,62.08,,05/16/19
61.37,62.02,62.34,60.85,,05/15/19
60.86,61.78,62.11,60.69,,05/14/19
61.65,61.04,63.33,60.64,,05/13/19
61.64,61.66,62.49,61.42,,05/10/19
62.02,61.7,62.21,60.92,,05/09/19
61.44,62.12,62.37,61.07,,05/08/19
62.17,61.4,62.49,60.66,,05/07/19
61.43,62.25,62.95,60.04,,05/06/19
61.55,61.94,62.52,61.3,,05/03/19
63.61,61.81,63.68,60.95,,05/02/19
63.4,63.6,63.93,62.77,,05/01/19
63.58,63.91,64.75,63.3,,04/30/19
62.95,63.5,63.69,62.46,,04/29/19
65.13,63.3,65.18,62.28,,04/26/19
65.81,65.21,66.28,64.9,,04/25/19
66.17,65.89,66.43,65.66,,04/24/19
0,66.3,66.6,65.58,,04/23/19
64,65.7,65.92,64,,04/22/19
63.75,64,64.16,63.46,,04/18/19
64.32,63.76,64.61,63.66,,04/17/19
63.57,64.05,64.37,62.99,,04/16/19
63.76,63.4,63.84,63.03,,04/15/19
63.71,63.89,64.65,63.66,,04/12/19
64.48,63.58,64.49,63.31,,04/11/19
64.22,64.61,64.7,64.05,,04/10/19
64.4,63.98,64.79,63.68,,04/09/19
63.33,64.4,64.48,63.13,,04/08/19
62.18,63.08,63.34,61.82,,04/05/19
62.5,62.1,62.77,61.89,,04/04/19
62.64,62.46,62.99,62.05,,04/03/19
61.81,62.58,62.75,61.6,,04/02/19
60.24,61.59,61.8,60.13,,04/01/19
59.53,60.14,60.73,59.41,,03/29/19
59.4,59.3,59.56,58.2,,03/28/19
60.03,59.41,60.22,58.81,,03/27/19
59.12,59.94,60.38,59.04,,03/26/19
58.98,58.82,59.35,58.17,,03/25/19
59.87,59.04,60.07,58.28,,03/22/19
0,59.98,60.39,59.66,,03/21/19
59.02,59.83,60.12,58.39,,03/20/19
59.01,59.03,59.57,58.62,,03/19/19
58.45,59.09,59.23,58.05,,03/18/19
58.51,58.52,58.95,57.74,,03/15/19
58.35,58.61,58.74,58,,03/14/19
57.09,58.26,58.48,57.01,,03/13/19
56.76,56.87,57.55,56.74,,03/12/19
56.43,56.07,56.51,54.52,,03/08/19
56.2,56.66,56.99,56.08,,03/07/19
56.28,56.22,56.4,55.42,,03/06/19
56.45,56.56,57.19,56.09,,03/05/19
55.83,56.59,57,55.81,,03/04/19
57.22,55.8,57.88,55.57,,03/01/19
57,57.22,57.43,56.43,,02/28/19
55.95,56.94,57.39,55.72,,02/27/19
55.46,55.5,56.08,55.02,,02/26/19
57.17,55.48,57.53,55.08,,02/25/19
56.84,57.26,57.81,56.71,,02/22/19
0,56.96,57.61,56.64,,02/21/19
55.94,56.92,57.55,55.48,,02/20/19
55.78,56.09,56.33,55.29,,02/19/19
54.48,55.59,55.87,54.24,,02/15/19
53.96,54.41,54.68,53.08,,02/14/19
53.35,53.9,54.6,53.27,,02/13/19
52.47,53.1,54.05,52.29,,02/12/19
52.66,52.41,52.78,51.23,,02/11/19
52.59,52.72,52.99,52.08,,02/08/19
53.94,52.64,54.21,51.8,,02/07/19
53.73,54.01,54.3,52.86,,02/06/19
54.86,53.66,55.21,53.47,,02/05/19
55.32,54.56,55.75,53.29,,02/04/19
54.01,55.26,55.66,53.37,,02/01/19
54.28,53.79,55.37,53.62,,01/31/19
53.24,54.23,54.93,53.09,,01/30/19
52.12,53.31,53.93,51.84,,01/29/19
53.56,51.99,53.64,51.33,,01/28/19
53.17,53.69,53.94,52.91,,01/25/19
52.45,53.13,53.47,52.07,,01/24/19
0,52.62,53.64,51.86,,01/23/19
53.73,52.57,54.24,51.8,,01/22/19
52.23,53.8,53.92,52.09,,01/18/19
52.18,52.07,52.58,50.98,,01/17/19
52,52.31,52.52,51.26,,01/16/19
50.78,52.11,52.3,50.64,,01/15/19
51.73,50.51,52.11,50.38,,01/14/19
52.28,51.59,53.31,51.18,,01/11/19
52.18,52.59,52.78,51.37,,01/10/19
49.8,52.36,52.58,49.71,,01/09/19
48.73,49.78,49.95,48.31,,01/08/19
48.3,48.52,49.79,48.11,,01/07/19
46.9,47.96,49.22,46.65,,01/04/19
46.26,47.09,47.49,45.35,,01/03/19
45.8,46.54,47.78,44.35,,01/02/19
45.22,45.41,46.53,44.73,,12/31/18
45.44,45.33,46.22,44.42,,12/28/18
46.58,44.61,46.7,44.37,,12/27/18
42.85,46.22,47,42.52,,12/26/18
45.45,42.53,46.24,42.36,,12/24/18
46.25,45.59,46.77,45.13,,12/21/18
0,45.88,0,45.67,,12/20/18
45.93,47.2,48,45.93,,12/19/18
49.16,46.24,49.59,45.79,,12/18/18
51.25,49.88,51.87,49.01,,12/17/18
52.83,51.2,52.95,50.84,,12/14/18
51.2,52.58,53.27,50.35,,12/13/18
51.95,51.15,52.88,50.94,,12/12/18
50.89,51.65,52.43,50.7,,12/11/18
52.03,51,52.81,50.53,,12/10/18
51.76,52.61,54.22,50.6,,12/07/18
52.93,51.49,53.3,50.08,,12/06/18
52.59,52.89,54.29,52.16,,12/05/18
53.13,53.25,54.55,52.43,,12/04/18
52.45,52.95,53.85,52.03,,12/03/18
51.27,50.93,51.79,49.65,,11/30/18
50.31,51.45,52.2,49.47,,11/29/18
52.09,50.29,52.56,50.06,,11/28/18
51.54,51.56,52.38,50.3,,11/27/18
50.62,51.63,52.25,50.1,,11/26/18
54.66,50.42,54.82,50.15,,11/23/18
53.39,54.63,55.86,53.39,,11/21/18
0,53.43,0,52.77,,11/20/18
56.72,56.76,57.33,55.08,,11/19/18
56.58,56.46,57.96,55.89,,11/16/18
56.02,56.46,57.26,55.59,,11/15/18
55.27,56.25,57.37,55.13,,11/14/18
58.88,55.69,59.35,54.75,,11/13/18
60.7,59.93,61.28,58.68,,11/12/18
60.75,60.19,60.79,59.26,,11/09/18
61.64,60.67,62.42,60.4,,11/08/18
61.74,61.67,63.18,61.2,,11/07/18
62.7,62.21,63.32,61.31,,11/06/18
62.99,63.1,64.14,62.52,,11/05/18
63.5,63.14,63.95,62.63,,11/02/18
64.88,63.69,65.39,63.11,,11/01/18
66.32,65.31,67,64.81,,10/31/18
66.68,66.18,67.26,65.33,,10/30/18
67.55,67.04,67.95,66.29,,10/29/18
66.95,67.59,67.88,66.2,,10/26/18
66.36,67.33,67.65,65.99,,10/25/18
66.17,66.82,67.72,66.05,,10/24/18
0,66.43,0,65.74,,10/23/18
69.41,69.17,69.65,68.27,,10/22/18
68.68,69.12,69.77,68.56,,10/19/18
70.03,68.65,70.03,68.47,,10/18/18
72.17,69.75,72.43,69.43,,10/17/18
71.72,71.92,72.29,71.02,,10/16/18
71.85,71.78,72.7,70.85,,10/15/18
70.99,71.34,72.01,70.64,,10/12/18
72.68,70.97,72.76,70.51,,10/11/18
74.66,73.17,75.08,72.38,,10/10/18
74.21,74.96,75.28,74,,10/09/18
74.4,74.29,74.58,73.07,,10/08/18
74.67,74.34,75.22,73.83,,10/05/18
76.18,74.33,76.47,73.88,,10/04/18
75.12,76.41,76.9,74.3,,10/03/18
75.42,75.23,75.91,74.93,,10/02/18
73.29,75.3,75.77,72.95,,10/01/18
72.18,73.25,73.73,71.88,,09/28/18
72.01,72.12,72.6,71.71,,09/27/18
72.09,71.57,72.38,71.47,,09/26/18
72.25,72.28,72.78,71.89,,09/25/18
71.14,72.08,72.74,71.14,,09/24/18
0,70.78,71.8,69.98,,09/21/18
71.39,70.8,71.81,70.73,,09/20/18
69.71,71.12,71.5,69.65,,09/19/18
68.8,69.85,70.42,68.53,,09/18/18
68.93,68.91,69.72,68.53,,09/17/18
68.79,68.99,69.91,67.94,,09/14/18
70.24,68.59,70.28,68.35,,09/13/18
69.89,70.37,71.26,69.5,,09/12/18
67.53,69.25,70.01,67.48,,09/11/18
67.82,67.54,68.52,67.35,,09/10/18
67.88,67.75,68.08,66.86,,09/07/18
68.64,67.77,69.02,67,,09/06/18
69.43,68.72,69.59,68.56,,09/05/18
69.89,69.87,71.4,69.08,,09/04/18
70.06,69.8,70.36,69.64,,08/31/18
69.71,70.25,70.5,69.55,,08/30/18
68.54,69.51,69.76,68.37,,08/29/18
68.93,68.53,69.2,68.21,,08/28/18
68.57,68.87,68.97,68.34,,08/27/18
67.9,68.72,69.31,67.78,,08/24/18
68.07,67.83,68.12,67.32,,08/23/18
0,67.86,68.15,0,,08/22/18
66.62,67.35,68.1,66.52,,08/21/18
65.91,66.43,66.68,65.59,,08/20/18
65.47,65.91,66.39,65.3,,08/17/18
64.95,65.46,65.52,64.43,,08/16/18
66.62,65.01,66.9,64.51,,08/15/18
67.42,67.04,68.37,66.58,,08/14/18
67.78,67.2,67.95,65.71,,08/13/18
66.74,67.63,67.87,66.14,,08/10/18
66.79,66.81,67.41,66.49,,08/09/18
69.09,66.94,69.37,66.32,,08/08/18
68.9,69.17,69.83,68.81,,08/07/18
68.65,69.01,69.92,68.5,,08/06/18
68.99,68.49,69.24,67.87,,08/03/18
67.86,68.96,69.36,66.92,,08/02/18
68.43,67.66,68.52,67.31,,08/01/18
70.05,68.76,70.22,67.98,,07/31/18
69.01,70.13,70.43,68.8,,07/30/18
69.58,68.69,69.77,68.26,,07/27/18
69.38,69.61,69.92,68.92,,07/26/18
68.77,69.3,69.7,68.2,,07/25/18
67.8,68.52,69.05,67.56,,07/24/18
68.17,67.89,69.31,67.6,,07/23/18
69.39,70.46,71.1,69.37,,07/20/18
69,69.46,70.17,67.8,,07/19/18
67.61,68.76,69.06,67.06,,07/18/18
68.03,68.08,68.44,67.03,,07/17/18
70.52,68.06,70.87,67.58,,07/16/18
70.38,71.01,71.66,69.84,,07/13/18
70.6,70.33,71.23,69.23,,07/12/18
74.2,70.38,74.26,70.02,,07/11/18
74.04,74.11,74.7,73.65,,07/10/18
73.87,73.85,74.28,72.99,,07/09/18
73.16,73.8,74.01,72.14,,07/06/18
74.23,72.94,74.9,72.53,,07/05/18
74.08,74.14,75.27,72.73,,07/03/18
73.62,73.94,74.35,72.51,,07/02/18
73.33,74.15,74.46,72.93,,06/29/18
72.27,73.45,74.03,72.25,,06/28/18
70.68,72.76,73.06,70.56,,06/27/18
68.21,70.53,70.91,67.72,,06/26/18
68.75,68.08,69.44,67.78,,06/25/18
65.93,68.58,69.38,65.71,,06/22/18
0,65.54,66.22,64.34,,06/21/18
65.11,66.22,66.53,65.01,,06/20/18
65.82,65.07,65.9,64.39,,06/19/18
64.4,65.85,65.98,63.59,,06/18/18
67,65.06,67.09,64.29,,06/15/18
66.62,66.89,67.16,66.36,,06/14/18
66.01,66.64,66.89,65.52,,06/13/18
66.05,66.36,66.69,65.87,,06/12/18
65.56,66.1,66.35,64.85,,06/11/18
65.98,65.74,66.24,65.33,,06/08/18
65.07,65.95,66.07,64.81,,06/07/18
65.51,64.73,65.96,64.27,,06/06/18
64.94,65.52,65.57,64.22,,06/05/18
65.71,64.75,66.04,64.57,,06/04/18
67.07,65.81,67.34,65.51,,06/01/18
68.24,67.04,68.3,66.56,,05/31/18
66.85,68.21,68.67,66.35,,05/30/18
67.55,66.73,67.55,65.8,,05/29/18
70.65,67.88,70.8,67.42,,05/25/18
71.83,70.71,72,70.52,,05/24/18
0,71.84,0,71.19,,05/23/18
72.53,72.13,72.83,71.9,,05/22/18
0,72.24,0,0,,05/21/18
71.6,71.28,71.75,70.99,,05/18/18
71.56,71.49,72.3,71.09,,05/17/18
71.02,71.49,71.59,70.66,,05/16/18
71.15,71.31,71.89,70.42,,05/15/18
70.54,70.96,71.26,70.26,,05/14/18
71.45,70.7,71.63,70.45,,05/11/18
71.23,71.36,71.89,70.56,,05/10/18
70.05,71.14,71.36,69.85,,05/09/18
70.03,69.06,70.4,67.63,,05/08/18
69.85,70.73,70.84,69.51,,05/07/18
68.5,69.72,69.97,68.12,,05/04/18
67.68,68.43,68.6,67.21,,05/03/18
67.49,67.93,68.14,66.92,,05/02/18
68.56,67.25,68.9,66.85,,05/01/18
68.15,68.57,69.34,67.17,,04/30/18
68.21,68.1,68.36,67.65,,04/27/18
68.03,68.19,68.78,67.71,,04/26/18
67.75,68.05,68.18,67.11,,04/25/18
68.95,67.7,69.38,67.54,,04/24/18
68.22,68.64,69.03,67.14,,04/23/18
68.26,68.38,68.62,67.5,,04/20/18
68.75,68.29,69.56,67.98,,04/19/18
66.68,68.47,68.9,66.56,,04/18/18
66.42,66.52,66.75,65.56,,04/17/18
67.24,66.22,67.74,66.13,,04/16/18
67.18,67.39,67.76,66.7,,04/13/18
66.75,67.07,67.33,66,,04/12/18
65.58,66.82,67.33,65.15,,04/11/18
63.3,65.51,65.86,63.2,,04/10/18
62,63.42,63.61,61.93,,04/09/18
63.7,62.06,63.79,61.81,,04/06/18
63.6,63.54,64.12,63.07,,04/05/18
63.59,63.37,63.64,62.06,,04/04/18
62.89,63.51,63.86,62.86,,04/03/18
64.91,63.01,65.42,62.8,,04/02/18
64.69,64.94,65.26,64.17,,03/29/18
64.7,64.38,65.13,63.72,,03/28/18
65.53,65.25,66.41,64.53,,03/27/18
65.9,65.55,66.55,65.08,,03/26/18
64.28,65.88,66,64.11,,03/23/18
65.7,64.3,65.74,64.14,,03/22/18
0,65.17,65.55,63.58,,03/21/18
62.1,63.4,63.81,62.08,,03/20/18
62.23,62.06,62.35,61.36,,03/19/18
61.19,62.34,62.54,61.08,,03/16/18
60.95,61.19,61.54,60.82,,03/15/18
60.87,60.96,61.33,60.11,,03/14/18
61.37,60.71,61.97,60.27,,03/13/18
62.04,61.36,0,60.67,,03/12/18
60.27,62.04,62.18,60.14,,03/09/18
61.33,60.12,61.4,59.95,,03/08/18
62.3,61.15,62.58,60.58,,03/07/18
62.58,62.6,63.28,62.17,,03/06/18
61.55,62.57,62.79,61.1,,03/05/18
61.34,61.25,61.6,60.13,,03/02/18
61.55,60.99,61.83,60.18,,03/01/18
62.79,61.64,63.44,61.36,,02/28/18
64.06,63.01,64.08,62.64,,02/27/18
63.6,63.91,64.24,63.06,,02/26/18
62.6,63.55,63.73,62.33,,02/23/18
61.34,62.77,63.09,60.75,,02/22/18
0,61.68,61.86,60.92,,02/21/18
61.63,61.9,62.74,61.58,,02/20/18
61.45,61.68,61.99,60.88,,02/16/18
60.71,61.34,61.64,59.72,,02/15/18
0,60.73,0,0,,02/14/18
59.35,59.19,59.73,58.39,,02/13/18
59.12,59.29,60.83,59.1,,02/12/18
60.43,59.2,60.77,58.07,,02/09/18
61.7,61.15,62.09,60.27,,02/08/18
63.92,61.79,64.18,61.25,,02/07/18
63.43,63.39,64.29,63.12,,02/06/18
65.1,64.15,65.4,63.42,,02/05/18
65.99,65.45,66.3,64.47,,02/02/18
64.76,65.8,66.25,64.63,,02/01/18
64.03,64.73,64.94,63.67,,01/31/18
65.53,64.5,65.56,63.89,,01/30/18
66.18,65.56,66.46,64.98,,01/29/18
65.25,66.14,66.35,64.91,,01/26/18
65.88,65.51,66.66,65.08,,01/25/18
64.42,65.61,66.05,64.34,,01/24/18
0,64.47,64.88,63.7,,01/23/18
63.61,63.49,64.14,63.17,,01/22/18
63.74,63.37,63.77,62.85,,01/19/18
64.07,63.95,64.35,63.47,,01/18/18
63.89,63.97,64.17,63.31,,01/17/18
64.43,63.73,64.89,63.39,,01/16/18
63.57,64.3,64.5,63.06,,01/12/18
63.5,63.8,64.77,63.43,,01/11/18
63.41,63.57,63.67,63.09,,01/10/18
61.92,62.96,63.48,61.8,,01/09/18
61.61,61.73,61.97,61.34,,01/08/18
61.9,61.44,62.04,61.09,,01/05/18
61.96,62.01,62.21,61.59,,01/04/18
60.39,61.63,61.97,60.28,,01/03/18
60.2,60.37,60.74,60.1,,01/02/18
0,60.1,0,0,,01/01/18
59.91,60.42,60.51,59.82,,12/29/17
59.53,59.84,59.94,59.44,,12/28/17
59.79,59.64,59.93,59.33,,12/27/17
58.4,59.97,60.01,58.32,,12/26/17
58.21,58.47,58.5,57.87,,12/22/17
58.02,58.36,58.38,57.63,,12/21/17
0,58.09,58.12,57.44,,12/20/17
57.3,57.46,57.64,57.16,,12/19/17
57.37,57.16,57.78,56.82,,12/18/17
57.15,57.3,57.49,56.94,,12/15/17
56.7,57.04,57.22,56.09,,12/14/17
57.45,56.6,57.83,56.55,,12/13/17
58.02,57.14,58.56,56.85,,12/12/17
57.25,57.99,58.08,56.91,,12/11/17
56.65,57.36,57.79,56.54,,12/08/17
56,56.69,56.78,55.82,,12/07/17
57.45,55.96,57.57,55.87,,12/06/17
57.48,57.62,57.92,57.08,,12/05/17
58.32,57.47,58.34,57.35,,12/04/17
57.42,58.36,58.88,57.29,,12/01/17
57.41,57.4,57.98,57.05,,11/30/17
57.73,57.3,58.3,56.75,,11/29/17
57.86,57.99,58.11,57.42,,11/28/17
58.95,58.11,58.99,57.55,,11/27/17
58.05,58.95,59.05,57.75,,11/24/17
57.12,58.02,58.15,57.03,,11/22/17
0,56.83,57.22,0,,11/21/17
56.69,56.09,56.76,55.57,,11/20/17
55.25,56.55,56.68,55.18,,11/17/17
55.3,55.14,55.62,54.93,,11/16/17
55.06,55.33,55.56,54.88,,11/15/17
56.72,55.7,56.77,54.81,,11/14/17
56.9,56.76,57.15,56.3,,11/13/17
57.02,56.74,57.35,56.55,,11/10/17
56.85,57.17,57.53,56.69,,11/09/17
56.96,56.81,57.92,56.41,,11/08/17
57.27,57.2,57.69,56.83,,11/07/17
55.97,57.35,57.61,55.66,,11/06/17
54.73,55.64,55.76,54.4,,11/03/17
54.28,54.54,54.84,53.99,,11/02/17
54.65,54.3,55.22,53.89,,11/01/17
54.08,54.38,54.85,53.93,,10/31/17
54.16,54.15,54.46,53.75,,10/30/17
52.8,53.9,54.2,52.25,,10/27/17
52.19,52.64,52.86,51.91,,10/26/17
52.56,52.18,52.57,51.89,,10/25/17
51.89,52.47,52.62,51.55,,10/24/17
52.07,51.9,52.3,51.68,,10/23/17
51.42,51.84,51.73,50.7,,10/20/17
52.05,51.29,52.17,51.07,,10/19/17
51.94,52.04,52.33,51.69,,10/18/17
51.93,51.88,52.25,51.21,,10/17/17
51.43,51.87,52.37,51.35,,10/16/17
50.73,51.45,51.72,50.7,,10/13/17
51,50.6,51.13,50.15,,10/12/17
50.94,51.3,51.42,50.61,,10/11/17
49.55,50.92,51.06,49.54,,10/10/17
49.25,49.58,49.79,49.13,,10/09/17
50.75,49.29,50.82,49.1,,10/06/17
49.88,50.79,51.22,49.85,,10/05/17
50.16,49.98,50.67,49.76,,10/04/17
50.59,50.42,50.73,50.14,,10/03/17
51.64,50.58,51.71,50.07,,10/02/17
51.58,51.67,51.77,51.25,,09/29/17
52.05,51.56,52.86,51.22,,09/28/17
52.09,52.14,52.34,51.63,,09/27/17
52.12,51.88,52.43,51.43,,09/26/17
50.68,52.22,52.28,50.39,,09/25/17
50.73,50.66,50.78,50.29,,09/22/17
0,50.55,50.81,50.07,,09/21/17
49.84,50.41,50.65,49.75,,09/20/17
49.91,49.48,50.42,49.33,,09/19/17
49.85,49.91,50.33,49.19,,09/18/17
49.72,49.89,50.13,49.41,,09/15/17
49.31,49.89,50.5,49.15,,09/14/17
48.34,49.3,49.4,48.12,,09/13/17
48.12,48.23,48.44,47.73,,09/12/17
47.58,48.07,48.27,47,,09/11/17
49.07,47.48,49.26,47.27,,09/08/17
49.14,49.09,49.33,48.63,,09/07/17
48.59,49.16,49.42,48.52,,09/06/17
47.28,48.66,48.98,47.15,,09/05/17
47.08,47.29,47.35,46.56,,09/01/17
45.95,47.23,47.47,45.58,,08/31/17
46.31,45.96,46.72,45.84,,08/30/17
46.86,46.44,46.96,45.76,,08/29/17
47.89,46.57,48.2,46.15,,08/28/17
47.62,47.87,47.91,47.39,,08/25/17
48.36,47.43,48.43,47.06,,08/24/17
0,48.41,48.5,47.53,,08/23/17
47.45,47.64,48.03,47.2,,08/22/17
48.72,47.37,48.75,47.03,,08/21/17
46.93,48.51,48.74,46.78,,08/18/17
46.8,47.09,47.19,46.46,,08/17/17
47.72,46.78,47.99,46.67,,08/16/17
47.49,47.55,47.9,47.02,,08/15/17
48.79,47.59,49.16,47.43,,08/14/17
48.52,48.82,48.98,47.98,,08/11/17
49.68,48.59,50.22,48.35,,08/10/17
49,49.56,49.72,48.9,,08/09/17
49.31,49.17,49.79,48.86,,08/08/17
49.59,49.39,49.73,48.54,,08/07/17
48.95,49.58,49.64,48.5,,08/04/17
49.59,49.03,49.96,48.78,,08/03/17
48.8,49.59,49.65,48.55,,08/02/17
50.21,49.16,50.43,48.37,,08/01/17
49.85,50.17,50.41,49.18,,07/31/17
49.17,49.71,49.81,48.86,,07/28/17
48.7,49.04,49.24,48.25,,07/27/17
48.51,48.75,48.87,47.86,,07/26/17
46.46,47.89,48.66,46.38,,07/25/17
45.62,46.34,46.53,45.4,,07/24/17
0,45.77,47.21,45.54,,07/21/17
47.09,46.79,47.55,46.66,,07/20/17
46.25,47.12,47.26,46.14,,07/19/17
45.99,46.4,46.92,45.81,,07/18/17
46.68,46.02,46.88,45.89,,07/17/17
46.08,46.54,46.74,45.8,,07/14/17
45.44,46.08,46.28,44.99,,07/13/17
45.74,45.49,46.48,45.11,,07/12/17
44.58,45.04,45.81,43.83,,07/11/17
44.35,44.4,44.84,43.65,,07/10/17
45.35,44.23,45.42,43.78,,07/07/17
45.65,45.52,46.53,45.18,,07/06/17
47.04,45.13,47.32,44.52,,07/05/17
46.28,47.07,47.1,45.92,,07/03/17
44.89,46.04,46.35,44.88,,06/30/17
44.89,44.93,45.45,44.65,,06/29/17
43.7,44.74,44.9,43.67,,06/28/17
43.49,44.24,44.44,43.32,,06/27/17
43.16,43.38,43.65,42.63,,06/26/17
42.8,43.01,43.2,42.53,,06/23/17
42.55,42.74,43.31,42.26,,06/22/17
0,42.53,44.2,42.06,,06/21/17
44.11,43.23,44.4,42.75,,06/20/17
44.68,44.2,45.06,44.05,,06/19/17
44.25,44.74,44.94,44.24,,06/16/17
44.69,44.46,44.81,44.22,,06/15/17
45.94,44.73,46.49,44.55,,06/14/17
46.01,46.46,46.57,45.56,,06/13/17
45.8,46.08,46.71,45.66,,06/12/17
45.71,45.83,46.18,45.27,,06/09/17
45.85,45.64,46.18,45.2,,06/08/17
47.98,45.72,48.23,45.65,,06/07/17
47.4,48.19,48.4,46.94,,06/06/17
47.71,47.4,48.42,46.86,,06/05/17
48.04,47.66,48.19,46.74,,06/02/17
48.63,48.36,49.17,47.9,,06/01/17
49.65,48.32,49.71,47.73,,05/31/17
49.93,49.66,50.28,49.03,,05/30/17
48.75,49.8,49.94,48.18,,05/26/17
51.25,48.9,52,48.45,,05/25/17
51.44,51.36,51.88,51.06,,05/24/17
0,51.47,51.79,50.57,,05/23/17
50.6,50.73,51.06,50.44,,05/22/17
49.28,50.33,50.53,49.28,,05/19/17
48.93,49.35,49.6,48.05,,05/18/17
48.23,49.07,49.5,48.03,,05/17/17
48.82,48.66,49.34,48.17,,05/16/17
47.85,48.85,49.66,47.75,,05/15/17
47.81,47.84,48.07,47.35,,05/12/17
47.39,47.83,48.22,47.34,,05/11/17
46.18,47.33,47.78,46.01,,05/10/17
46.49,45.88,46.78,45.53,,05/09/17
46.35,46.43,46.98,45.73,,05/08/17
45.51,46.22,46.68,43.76,,05/05/17
47.6,45.52,47.75,45.29,,05/04/17
48.12,47.82,48.23,47.3,,05/03/17
48.78,47.66,49.28,47.35,,05/02/17
49.17,48.84,49.32,48.59,,05/01/17
49.27,49.33,49.76,48.8,,04/28/17
49.22,48.97,49.43,48.2,,04/27/17
49.36,49.62,50.2,48.95,,04/26/17
49.22,49.56,49.83,48.87,,04/25/17
49.68,49.23,50.22,49.03,,04/24/17
0,49.62,50.93,49.2,,04/21/17
50.63,50.27,50.97,50.18,,04/20/17
52.36,50.44,52.65,50.09,,04/19/17
52.75,52.41,52.85,52.1,,04/18/17
52.97,52.65,53.21,52.55,,04/17/17
52.85,53.18,53.39,52.82,,04/13/17
53.4,53.11,53.76,52.71,,04/12/17
53.13,53.4,53.45,52.7,,04/11/17
52.31,53.08,53.18,52.29,,04/10/17
51.7,52.24,52.94,51.49,,04/07/17
50.8,51.7,51.82,50.77,,04/06/17
51.18,51.15,51.88,50.74,,04/05/17
50.24,51.03,51.3,49.88,,04/04/17
50.69,50.24,50.83,50.12,,04/03/17
50.32,50.6,50.85,49.9,,03/31/17
49.6,50.35,50.47,49.27,,03/30/17
48.47,49.51,49.63,48.38,,03/29/17
47.89,48.37,48.74,47.8,,03/28/17
48.12,47.73,48.28,47.08,,03/27/17
47.67,47.97,48.2,47.54,,03/24/17
48.15,47.7,48.48,47.58,,03/23/17
48.16,48.04,48.32,47.01,,03/22/17
47.93,47.5,48.73,47.23,,03/21/17
48.7,48.22,48.74,47.84,,03/20/17
48.79,48.78,49.2,48.6,,03/17/17
49.01,48.75,49.62,48.45,,03/16/17
48.76,48.86,49.04,48.16,,03/15/17
48.45,47.72,48.79,47.09,,03/14/17
48.45,48.4,48.68,47.9,,03/13/17
49.61,48.49,50.11,48.31,,03/10/17
50.22,49.28,50.84,48.59,,03/09/17
52.79,50.28,52.92,50.05,,03/08/17
53.17,53.14,53.8,52.71,,03/07/17
53.19,53.2,53.56,52.76,,03/06/17
52.58,53.33,53.39,52.55,,03/03/17
53.69,52.61,53.8,52.54,,03/02/17
53.95,53.83,54.44,53.63,,03/01/17
54.04,54.01,54.23,53.18,,02/28/17
54.02,54.05,54.61,53.94,,02/27/17
54.33,53.99,54.51,53.76,,02/24/17
53.91,54.45,54.94,53.87,,02/23/17
0,53.59,0,53.35,,02/22/17
53.48,54.06,54.68,53.35,,02/21/17
53.47,53.4,53.52,52.88,,02/17/17
53.01,53.36,53.59,52.68,,02/16/17
53,53.11,53.51,52.73,,02/15/17
52.91,53.2,53.72,52.86,,02/14/17
53.8,52.93,53.95,52.77,,02/13/17
53.15,53.86,54.13,52.9,,02/10/17
52.37,53,53.21,52.37,,02/09/17
51.64,52.34,52.67,51.22,,02/08/17
53.14,52.17,53.24,51.63,,02/07/17
53.81,53.04,54.13,52.91,,02/06/17
53.68,53.83,54.22,53.4,,02/03/17
53.57,53.55,54.34,53.35,,02/02/17
52.76,53.82,53.91,52.64,,02/01/17
52.6,52.74,53.56,52.24,,01/31/17
53.15,52.63,53.46,52.41,,01/30/17
53.74,53.17,54.08,52.58,,01/27/17
52.96,53.76,54.06,52.79,,01/26/17
52.95,52.75,53.47,52.56,,01/25/17
52.86,53.16,53.56,52.67,,01/24/17
53.33,52.75,53.47,52.21,,01/23/17
51.45,52.33,52.9,51.39,,01/20/17
51.39,51.37,51.87,51.02,,01/19/17
52.52,51.08,52.79,50.91,,01/18/17
52.55,52.49,53.52,52.12,,01/17/17
53.05,52.37,53.17,52.27,,01/13/17
52.37,53.04,53.5,52.12,,01/12/17
50.81,52.16,52.78,50.75,,01/11/17
51.83,50.84,52.37,50.71,,01/10/17
53.75,51.94,53.83,51.76,,01/09/17
53.73,53.99,54.32,53.32,,01/06/17
53.39,53.75,54.12,52.79,,01/05/17
52.49,53.26,53.43,52.15,,01/04/17
54.2,52.32,55.24,52.11,,01/03/17
0,53.81,0,0,,01/02/17
53.87,53.67,54.09,53.41,,12/30/16
53.66,53.76,54.21,53.46,,12/29/16
53.93,54.04,54.37,53.56,,12/28/16
53.29,53.84,54.1,53.03,,12/27/16
52.68,53.02,53.28,52.26,,12/23/16
52.52,52.95,53.19,52.08,,12/22/16
0,52.56,53.79,52.32,,12/21/16
52.11,52.22,52.7,51.85,,12/20/16
52.15,52.12,52.52,51.51,,12/19/16
51.1,51.95,52.08,50.5,,12/16/16
50.79,50.9,51.48,49.95,,12/15/16
52.45,51.04,52.78,50.67,,12/14/16
52.51,52.91,53.41,52.35,,12/13/16
52.58,52.77,54.51,52.18,,12/12/16
50.92,51.44,51.66,50.86,,12/09/16
49.88,50.87,50.98,49.61,,12/08/16
50.93,49.83,51.2,49.72,,12/07/16
50.97,50.91,51.6,50.28,,12/06/16
51.46,51.54,52.42,50.93,,12/05/16
51.01,51.61,51.73,50.18,,12/02/16
49.07,51.1,51.8,48.98,,12/01/16
45.24,49.36,49.9,45.22,,11/30/16
46.88,45.28,46.98,44.82,,11/29/16
45.43,47.08,47.65,45.14,,11/28/16
47.97,46.06,48.26,45.88,,11/25/16
47.94,47.96,48.43,47.4,,11/23/16
0,48.07,49.2,47.17,,11/22/16
45.83,47.48,47.8,45.77,,11/21/16
44.93,45.57,45.77,44.55,,11/18/16
45.37,45.27,46.58,44.88,,11/17/16
45.77,45.57,46.41,45.03,,11/16/16
43.76,45.82,46.09,43.55,,11/15/16
43.2,43.32,43.81,42.2,,11/14/16
44.35,43.25,44.63,43.03,,11/11/16
45.31,44.59,45.64,44.25,,11/10/16
44.82,45.21,45.95,43.07,,11/09/16
44.97,44.96,45.39,44.41,,11/08/16
44.45,44.89,45.01,44.11,,11/07/16
44.63,44.09,44.87,43.57,,11/04/16
45.48,44.68,45.9,44.37,,11/03/16
46.32,45.34,46.47,44.96,,11/02/16
46.77,46.75,47.35,46.2,,11/01/16
48.25,46.82,48.74,46.63,,10/31/16
49.61,48.76,49.81,48.42,,10/28/16
49.22,49.66,50.06,49,,10/27/16
49.31,49.12,50.1,48.87,,10/26/16
50.49,49.81,50.93,49.27,,10/25/16
50.85,50.52,50.98,49.62,,10/24/16
0,50.84,51.02,50.21,,10/21/16
51.4,50.43,51.58,50.25,,10/20/16
50.77,51.52,51.93,50.69,,10/19/16
50.04,50.32,50.78,49.76,,10/18/16
50.23,49.95,50.58,49.47,,10/17/16
50.58,50.33,51.14,49.9,,10/14/16
50,50.4,50.59,49.36,,10/13/16
50.84,50.2,51.17,49.89,,10/12/16
51.1,50.73,51.54,50.39,,10/11/16
49.57,51.24,51.6,49.15,,10/10/16
50.59,49.76,50.74,49.4,,10/07/16
49.65,50.46,50.63,49.33,,10/06/16
49.26,49.73,49.97,49.1,,10/05/16
48.65,48.63,49.26,48.26,,10/04/16
48.04,48.71,49.02,47.78,,10/03/16
47.76,48.24,48.3,47.04,,09/30/16
47.2,47.83,48.32,46.6,,09/29/16
44.96,47.29,47.45,44.35,,09/28/16
45.62,44.67,45.96,44.19,,09/27/16
44.62,45.78,46.2,44.43,,09/26/16
46.07,44.54,46.55,44.22,,09/23/16
45.62,46.32,46.52,45.52,,09/22/16
0,45.3,45.65,0,,09/21/16
43.13,43.85,44.05,42.55,,09/20/16
43.18,43.42,44.15,43.12,,09/19/16
43.71,43.03,43.75,42.74,,09/16/16
43.7,43.87,44.34,43.26,,09/15/16
45,43.6,45.33,43.42,,09/14/16
46.06,44.88,46.13,44.77,,09/13/16
45.57,46.25,46.51,44.72,,09/12/16
47.36,45.88,47.36,45.56,,09/09/16
46.12,47.63,47.75,45.77,,09/08/16
44.85,45.5,46.17,44.55,,09/07/16
44.15,44.87,46.53,43.84,,09/06/16
43.55,44.33,44.67,43.16,,09/02/16
44.85,43.24,45.08,43,,09/01/16
46.24,44.7,46.41,44.51,,08/31/16
46.98,46.34,47.49,46.21,,08/30/16
47.22,46.98,47.28,46.62,,08/29/16
47.37,47.64,48.46,46.94,,08/26/16
46.8,47.33,47.46,46.42,,08/25/16
47.59,46.75,47.74,46.45,,08/24/16
0,48.14,48.32,46.59,,08/23/16
48.4,46.81,48.4,46.75,,08/22/16
48.33,48.52,48.75,47.93,,08/19/16
46.9,48.22,48.38,46.63,,08/18/16
46.37,46.79,46.95,45.84,,08/17/16
45.59,46.65,46.73,45.34,,08/16/16
44.74,45.73,45.93,44.38,,08/15/16
43.46,44.49,44.78,43.31,,08/12/16
41.48,43.42,43.86,41.1,,08/11/16
42.74,41.71,43.39,41.42,,08/10/16
42.83,42.71,43.52,42.47,,08/09/16
41.99,43.04,43.39,41.81,,08/08/16
41.84,41.8,42.1,41.06,,08/05/16
41.16,41.86,42.08,40.43,,08/04/16
39.7,40.83,41.2,39.19,,08/03/16
40.08,39.52,40.91,39.26,,08/02/16
41.35,40.06,41.88,39.82,,08/01/16
41.12,41.53,41.67,40.57,,07/29/16
41.93,41.14,42.22,41.04,,07/28/16
42.66,41.92,43.2,41.68,,07/27/16
43.07,42.92,43.39,42.36,,07/26/16
44.2,43.18,44.37,42.97,,07/25/16
44.6,44.27,44.97,43.74,,07/22/16
0,44.73,46.09,44.52,,07/21/16
44.59,44.85,45.25,43.69,,07/20/16
45.23,44.73,45.67,44.53,,07/19/16
46.12,45.33,46.14,44.86,,07/18/16
45.52,45.92,46.33,45.05,,07/15/16
45.14,45.52,45.8,44.95,,07/14/16
46.58,44.92,46.69,44.56,,07/13/16
44.58,46.7,46.93,44.51,,07/12/16
45.07,44.77,45.77,44.42,,07/11/16
45.19,45.32,45.97,44.77,,07/08/16
47.88,45.19,48.25,44.87,,07/07/16
46.83,47.36,47.95,45.92,,07/06/16
49.11,46.65,49.35,46.33,,07/05/16
48.38,48.99,49.3,47.9,,07/01/16
49.55,48.33,49.62,48.17,,06/30/16
48.06,49.73,50,47.98,,06/29/16
46.59,47.86,48.18,46.54,,06/28/16
47.81,46.33,47.96,45.83,,06/27/16
50.3,47.62,50.45,46.7,,06/24/16
49.08,50.11,50.23,49.08,,06/23/16
0,49.1,50.54,48.4,,06/22/16
49.14,48.85,49.32,48.16,,06/21/16
48.29,49.32,49.42,48.14,,06/20/16
45.99,48,48.29,45.83,,06/17/16
47.45,46.24,47.75,45.91,,06/16/16
47.9,48.01,48.72,47.28,,06/15/16
48.52,48.47,48.69,47.84,,06/14/16
48.85,48.83,49.28,48.16,,06/13/16
50.47,49.07,50.73,48.8,,06/10/16
51.45,50.53,51.67,50.23,,06/09/16
50.41,51.18,51.62,50.32,,06/08/16
49.71,50.37,50.53,49.44,,06/07/16
48.88,49.68,49.9,48.71,,06/06/16
49.04,48.7,49.41,48.33,,06/03/16
48.9,49.07,49.47,47.97,,06/02/16
48.82,49.09,49.25,47.75,,06/01/16
49.54,49.07,50.1,48.81,,05/31/16
49.31,49.33,49.6,48.69,,05/27/16
49.7,49.47,50.21,49.22,,05/26/16
49.09,49.51,49.75,48.65,,05/25/16
48.08,48.62,49.27,47.64,,05/24/16
48.46,48.11,48.5,47.4,,05/23/16
48.2,47.67,48.79,47.44,,05/20/16
47.87,48.16,48.28,46.73,,05/19/16
48.53,48.15,48.95,47.75,,05/18/16
47.9,48.31,48.76,47.53,,05/17/16
46.28,47.71,47.98,46.15,,05/16/16
46.41,46.2,46.49,45.75,,05/13/16
46,46.52,47.02,45.61,,05/12/16
44.6,46.17,46.36,43.96,,05/11/16
43.25,44.66,44.79,43.03,,05/10/16
45,43.44,45.94,43.24,,05/09/16
44.52,44.61,45.34,43.54,,05/06/16
44.04,44.32,46.07,43.96,,05/05/16
43.85,43.78,44.88,43.22,,05/04/16
44.92,43.65,45.35,43.32,,05/03/16
45.9,44.77,46.15,44.54,,05/02/16
45.9,45.91,46.78,45.24,,04/29/16
45.3,46.01,46.14,44.94,,04/28/16
44.64,45.24,45.62,43.77,,04/27/16
42.96,43.91,44.83,42.5,,04/26/16
43.75,42.64,44.04,42.58,,04/25/16
43.42,43.73,44.45,43.11,,04/22/16
0,43.23,44.49,43.05,,04/21/16
40.8,42.74,42.91,39.85,,04/20/16
40.04,41.08,41.53,39.58,,04/19/16
38.75,39.78,40.24,37.61,,04/18/16
41.43,40.36,41.73,39.98,,04/15/16
41.54,41.42,42.16,40.84,,04/14/16
41.63,41.76,42.42,41.24,,04/13/16
40.35,42.07,42.25,40.09,,04/12/16
39.72,40.41,40.75,39.25,,04/11/16
37.52,39.65,39.84,37.45,,04/08/16
37.76,37.26,38.3,36.69,,04/07/16
36.52,37.69,37.9,36.43,,04/06/16
35.5,35.89,36.58,35.24,,04/05/16
36.61,35.75,37.21,35.46,,04/04/16
38.14,36.77,38.56,36.63,,04/01/16
38.3,38.34,39.04,37.57,,03/31/16
38.52,38.37,39.85,38.14,,03/30/16
39.32,38.31,39.48,37.91,,03/29/16
39.55,39.34,40.14,38.86,,03/28/16
39.73,39.48,39.77,38.33,,03/24/16
41.19,39.8,41.34,39.67,,03/23/16
0,41.41,41.9,40.77,,03/22/16
39.06,39.91,40.3,38.61,,03/21/16
40.25,39.47,41.2,39.15,,03/18/16
38.59,40.19,40.36,38.47,,03/17/16
36.74,38.5,38.63,36.61,,03/16/16
37.37,36.33,37.4,35.96,,03/15/16
38.17,37.22,38.77,36.68,,03/14/16
37.99,38.5,39.02,37.92,,03/11/16
38.17,37.84,38.48,37.21,,03/10/16
36.36,38.2,38.51,36.24,,03/09/16
37.94,36.49,38.39,36.12,,03/08/16
36.2,37.89,38.11,36.09,,03/07/16
34.66,35.91,36.34,34.4,,03/04/16
34.73,34.57,35.32,34.19,,03/03/16
33.89,34.57,35.17,33.55,,03/02/16
33.9,34.4,34.76,33.37,,03/01/16
32.72,33.75,33.98,32.32,,02/29/16
33.04,32.71,34.69,32.64,,02/26/16
32.19,33.13,33.49,31.07,,02/25/16
31.28,32.15,32.4,30.56,,02/24/16
0,31.85,33.53,31.22,,02/23/16
29.72,31.48,32.05,29.48,,02/22/16
30.6,29.6,30.73,29.05,,02/19/16
31.35,30.77,31.98,30.27,,02/18/16
29.14,30.66,31.49,28.73,,02/17/16
29.08,29.07,31.53,28.7,,02/16/16
27.3,29.44,29.66,26.95,,02/12/16
27.34,26.2,27.48,26.05,,02/11/16
28.36,27.58,29.22,27.24,,02/10/16
30.17,28.07,30.61,27.74,,02/09/16
30.97,29.72,31.38,29.57,,02/08/16
31.64,30.89,32.45,30.63,,02/05/16
32.71,31.67,33.6,31.53,,02/04/16
29.75,32.31,32.75,29.4,,02/03/16
31.37,29.88,31.53,29.57,,02/02/16
33.83,31.65,34.18,31.29,,02/01/16
33.7,33.66,34.4,32.65,,01/29/16
32.19,33.24,34.82,31.74,,01/28/16
30.55,32.29,32.84,30.14,,01/27/16
29.81,31.45,32.41,29.25,,01/26/16
32.05,30.39,32.74,29.68,,01/25/16
29.84,32.19,32.35,29.53,,01/22/16
0,29.53,30.25,27.87,,01/21/16
28.33,26.76,28.58,26.19,,01/20/16
29.2,28.46,30.21,28.21,,01/19/16
31.18,29.4,31.18,29.13,,01/15/16
30.6,31.27,31.77,30.28,,01/14/16
30.54,30.42,31.71,30.1,,01/13/16
31.11,30.44,32.21,29.93,,01/12/16
32.94,31.41,33.2,30.88,,01/11/16
33.3,33.15,34.34,32.64,,01/08/16
34.09,33.28,34.26,32.1,,01/07/16
36.18,33.97,36.39,33.77,,01/06/16
36.9,35.95,37.1,35.74,,01/05/16
37.6,36.76,38.39,36.33,,01/04/16