,Ã–ppen
2013-01-01,1339.39
2013-01-02,1338.72
2013-01-03,1365.85
2013-01-04,1361.40
2013-01-05,1361.40
2013-01-06,1361.40
2013-01-07,1370.93
2013-01-08,1368.33
2013-01-09,1363.13
2013-01-10,1367.23
2013-01-11,1379.24
2013-01-12,1379.24
2013-01-13,1379.24
2013-01-14,1381.49
2013-01-15,1379.97
2013-01-16,1381.26
2013-01-17,1378.77
2013-01-18,1386.00
2013-01-19,1386.00
2013-01-20,1386.00
2013-01-21,1388.29
2013-01-22,1389.71
2013-01-23,1393.94
2013-01-24,1393.16
2013-01-25,1395.83
2013-01-26,1395.83
2013-01-27,1395.83
2013-01-28,1404.97
2013-01-29,1402.96
2013-01-30,1411.09
2013-01-31,1409.50
2013-02-01,1405.27
2013-02-02,1405.27
2013-02-03,1405.27
2013-02-04,1415.34
2013-02-05,1399.69
2013-02-06,1406.14
2013-02-07,1408.14
2013-02-08,1401.32
2013-02-09,1401.32
2013-02-10,1401.32
2013-02-11,1409.86
2013-02-12,1404.87
2013-02-13,1413.54
2013-02-14,1414.52
2013-02-15,1411.77
2013-02-16,1411.77
2013-02-17,1411.77
2013-02-18,1406.40
2013-02-19,1408.46
2013-02-20,1420.17
2013-02-21,1407.32
2013-02-22,1391.61
2013-02-23,1391.61
2013-02-24,1391.61
2013-02-25,1399.91
2013-02-26,1390.51
2013-02-27,1385.95
2013-02-28,1399.70
2013-03-01,1403.52
2013-03-02,1403.52
2013-03-03,1403.52
2013-03-04,1402.42
2013-03-05,1406.24
2013-03-06,1420.85
2013-03-07,1420.28
2013-03-08,1424.81
2013-03-09,1424.81
2013-03-10,1424.81
2013-03-11,1428.41
2013-03-12,1434.83
2013-03-13,1433.59
2013-03-14,1429.67
2013-03-15,1441.45
2013-03-16,1441.45
2013-03-17,1441.45
2013-03-18,1441.09
2013-03-19,1429.89
2013-03-20,1425.42
2013-03-21,1432.98
2013-03-22,1426.01
2013-03-23,1426.01
2013-03-24,1426.01
2013-03-25,1431.65
2013-03-26,1426.41
2013-03-27,1432.42
2013-03-28,1429.13
2013-03-29,1434.24
2013-03-30,1434.24
2013-03-31,1434.24
2013-04-01,1432.95
2013-04-02,1428.20
2013-04-03,1435.21
2013-04-04,1424.84
2013-04-05,1424.48
2013-04-06,1424.48
2013-04-07,1424.48
2013-04-08,1417.37
2013-04-09,1427.21
2013-04-10,1433.83
2013-04-11,1452.58
2013-04-12,1462.53
2013-04-13,1462.53
2013-04-14,1462.53
2013-04-15,1455.58
2013-04-16,1430.05
2013-04-17,1442.58
2013-04-18,1418.73
2013-04-19,1413.20
2013-04-20,1413.20
2013-04-21,1413.20
2013-04-22,1421.68
2013-04-23,1428.13
2013-04-24,1443.69
2013-04-25,1451.87
2013-04-26,1459.83
2013-04-27,1459.83
2013-04-28,1459.83
2013-04-29,1457.67
2013-04-30,1469.31
2013-05-01,1475.48
2013-05-02,1466.14
2013-05-03,1469.70
2013-05-04,1469.70
2013-05-05,1469.70
2013-05-06,1482.42
2013-05-07,1483.25
2013-05-08,1492.78
2013-05-09,1503.68
2013-05-10,1491.45
2013-05-11,1491.45
2013-05-12,1491.45
2013-05-13,1496.14
2013-05-14,1497.66
2013-05-15,1505.14
2013-05-16,1512.38
2013-05-17,1505.62
2013-05-18,1505.62
2013-05-19,1505.62
2013-05-20,1514.55
2013-05-21,1519.75
2013-05-22,1523.11
2013-05-23,1512.73
2013-05-24,1493.58
2013-05-25,1493.58
2013-05-26,1493.58
2013-05-27,1492.06
2013-05-28,1488.05
2013-05-29,1496.72
2013-05-30,1488.60
2013-05-31,1492.52
2013-06-01,1492.52
2013-06-02,1492.52
2013-06-03,1472.50
2013-06-04,1473.92
2013-06-05,1473.12
2013-06-06,1450.61
2013-06-07,1457.40
2013-06-08,1457.40
2013-06-09,1457.40
2013-06-10,1468.48
2013-06-11,1475.09
2013-06-12,1464.61
2013-06-13,1456.67
2013-06-14,1465.13
2013-06-15,1465.13
2013-06-16,1465.13
2013-06-17,1463.90
2013-06-18,1477.89
2013-06-19,1484.57
2013-06-20,1465.48
2013-06-21,1425.92
2013-06-22,1425.92
2013-06-23,1425.92
2013-06-24,1420.59
2013-06-25,1402.09
2013-06-26,1413.19
2013-06-27,1426.07
2013-06-28,1438.46
2013-06-29,1438.46
2013-06-30,1438.46
2013-07-01,1435.06
2013-07-02,1446.41
2013-07-03,1443.17
2013-07-04,1441.41
2013-07-05,1448.34
2013-07-06,1448.34
2013-07-07,1448.34
2013-07-08,1448.71
2013-07-09,1459.11
2013-07-10,1468.52
2013-07-11,1481.71
2013-07-12,1498.31
2013-07-13,1498.31
2013-07-14,1498.31
2013-07-15,1498.99
2013-07-16,1501.82
2013-07-17,1500.46
2013-07-18,1505.09
2013-07-19,1513.02
2013-07-20,1513.02
2013-07-21,1513.02
2013-07-22,1515.57
2013-07-23,1519.99
2013-07-24,1520.15
2013-07-25,1516.22
2013-07-26,1518.64
2013-07-27,1518.64
2013-07-28,1518.64
2013-07-29,1516.08
2013-07-30,1508.57
2013-07-31,1509.65
2013-08-01,1509.71
2013-08-02,1524.79
2013-08-03,1524.79
2013-08-04,1524.79
2013-08-05,1532.59
2013-08-06,1531.78
2013-08-07,1527.00
2013-08-08,1519.06
2013-08-09,1527.34
2013-08-10,1527.34
2013-08-11,1527.34
2013-08-12,1525.86
2013-08-13,1523.72
2013-08-14,1528.53
2013-08-15,1525.80
2013-08-16,1511.09
2013-08-17,1511.09
2013-08-18,1511.09
2013-08-19,1508.67
2013-08-20,1499.98
2013-08-21,1499.84
2013-08-22,1486.55
2013-08-23,1498.87
2013-08-24,1498.87
2013-08-25,1498.87
2013-08-26,1508.31
2013-08-27,1503.87
2013-08-28,1483.69
2013-08-29,1479.82
2013-08-30,1482.38
2013-08-31,1482.38
2013-09-01,1482.38
2013-09-02,1473.69
2013-09-03,1482.23
2013-09-04,1485.95
2013-09-05,1496.79
2013-09-06,1497.88
2013-09-07,1497.88
2013-09-08,1497.88
2013-09-09,1501.85
2013-09-10,1516.54
2013-09-11,1530.46
2013-09-12,1536.39
2013-09-13,1531.15
2013-09-14,1531.15
2013-09-15,1531.15
2013-09-16,1537.62
2013-09-17,1545.71
2013-09-18,1548.50
2013-09-19,1571.01
2013-09-20,1572.91
2013-09-21,1572.91
2013-09-22,1572.91
2013-09-23,1564.33
2013-09-24,1556.59
2013-09-25,1554.73
2013-09-26,1553.18
2013-09-27,1557.49
2013-09-28,1557.49
2013-09-29,1557.49
2013-09-30,1554.75
2013-10-01,1542.56
2013-10-02,1553.61
2013-10-03,1550.53
2013-10-04,1542.98
2013-10-05,1542.98
2013-10-06,1542.98
2013-10-07,1546.50
2013-10-08,1536.95
2013-10-09,1522.74
2013-10-10,1519.74
2013-10-11,1546.10
2013-10-12,1546.10
2013-10-13,1546.10
2013-10-14,1557.44
2013-10-15,1560.91
2013-10-16,1559.31
2013-10-17,1571.29
2013-10-18,1586.22
2013-10-19,1586.22
2013-10-20,1586.22
2013-10-21,1597.69
2013-10-22,1599.33
2013-10-23,1610.95
2013-10-24,1601.39
2013-10-25,1608.30
2013-10-26,1608.30
2013-10-27,1608.30
2013-10-28,1608.21
2013-10-29,1610.05
2013-10-30,1613.47
2013-10-31,1609.25
2013-11-01,1601.95
2013-11-02,1601.95
2013-11-03,1601.95
2013-11-04,1598.30
2013-11-05,1603.99
2013-11-06,1599.28
2013-11-07,1607.31
2013-11-08,1590.75
2013-11-09,1590.75
2013-11-10,1590.75
2013-11-11,1596.47
2013-11-12,1601.10
2013-11-13,1597.86
2013-11-14,1604.48
2013-11-15,1612.61
2013-11-16,1612.61
2013-11-17,1612.61
2013-11-18,1622.43
2013-11-19,1622.22
2013-11-20,1616.78
2013-11-21,1609.42
2013-11-22,1617.87
2013-11-23,1617.87
2013-11-24,1617.87
2013-11-25,1624.30
2013-11-26,1624.63
2013-11-27,1622.46
2013-11-28,1624.70
2013-11-29,1628.84
2013-11-30,1628.84
2013-12-01,1628.84
2013-12-02,1627.21
2013-12-03,1620.69
2013-12-04,1613.05
2013-12-05,1606.40
2013-12-06,1599.90
2013-12-07,1599.90
2013-12-08,1599.90
2013-12-09,1612.65
2013-12-10,1618.19
2013-12-11,1614.21
2013-12-12,1600.10
2013-12-13,1587.92
2013-12-14,1587.92
2013-12-15,1587.92
2013-12-16,1588.16
2013-12-17,1597.99
2013-12-18,1594.36
2013-12-19,1609.77
2013-12-20,1618.35
2013-12-21,1618.35
2013-12-22,1618.35
2013-12-23,1626.75
2013-12-24,1636.41
2013-12-25,1639.13
2013-12-26,1639.59
2013-12-27,1645.89
2013-12-28,1645.89
2013-12-29,1645.89
2013-12-30,1652.93
2013-12-31,1655.31
2014-01-01,1659.56
2014-01-02,1659.96
2014-01-03,1645.11
2014-01-04,1645.11
2014-01-05,1645.11
2014-01-06,1644.59
2014-01-07,1641.61
2014-01-08,1647.69
2014-01-09,1648.83
2014-01-10,1646.92
2014-01-11,1646.92
2014-01-12,1646.92
2014-01-13,1655.48
2014-01-14,1646.19
2014-01-15,1649.92
2014-01-16,1660.11
2014-01-17,1659.75
2014-01-18,1659.75
2014-01-19,1659.75
2014-01-20,1656.28
2014-01-21,1656.98
2014-01-22,1659.90
2014-01-23,1660.35
2014-01-24,1651.34
2014-01-25,1651.34
2014-01-26,1651.34
2014-01-27,1618.36
2014-01-28,1604.31
2014-01-29,1610.33
2014-01-30,1603.84
2014-01-31,1607.47
2014-02-01,1607.47
2014-02-02,1607.47
2014-02-03,1598.53
2014-02-04,1571.19
2014-02-05,1570.24
2014-02-06,1572.30
2014-02-07,1592.17
2014-02-08,1592.17
2014-02-09,1592.17
2014-02-10,1611.38
2014-02-11,1616.53
2014-02-12,1633.23
2014-02-13,1637.96
2014-02-14,1643.54
2014-02-15,1643.54
2014-02-16,1643.54
2014-02-17,1651.22
2014-02-18,1653.72
2014-02-19,1660.49
2014-02-20,1653.59
2014-02-21,1656.23
2014-02-22,1656.23
2014-02-23,1656.23
2014-02-24,1659.69
2014-02-25,1668.81
2014-02-26,1668.35
2014-02-27,1665.16
2014-02-28,1669.17
2014-03-01,1669.17
2014-03-02,1669.17
2014-03-03,1675.23
2014-03-04,1653.98
2014-03-05,1677.66
2014-03-06,1678.99
2014-03-07,1686.70
2014-03-08,1686.70
2014-03-09,1686.70
2014-03-10,1681.30
2014-03-11,1676.55
2014-03-12,1671.68
2014-03-13,1665.91
2014-03-14,1649.95
2014-03-15,1649.95
2014-03-16,1649.95
2014-03-17,1640.70
2014-03-18,1653.52
2014-03-19,1665.77
2014-03-20,1653.20
2014-03-21,1654.31
2014-03-22,1654.31
2014-03-23,1654.31
2014-03-24,1653.63
2014-03-25,1647.44
2014-03-26,1657.32
2014-03-27,1654.85
2014-03-28,1653.36
2014-03-29,1653.36
2014-03-30,1653.36
2014-03-31,1662.04
2014-04-01,1673.25
2014-04-02,1683.63
2014-04-03,1687.26
2014-04-04,1685.10
2014-04-05,1685.10
2014-04-06,1685.10
2014-04-07,1675.40
2014-04-08,1658.42
2014-04-09,1662.91
2014-04-10,1677.70
2014-04-11,1655.19
2014-04-12,1655.19
2014-04-13,1655.19
2014-04-14,1636.90
2014-04-15,1645.21
2014-04-16,1646.87
2014-04-17,1665.48
2014-04-18,1669.07
2014-04-19,1669.07
2014-04-20,1669.07
2014-04-21,1669.38
2014-04-22,1672.30
2014-04-23,1683.12
2014-04-24,1678.94
2014-04-25,1681.17
2014-04-26,1681.17
2014-04-27,1681.17
2014-04-28,1669.56
2014-04-29,1672.79
2014-04-30,1683.08
2014-05-01,1688.32
2014-05-02,1690.24
2014-05-03,1690.24
2014-05-04,1690.24
2014-05-05,1689.41
2014-05-06,1689.80
2014-05-07,1681.87
2014-05-08,1684.20
2014-05-09,1685.42
2014-05-10,1685.42
2014-05-11,1685.42
2014-05-12,1683.15
2014-05-13,1696.15
2014-05-14,1697.76
2014-05-15,1693.95
2014-05-16,1681.05
2014-05-17,1681.05
2014-05-18,1681.05
2014-05-19,1683.50
2014-05-20,1685.65
2014-05-21,1676.90
2014-05-22,1688.41
2014-05-23,1692.93
2014-05-24,1692.93
2014-05-25,1692.93
2014-05-26,1698.93
2014-05-27,1703.07
2014-05-28,1708.90
2014-05-29,1705.54
2014-05-30,1713.12
2014-05-31,1713.12
2014-06-01,1713.12
2014-06-02,1715.37
2014-06-03,1717.67
2014-06-04,1716.04
2014-06-05,1717.40
2014-06-06,1727.91
2014-06-07,1727.91
2014-06-08,1727.91
2014-06-09,1735.72
2014-06-10,1736.32
2014-06-11,1735.44
2014-06-12,1730.10
2014-06-13,1725.39
2014-06-14,1725.39
2014-06-15,1725.39
2014-06-16,1727.46
2014-06-17,1727.30
2014-06-18,1729.09
2014-06-19,1740.15
2014-06-20,1747.74
2014-06-21,1747.74
2014-06-22,1747.74
2014-06-23,1748.52
2014-06-24,1746.17
2014-06-25,1737.72
2014-06-26,1738.54
2014-06-27,1737.94
2014-06-28,1737.94
2014-06-29,1737.94
2014-06-30,1741.50
2014-07-01,1743.70
2014-07-02,1755.83
2014-07-03,1757.29
2014-07-04,1765.39
2014-07-05,1765.39
2014-07-06,1765.39
2014-07-07,1763.05
2014-07-08,1754.24
2014-07-09,1740.77
2014-07-10,1746.70
2014-07-11,1733.48
2014-07-12,1733.48
2014-07-13,1733.48
2014-07-14,1736.41
2014-07-15,1747.75
2014-07-16,1741.33
2014-07-17,1752.09
2014-07-18,1733.71
2014-07-19,1733.71
2014-07-20,1733.71
2014-07-21,1745.17
2014-07-22,1740.76
2014-07-23,1751.15
2014-07-24,1754.14
2014-07-25,1756.73
2014-07-26,1756.73
2014-07-27,1756.73
2014-07-28,1747.72
2014-07-29,1748.11
2014-07-30,1744.13
2014-07-31,1741.30
2014-08-01,1713.63
2014-08-02,1713.63
2014-08-03,1713.63
2014-08-04,1704.58
2014-08-05,1710.69
2014-08-06,1698.11
2014-08-07,1694.48
2014-08-08,1683.28
2014-08-09,1683.28
2014-08-10,1683.28
2014-08-11,1691.03
2014-08-12,1701.73
2014-08-13,1699.03
2014-08-14,1709.04
2014-08-15,1715.14
2014-08-16,1715.14
2014-08-17,1715.14
2014-08-18,1715.04
2014-08-19,1728.14
2014-08-20,1734.53
2014-08-21,1734.58
2014-08-22,1741.94
2014-08-23,1741.94
2014-08-24,1741.94
2014-08-25,1735.20
2014-08-26,1744.37
2014-08-27,1748.22
2014-08-28,1750.02
2014-08-29,1744.20
2014-08-30,1744.20
2014-08-31,1744.20
2014-09-01,1746.98
2014-09-02,1748.28
2014-09-03,1747.60
2014-09-04,1752.38
2014-09-05,1746.30
2014-09-06,1746.30
2014-09-07,1746.30
2014-09-08,1749.52
2014-09-09,1741.25
2014-09-10,1733.73
2014-09-11,1737.05
2014-09-12,1736.00
2014-09-13,1736.00
2014-09-14,1736.00
2014-09-15,1729.86
2014-09-16,1727.03
2014-09-17,1734.44
2014-09-18,1731.18
2014-09-19,1743.63
2014-09-20,1743.63
2014-09-21,1743.63
2014-09-22,1740.58
2014-09-23,1727.60
2014-09-24,1715.51
2014-09-25,1723.32
2014-09-26,1701.09
2014-09-27,1701.09
2014-09-28,1701.09
2014-09-29,1706.71
2014-09-30,1702.26
2014-10-01,1698.35
2014-10-02,1680.64
2014-10-03,1668.90
2014-10-04,1668.90
2014-10-05,1668.90
2014-10-06,1675.10
2014-10-07,1683.53
2014-10-08,1662.55
2014-10-09,1676.62
2014-10-10,1650.78
2014-10-11,1650.78
2014-10-12,1650.78
2014-10-13,1627.80
2014-10-14,1615.52
2014-10-15,1609.26
2014-10-16,1597.72
2014-10-17,1593.51
2014-10-18,1593.51
2014-10-19,1593.51
2014-10-20,1612.25
2014-10-21,1626.48
2014-10-22,1649.95
2014-10-23,1646.27
2014-10-24,1660.11
2014-10-25,1660.11
2014-10-26,1660.11
2014-10-27,1668.07
2014-10-28,1666.07
2014-10-29,1684.12
2014-10-30,1680.48
2014-10-31,1688.18
2014-11-01,1688.18
2014-11-02,1688.18
2014-11-03,1706.17
2014-11-04,1699.53
2014-11-05,1697.86
2014-11-06,1705.67
2014-11-07,1704.65
2014-11-08,1704.65
2014-11-09,1704.65
2014-11-10,1709.47
2014-11-11,1713.21
2014-11-12,1718.51
2014-11-13,1712.59
2014-11-14,1715.35
2014-11-15,1715.35
2014-11-16,1715.35
2014-11-17,1718.51
2014-11-18,1714.47
2014-11-19,1727.64
2014-11-20,1724.23
2014-11-21,1725.27
2014-11-22,1725.27
2014-11-23,1725.27
2014-11-24,1735.73
2014-11-25,1740.15
2014-11-26,1742.34
2014-11-27,1747.26
2014-11-28,1743.83
2014-11-29,1743.83
2014-11-30,1743.83
2014-12-01,1737.97
2014-12-02,1730.38
2014-12-03,1734.99
2014-12-04,1738.63
2014-12-05,1734.66
2014-12-06,1734.66
2014-12-07,1734.66
2014-12-08,1737.38
2014-12-09,1727.42
2014-12-10,1719.64
2014-12-11,1700.50
2014-12-12,1700.64
2014-12-13,1700.64
2014-12-14,1700.64
2014-12-15,1675.64
2014-12-16,1655.78
2014-12-17,1656.60
2014-12-18,1668.75
2014-12-19,1706.96
2014-12-20,1706.96
2014-12-21,1706.96
2014-12-22,1715.81
2014-12-23,1721.86
2014-12-24,1723.83
2014-12-25,1726.12
2014-12-26,1726.23
2014-12-27,1726.23
2014-12-28,1726.23
2014-12-29,1729.60
2014-12-30,1730.61
2014-12-31,1720.63
2015-01-01,1709.22
2015-01-02,1709.49
2015-01-03,1709.49
2015-01-04,1709.49
2015-01-05,1700.49
2015-01-06,1671.26
2015-01-07,1652.74
2015-01-08,1664.04
2015-01-09,1694.09
2015-01-10,1694.09
2015-01-11,1694.09
2015-01-12,1685.40
2015-01-13,1677.16
2015-01-14,1678.58
2015-01-15,1665.05
2015-01-16,1663.69
2015-01-17,1663.69
2015-01-18,1663.69
2015-01-19,1676.72
2015-01-20,1680.45
2015-01-21,1684.34
2015-01-22,1694.54
2015-01-23,1707.14
2015-01-24,1707.14
2015-01-25,1707.14
2015-01-26,1704.86
2015-01-27,1711.93
2015-01-28,1704.38
2015-01-29,1686.81
2015-01-30,1692.68
2015-01-31,1692.68
2015-02-01,1692.68
2015-02-02,1678.78
2015-02-03,1693.18
2015-02-04,1716.81
2015-02-05,1713.16
2015-02-06,1729.10
2015-02-07,1729.10
2015-02-08,1729.10
2015-02-09,1718.97
2015-02-10,1713.52
2015-02-11,1724.92
2015-02-12,1722.04
2015-02-13,1741.82
2015-02-14,1741.82
2015-02-15,1741.82
2015-02-16,1752.25
2015-02-17,1751.20
2015-02-18,1755.10
2015-02-19,1760.59
2015-02-20,1759.95
2015-02-21,1759.95
2015-02-22,1759.95
2015-02-23,1768.36
2015-02-24,1770.00
2015-02-25,1775.72
2015-02-26,1777.44
2015-02-27,1773.29
2015-02-28,1773.29
2015-03-01,1773.29
2015-03-02,1771.04
2015-03-03,1776.42
2015-03-04,1767.93
2015-03-05,1761.13
2015-03-06,1763.90
2015-03-07,1763.90
2015-03-08,1763.90
2015-03-09,1741.83
2015-03-10,1741.78
2015-03-11,1711.56
2015-03-12,1710.48
2015-03-13,1728.44
2015-03-14,1728.44
2015-03-15,1728.44
2015-03-16,1718.81
2015-03-17,1739.95
2015-03-18,1736.18
2015-03-19,1763.81
2015-03-20,1753.23
2015-03-21,1753.23
2015-03-22,1753.23
2015-03-23,1776.48
2015-03-24,1779.73
2015-03-25,1772.60
2015-03-26,1755.05
2015-03-27,1743.56
2015-03-28,1743.56
2015-03-29,1743.56
2015-03-30,1744.39
2015-03-31,1757.42
2015-04-01,1740.31
2015-04-02,1738.57
2015-04-03,1749.01
2015-04-04,1749.01
2015-04-05,1749.01
2015-04-06,1755.99
2015-04-07,1759.71
2015-04-08,1762.39
2015-04-09,1765.72
2015-04-10,1771.17
2015-04-11,1771.17
2015-04-12,1771.17
2015-04-13,1778.83
2015-04-14,1772.76
2015-04-15,1777.69
2015-04-16,1787.89
2015-04-17,1789.12
2015-04-18,1789.12
2015-04-19,1789.12
2015-04-20,1770.26
2015-04-21,1778.69
2015-04-22,1781.59
2015-04-23,1786.48
2015-04-24,1792.80
2015-04-25,1792.80
2015-04-26,1792.80
2015-04-27,1800.03
2015-04-28,1801.46
2015-04-29,1802.77
2015-04-30,1793.55
2015-05-01,1778.71
2015-05-02,1778.71
2015-05-03,1778.71
2015-05-04,1786.19
2015-05-05,1790.87
2015-05-06,1772.53
2015-05-07,1770.13
2015-05-08,1770.76
2015-05-09,1770.76
2015-05-10,1770.76
2015-05-11,1795.95
2015-05-12,1788.88
2015-05-13,1783.59
2015-05-14,1789.23
2015-05-15,1805.17
2015-05-16,1805.17
2015-05-17,1805.17
2015-05-18,1806.95
2015-05-19,1807.50
2015-05-20,1805.47
2015-05-21,1804.56
2015-05-22,1810.86
2015-05-23,1810.86
2015-05-24,1810.86
2015-05-25,1802.88
2015-05-26,1801.66
2015-05-27,1780.36
2015-05-28,1795.63
2015-05-29,1793.97
2015-05-30,1793.97
2015-05-31,1793.97
2015-06-01,1778.43
2015-06-02,1778.49
2015-06-03,1783.06
2015-06-04,1789.85
2015-06-05,1772.83
2015-06-06,1772.83
2015-06-07,1772.83
2015-06-08,1761.43
2015-06-09,1755.50
2015-06-10,1753.39
2015-06-11,1776.83
2015-06-12,1780.77
2015-06-13,1780.77
2015-06-14,1780.77
2015-06-15,1767.48
2015-06-16,1757.90
2015-06-17,1764.62
2015-06-18,1768.27
2015-06-19,1780.43
2015-06-20,1780.43
2015-06-21,1780.43
2015-06-22,1775.82
2015-06-23,1795.29
2015-06-24,1796.75
2015-06-25,1786.15
2015-06-26,1781.71
2015-06-27,1781.71
2015-06-28,1781.71
2015-06-29,1773.06
2015-06-30,1739.18
2015-07-01,1735.42
2015-07-02,1745.70
2015-07-03,1747.03
2015-07-04,1747.03
2015-07-05,1747.03
2015-07-06,1739.90
2015-07-07,1729.95
2015-07-08,1726.17
2015-07-09,1706.31
2015-07-10,1717.94
2015-07-11,1717.94
2015-07-12,1717.94
2015-07-13,1743.86
2015-07-14,1759.25
2015-07-15,1771.00
2015-07-16,1768.56
2015-07-17,1781.29
2015-07-18,1781.29
2015-07-19,1781.29
2015-07-20,1779.45
2015-07-21,1781.97
2015-07-22,1776.62
2015-07-23,1767.70
2015-07-24,1762.42
2015-07-25,1762.42
2015-07-26,1762.42
2015-07-27,1744.46
2015-07-28,1731.17
2015-07-29,1749.70
2015-07-30,1759.32
2015-07-31,1761.12
2015-08-01,1761.12
2015-08-02,1761.12
2015-08-03,1762.49
2015-08-04,1759.60
2015-08-05,1755.27
2015-08-06,1765.12
2015-08-07,1752.41
2015-08-08,1752.41
2015-08-09,1752.41
2015-08-10,1747.06
2015-08-11,1769.22
2015-08-12,1748.73
2015-08-13,1740.07
2015-08-14,1742.30
2015-08-15,1742.30
2015-08-16,1742.30
2015-08-17,1744.16
2015-08-18,1749.14
2015-08-19,1743.79
2015-08-20,1727.93
2015-08-21,1697.72
2015-08-22,1697.72
2015-08-23,1697.72
2015-08-24,1651.72
2015-08-25,1589.50
2015-08-26,1583.87
2015-08-27,1614.58
2015-08-28,1652.00
2015-08-29,1652.00
2015-08-30,1652.00
2015-08-31,1656.97
2015-09-01,1645.82
2015-09-02,1599.42
2015-09-03,1616.92
2015-09-04,1624.97
2015-09-05,1624.97
2015-09-06,1624.97
2015-09-07,1595.61
2015-09-08,1598.97
2015-09-09,1628.02
2015-09-10,1628.31
2015-09-11,1626.45
2015-09-12,1626.45
2015-09-13,1626.45
2015-09-14,1629.88
2015-09-15,1621.63
2015-09-16,1635.47
2015-09-17,1655.03
2015-09-18,1655.79
2015-09-19,1655.79
2015-09-20,1655.79
2015-09-21,1626.70
2015-09-22,1628.96
2015-09-23,1600.40
2015-09-24,1596.65
2015-09-25,1583.79
2015-09-26,1583.79
2015-09-27,1583.79
2015-09-28,1595.46
2015-09-29,1560.21
2015-09-30,1551.41
2015-10-01,1582.12
2015-10-02,1587.04
2015-10-03,1587.04
2015-10-04,1587.04
2015-10-05,1605.22
2015-10-06,1636.70
2015-10-07,1641.58
2015-10-08,1653.16
2015-10-09,1664.96
2015-10-10,1664.96
2015-10-11,1664.96
2015-10-12,1673.87
2015-10-13,1673.42
2015-10-14,1661.08
2015-10-15,1655.36
2015-10-16,1675.31
2015-10-17,1675.31
2015-10-18,1675.31
2015-10-19,1682.61
2015-10-20,1679.82
2015-10-21,1677.37
2015-10-22,1671.89
2015-10-23,1687.72
2015-10-24,1687.72
2015-10-25,1687.72
2015-10-26,1705.69
2015-10-27,1704.65
2015-10-28,1695.24
2015-10-29,1709.13
2015-10-30,1707.69
2015-10-31,1707.69
2015-11-01,1707.69
2015-11-02,1705.70
2015-11-03,1714.41
2015-11-04,1718.27
2015-11-05,1713.92
2015-11-06,1710.63
2015-11-07,1710.63
2015-11-08,1710.63
2015-11-09,1703.65
2015-11-10,1692.12
2015-11-11,1691.30
2015-11-12,1692.93
2015-11-13,1673.23
2015-11-14,1673.23
2015-11-15,1673.23
2015-11-16,1655.29
2015-11-17,1666.73
2015-11-18,1675.87
2015-11-19,1692.43
2015-11-20,1700.00
2015-11-21,1700.00
2015-11-22,1700.00
2015-11-23,1701.42
2015-11-24,1697.67
2015-11-25,1696.11
2015-11-26,1699.23
2015-11-27,1703.21
2015-11-28,1703.21
2015-11-29,1703.21
2015-11-30,1699.92
2015-12-01,1694.52
2015-12-02,1710.95
2015-12-03,1697.49
2015-12-04,1682.13
2015-12-05,1682.13
2015-12-06,1682.13
2015-12-07,1694.52
2015-12-08,1685.49
2015-12-09,1671.34
2015-12-10,1666.47
2015-12-11,1663.34
2015-12-12,1663.34
2015-12-13,1663.34
2015-12-14,1636.51
2015-12-15,1631.84
2015-12-16,1647.31
2015-12-17,1667.03
2015-12-18,1655.50
2015-12-19,1655.50
2015-12-20,1655.50
2015-12-21,1634.25
2015-12-22,1638.77
2015-12-23,1649.87
2015-12-24,1672.42
2015-12-25,1674.43
2015-12-26,1674.43
2015-12-27,1674.43
2015-12-28,1673.97
2015-12-29,1670.00
2015-12-30,1686.22
2015-12-31,1676.59
2016-01-01,1676.59
2016-01-02,1676.59
2016-01-03,1676.59
2016-01-04,1663.05
2016-01-05,1631.78
2016-01-06,1632.00
2016-01-07,1611.04
2016-01-08,1579.34
2016-01-09,1579.34
2016-01-10,1579.34
2016-01-11,1562.65
2016-01-12,1557.41
2016-01-13,1562.86
2016-01-14,1544.92
2016-01-15,1550.18
2016-01-16,1550.18
2016-01-17,1550.18
2016-01-18,1519.14
2016-01-19,1514.11
2016-01-20,1520.85
2016-01-21,1491.63
2016-01-22,1499.84
2016-01-23,1499.84
2016-01-24,1499.84
2016-01-25,1535.31
2016-01-26,1521.39
2016-01-27,1536.19
2016-01-28,1532.04
2016-01-29,1532.55
2016-01-30,1532.55
2016-01-31,1532.55
2016-02-01,1562.73
2016-02-02,1567.02
2016-02-03,1540.16
2016-02-04,1542.47
2016-02-05,1549.54
2016-02-06,1549.54
2016-02-07,1549.54
2016-02-08,1523.82
2016-02-09,1500.07
2016-02-10,1487.18
2016-02-11,1490.54
2016-02-12,1468.33
2016-02-13,1468.33
2016-02-14,1468.33
2016-02-15,1486.49
2016-02-16,1504.47
2016-02-17,1519.51
2016-02-18,1544.52
2016-02-19,1543.72
2016-02-20,1543.72
2016-02-21,1543.72
2016-02-22,1539.35
2016-02-23,1558.02
2016-02-24,1539.75
2016-02-25,1533.89
2016-02-26,1553.77
2016-02-27,1553.77
2016-02-28,1553.77
2016-02-29,1554.43
2016-03-01,1548.03
2016-03-02,1575.62
2016-03-03,1589.94
2016-03-04,1598.46
2016-03-05,1598.46
2016-03-06,1598.46
2016-03-07,1608.07
2016-03-08,1609.11
2016-03-09,1592.21
2016-03-10,1597.56
2016-03-11,1598.00
2016-03-12,1598.00
2016-03-13,1598.00
2016-03-14,1626.14
2016-03-15,1626.96
2016-03-16,1618.44
2016-03-17,1629.00
2016-03-18,1643.05
2016-03-19,1643.05
2016-03-20,1643.05
2016-03-21,1644.18
2016-03-22,1642.04
2016-03-23,1642.50
2016-03-24,1631.42
2016-03-25,1622.41
2016-03-26,1622.41
2016-03-27,1622.41
2016-03-28,1623.15
2016-03-29,1627.00
2016-03-30,1641.06
2016-03-31,1651.49
2016-04-01,1646.88
2016-04-02,1646.88
2016-04-03,1646.88
2016-04-04,1642.30
2016-04-05,1639.80
2016-04-06,1619.00
2016-04-07,1635.16
2016-04-08,1618.77
2016-04-09,1618.77
2016-04-10,1618.77
2016-04-11,1631.67
2016-04-12,1630.70
2016-04-13,1646.85
2016-04-14,1666.88
2016-04-15,1670.33
2016-04-16,1670.33
2016-04-17,1670.33
2016-04-18,1670.15
2016-04-19,1675.64
2016-04-20,1693.36
2016-04-21,1693.98
2016-04-22,1688.39
2016-04-23,1688.39
2016-04-24,1688.39
2016-04-25,1686.54
2016-04-26,1681.29
2016-04-27,1685.33
2016-04-28,1687.83
2016-04-29,1679.24
2016-04-30,1679.24
2016-05-01,1679.24
2016-05-02,1670.78
2016-05-03,1675.98
2016-05-04,1657.46
2016-05-05,1644.07
2016-05-06,1641.69
2016-05-07,1641.69
2016-05-08,1641.69
2016-05-09,1642.28
2016-05-10,1643.09
2016-05-11,1662.78
2016-05-12,1651.84
2016-05-13,1648.46
2016-05-14,1648.46
2016-05-15,1648.46
2016-05-16,1636.26
2016-05-17,1649.07
2016-05-18,1640.35
2016-05-19,1638.81
2016-05-20,1627.62
2016-05-21,1627.62
2016-05-22,1627.62
2016-05-23,1639.79
2016-05-24,1635.84
2016-05-25,1654.88
2016-05-26,1670.72
2016-05-27,1672.64
2016-05-28,1672.64
2016-05-29,1672.64
2016-05-30,1675.20
2016-05-31,1677.27
2016-06-01,1673.28
2016-06-02,1672.38
2016-06-03,1673.13
2016-06-04,1673.13
2016-06-05,1673.13
2016-06-06,1677.00
2016-06-07,1686.94
2016-06-08,1694.72
2016-06-09,1698.31
2016-06-10,1686.90
2016-06-11,1686.90
2016-06-12,1686.90
2016-06-13,1661.70
2016-06-14,1643.98
2016-06-15,1629.68
2016-06-16,1633.97
2016-06-17,1633.75
2016-06-18,1633.75
2016-06-19,1633.75
2016-06-20,1641.55
2016-06-21,1663.36
2016-06-22,1667.36
2016-06-23,1670.25
2016-06-24,1690.28
2016-06-25,1690.28
2016-06-26,1690.28
2016-06-27,1604.91
2016-06-28,1571.66
2016-06-29,1601.84
2016-06-30,1635.70
2016-07-01,1653.07
2016-07-02,1653.07
2016-07-03,1653.07
2016-07-04,1659.70
2016-07-05,1660.27
2016-07-06,1642.53
2016-07-07,1641.51
2016-07-08,1643.47
2016-07-09,1643.47
2016-07-10,1643.47
2016-07-11,1663.54
2016-07-12,1677.31
2016-07-13,1691.47
2016-07-14,1693.35
2016-07-15,1703.99
2016-07-16,1703.99
2016-07-17,1703.99
2016-07-18,1700.62
2016-07-19,1704.32
2016-07-20,1698.30
2016-07-21,1708.22
2016-07-22,1705.81
2016-07-23,1705.81
2016-07-24,1705.81
2016-07-25,1707.71
2016-07-26,1703.96
2016-07-27,1707.21
2016-07-28,1710.77
2016-07-29,1707.70
2016-07-30,1707.70
2016-07-31,1707.70
2016-08-01,1719.86
2016-08-02,1715.90
2016-08-03,1705.10
2016-08-04,1703.68
2016-08-05,1707.80
2016-08-06,1707.80
2016-08-07,1707.80
2016-08-08,1718.04
2016-08-09,1720.52
2016-08-10,1728.04
2016-08-11,1728.24
2016-08-12,1734.81
2016-08-13,1734.81
2016-08-14,1734.81
2016-08-15,1733.98
2016-08-16,1738.80
2016-08-17,1732.59
2016-08-18,1732.41
2016-08-19,1737.96
2016-08-20,1737.96
2016-08-21,1737.96
2016-08-22,1730.93
2016-08-23,1731.48
2016-08-24,1738.17
2016-08-25,1731.24
2016-08-26,1726.99
2016-08-27,1726.99
2016-08-28,1726.99
2016-08-29,1720.49
2016-08-30,1726.84
2016-08-31,1724.53
2016-09-01,1720.45
2016-09-02,1723.20
2016-09-03,1723.20
2016-09-04,1723.20
2016-09-05,1736.41
2016-09-06,1737.51
2016-09-07,1746.18
2016-09-08,1746.48
2016-09-09,1742.61
2016-09-10,1742.61
2016-09-11,1742.61
2016-09-12,1706.53
2016-09-13,1718.15
2016-09-14,1692.66
2016-09-15,1692.29
2016-09-16,1706.43
2016-09-17,1706.43
2016-09-18,1706.43
2016-09-19,1695.63
2016-09-20,1701.55
2016-09-21,1703.52
2016-09-22,1725.15
2016-09-23,1738.98
2016-09-24,1738.98
2016-09-25,1738.98
2016-09-26,1729.89
2016-09-27,1714.26
2016-09-28,1721.00
2016-09-29,1727.68
2016-09-30,1719.94
2016-10-01,1719.94
2016-10-02,1719.94
2016-10-03,1724.79
2016-10-04,1722.97
2016-10-05,1718.18
2016-10-06,1721.75
2016-10-07,1717.75
2016-10-08,1717.75
2016-10-09,1717.75
2016-10-10,1712.76
2016-10-11,1718.62
2016-10-12,1700.55
2016-10-13,1695.12
2016-10-14,1690.68
2016-10-15,1690.68
2016-10-16,1690.68
2016-10-17,1692.64
2016-10-18,1688.98
2016-10-19,1701.49
2016-10-20,1706.56
2016-10-21,1704.08
2016-10-22,1704.08
2016-10-23,1704.08
2016-10-24,1701.38
2016-10-25,1706.02
2016-10-26,1703.13
2016-10-27,1699.15
2016-10-28,1693.50
2016-10-29,1693.50
2016-10-30,1693.50
2016-10-31,1693.57
2016-11-01,1691.60
2016-11-02,1685.22
2016-11-03,1671.85
2016-11-04,1667.63
2016-11-05,1667.63
2016-11-06,1667.63
2016-11-07,1657.55
2016-11-08,1686.41
2016-11-09,1690.55
2016-11-10,1694.56
2016-11-11,1702.02
2016-11-12,1702.02
2016-11-13,1702.02
2016-11-14,1696.15
2016-11-15,1693.66
2016-11-16,1702.23
2016-11-17,1700.24
2016-11-18,1703.61
2016-11-19,1703.61
2016-11-20,1703.61
2016-11-21,1697.70
2016-11-22,1710.83
2016-11-23,1714.23
2016-11-24,1710.92
2016-11-25,1712.83
2016-11-26,1712.83
2016-11-27,1712.83
2016-11-28,1720.90
2016-11-29,1714.28
2016-11-30,1716.58
2016-12-01,1711.76
2016-12-02,1709.95
2016-12-03,1709.95
2016-12-04,1709.95
2016-12-05,1706.82
2016-12-06,1720.32
2016-12-07,1727.32
2016-12-08,1749.44
2016-12-09,1753.77
2016-12-10,1753.77
2016-12-11,1753.77
2016-12-12,1760.37
2016-12-13,1761.97
2016-12-14,1773.33
2016-12-15,1754.32
2016-12-16,1755.61
2016-12-17,1755.61
2016-12-18,1755.61
2016-12-19,1756.98
2016-12-20,1757.42
2016-12-21,1762.44
2016-12-22,1759.66
2016-12-23,1756.97
2016-12-24,1756.97
2016-12-25,1756.97
2016-12-26,1758.83
2016-12-27,1758.09
2016-12-28,1760.84
2016-12-29,1751.94
2016-12-30,1753.00
2016-12-31,1753.00
2017-01-01,1753.00
2017-01-02,1749.61
2017-01-03,1749.01
2017-01-04,1759.03
2017-01-05,1774.43
2017-01-06,1782.52
2017-01-07,1782.52
2017-01-08,1782.52
2017-01-09,1780.03
2017-01-10,1778.73
2017-01-11,1777.81
2017-01-12,1785.22
2017-01-13,1780.71
2017-01-14,1780.71
2017-01-15,1780.71
2017-01-16,1787.71
2017-01-17,1783.00
2017-01-18,1784.01
2017-01-19,1780.37
2017-01-20,1777.93
2017-01-21,1777.93
2017-01-22,1777.93
2017-01-23,1784.98
2017-01-24,1783.80
2017-01-25,1789.39
2017-01-26,1806.74
2017-01-27,1804.37
2017-01-28,1804.37
2017-01-29,1804.37
2017-01-30,1803.77
2017-01-31,1792.21
2017-02-01,1791.85
2017-02-02,1794.20
2017-02-03,1792.90
2017-02-04,1792.90
2017-02-05,1792.90
2017-02-06,1804.60
2017-02-07,1799.83
2017-02-08,1797.41
2017-02-09,1801.80
2017-02-10,1806.61
2017-02-11,1806.61
2017-02-12,1806.61
2017-02-13,1814.87
2017-02-14,1823.60
2017-02-15,1824.84
2017-02-16,1835.11
2017-02-17,1836.53
2017-02-18,1836.53
2017-02-19,1836.53
2017-02-20,1835.99
2017-02-21,1836.40
2017-02-22,1843.04
2017-02-23,1843.01
2017-02-24,1844.71
2017-02-25,1844.71
2017-02-26,1844.71
2017-02-27,1840.17
2017-02-28,1839.13
2017-03-01,1834.55
2017-03-02,1856.51
2017-03-03,1847.82
2017-03-04,1847.82
2017-03-05,1847.82
2017-03-06,1851.44
2017-03-07,1844.62
2017-03-08,1840.16
2017-03-09,1834.15
2017-03-10,1835.62
2017-03-11,1835.62
2017-03-12,1835.62
2017-03-13,1846.41
2017-03-14,1848.95
2017-03-15,1841.64
2017-03-16,1860.89
2017-03-17,1864.13
2017-03-18,1864.13
2017-03-19,1864.13
2017-03-20,1863.36
2017-03-21,1859.97
2017-03-22,1846.42
2017-03-23,1842.15
2017-03-24,1844.61
2017-03-25,1844.61
2017-03-26,1844.61
2017-03-27,1848.04
2017-03-28,1844.18
2017-03-29,1855.08
2017-03-30,1857.67
2017-03-31,1857.20
2017-04-01,1857.20
2017-04-02,1857.20
2017-04-03,1853.55
2017-04-04,1849.66
2017-04-05,1850.69
2017-04-06,1846.45
2017-04-07,1846.69
2017-04-08,1846.69
2017-04-09,1846.69
2017-04-10,1844.58
2017-04-11,1846.78
2017-04-12,1846.68
2017-04-13,1844.61
2017-04-14,1831.96
2017-04-15,1831.96
2017-04-16,1831.96
2017-04-17,1832.43
2017-04-18,1844.73
2017-04-19,1838.28
2017-04-20,1834.81
2017-04-21,1845.87
2017-04-22,1845.87
2017-04-23,1845.87
2017-04-24,1847.91
2017-04-25,1871.80
2017-04-26,1883.05
2017-04-27,1883.05
2017-04-28,1881.23
2017-04-29,1881.23
2017-04-30,1881.23
2017-05-01,1878.91
2017-05-02,1881.65
2017-05-03,1887.83
2017-05-04,1881.23
2017-05-05,1887.79
2017-05-06,1887.79
2017-05-07,1887.79
2017-05-08,1897.71
2017-05-09,1896.66
2017-05-10,1893.80
2017-05-11,1895.02
2017-05-12,1890.59
2017-05-13,1890.59
2017-05-14,1890.59
2017-05-15,1892.03
2017-05-16,1902.39
2017-05-17,1906.17
2017-05-18,1881.77
2017-05-19,1879.79
2017-05-20,1879.79
2017-05-21,1879.79
2017-05-22,1896.17
2017-05-23,1904.21
2017-05-24,1904.63
2017-05-25,1910.46
2017-05-26,1913.98
2017-05-27,1913.98
2017-05-28,1913.98
2017-05-29,1912.12
2017-05-30,1909.89
2017-05-31,1908.92
2017-06-01,1910.96
2017-06-02,1923.10
2017-06-03,1923.10
2017-06-04,1923.10
2017-06-05,1934.38
2017-06-06,1931.17
2017-06-07,1926.12
2017-06-08,1926.43
2017-06-09,1921.36
2017-06-10,1921.36
2017-06-11,1921.36
2017-06-12,1923.43
2017-06-13,1918.87
2017-06-14,1929.22
2017-06-15,1926.48
2017-06-16,1916.80
2017-06-17,1916.80
2017-06-18,1916.80
2017-06-19,1922.86
2017-06-20,1936.01
2017-06-21,1923.18
2017-06-22,1921.15
2017-06-23,1921.78
2017-06-24,1921.78
2017-06-25,1921.78
2017-06-26,1925.08
2017-06-27,1926.52
2017-06-28,1919.15
2017-06-29,1933.29
2017-06-30,1919.66
2017-07-01,1919.66
2017-07-02,1919.66
2017-07-03,1917.50
2017-07-04,1921.94
2017-07-05,1919.22
2017-07-06,1921.14
2017-07-07,1908.25
2017-07-08,1908.25
2017-07-09,1908.25
2017-07-10,1914.86
2017-07-11,1917.76
2017-07-12,1918.27
2017-07-13,1933.56
2017-07-14,1937.96
2017-07-15,1937.96
2017-07-16,1937.96
2017-07-17,1949.63
2017-07-18,1947.85
2017-07-19,1948.14
2017-07-20,1958.75
2017-07-21,1961.90
2017-07-22,1961.90
2017-07-23,1961.90
2017-07-24,1958.64
2017-07-25,1954.08
2017-07-26,1960.39
2017-07-27,1967.43
2017-07-28,1964.38
2017-07-29,1964.38
2017-07-30,1964.38
2017-07-31,1960.68
2017-08-01,1962.13
2017-08-02,1969.78
2017-08-03,1969.31
2017-08-04,1968.53
2017-08-05,1968.53
2017-08-06,1968.53
2017-08-07,1969.81
2017-08-08,1972.43
2017-08-09,1968.23
2017-08-10,1963.19
2017-08-11,1940.60
2017-08-12,1940.60
2017-08-13,1940.60
2017-08-14,1937.72
2017-08-15,1952.32
2017-08-16,1949.92
2017-08-17,1958.46
2017-08-18,1934.01
2017-08-19,1934.01
2017-08-20,1934.01
2017-08-21,1930.13
2017-08-22,1931.45
2017-08-23,1945.86
2017-08-24,1942.37
2017-08-25,1939.46
2017-08-26,1939.46
2017-08-27,1939.46
2017-08-28,1947.25
2017-08-29,1945.79
2017-08-30,1942.08
2017-08-31,1947.00
2017-09-01,1961.94
2017-09-02,1961.94
2017-09-03,1961.94
2017-09-04,1965.76
2017-09-05,1962.11
2017-09-06,1954.08
2017-09-07,1958.73
2017-09-08,1965.77
2017-09-09,1965.77
2017-09-10,1965.77
2017-09-11,1965.18
2017-09-12,1981.70
2017-09-13,1989.15
2017-09-14,1985.93
2017-09-15,1986.53
2017-09-16,1986.53
2017-09-17,1986.53
2017-09-18,1986.60
2017-09-19,1991.38
2017-09-20,1995.86
2017-09-21,1992.66
2017-09-22,1991.70
2017-09-23,1991.70
2017-09-24,1991.70
2017-09-25,1992.10
2017-09-26,1988.82
2017-09-27,1984.51
2017-09-28,1987.50
2017-09-29,1993.07
2017-09-30,1993.07
2017-10-01,1993.07
2017-10-02,2000.19
2017-10-03,2004.81
2017-10-04,2009.37
2017-10-05,2010.52
2017-10-06,2015.27
2017-10-07,2015.27
2017-10-08,2015.27
2017-10-09,2015.05
2017-10-10,2013.10
2017-10-11,2020.53
2017-10-12,2025.47
2017-10-13,2024.55
2017-10-14,2024.55
2017-10-15,2024.55
2017-10-16,2027.01
2017-10-17,2028.73
2017-10-18,2028.80
2017-10-19,2031.26
2017-10-20,2032.23
2017-10-21,2032.23
2017-10-22,2032.23
2017-10-23,2033.91
2017-10-24,2030.98
2017-10-25,2031.59
2017-10-26,2023.75
2017-10-27,2023.26
2017-10-28,2023.26
2017-10-29,2023.26
2017-10-30,2035.77
2017-10-31,2035.37
2017-11-01,2036.79
2017-11-02,2041.07
2017-11-03,2042.32
2017-11-04,2042.32
2017-11-05,2042.32
2017-11-06,2045.70
2017-11-07,2049.31
2017-11-08,2048.05
2017-11-09,2050.78
2017-11-10,2043.87
2017-11-11,2043.87
2017-11-12,2043.87
2017-11-13,2038.67
2017-11-14,2035.17
2017-11-15,2033.68
2017-11-16,2020.92
2017-11-17,2035.13
2017-11-18,2035.13
2017-11-19,2035.13
2017-11-20,2033.42
2017-11-21,2034.56
2017-11-22,2047.51
2017-11-23,2052.40
2017-11-24,2053.69
2017-11-25,2053.69
2017-11-26,2053.69
2017-11-27,2058.86
2017-11-28,2054.69
2017-11-29,2067.20
2017-11-30,2065.85
2017-12-01,2074.68
2017-12-02,2074.68
2017-12-03,2074.68
2017-12-04,2070.02
2017-12-05,2070.88
2017-12-06,2063.53
2017-12-07,2058.34
2017-12-08,2062.99
2017-12-09,2062.99
2017-12-10,2062.99
2017-12-11,2074.08
2017-12-12,2080.08
2017-12-13,2083.96
2017-12-14,2087.85
2017-12-15,2078.00
2017-12-16,2078.00
2017-12-17,2078.00
2017-12-18,2085.04
2017-12-19,2102.70
2017-12-20,2098.05
2017-12-21,2094.81
2017-12-22,2101.63
2017-12-23,2101.63
2017-12-24,2101.63
2017-12-25,2100.43
2017-12-26,2101.23
2017-12-27,2099.50
2017-12-28,2103.78
2017-12-29,2107.08
2017-12-30,2107.08
2017-12-31,2107.08
2018-01-01,2102.35
2018-01-02,2103.31
2018-01-03,2116.26
2018-01-04,2125.15
2018-01-05,2143.00
2018-01-06,2143.00
2018-01-07,2143.00
2018-01-08,2156.99
2018-01-09,2157.32
2018-01-10,2161.77
2018-01-11,2160.64
2018-01-12,2172.16
2018-01-13,2172.16
2018-01-14,2172.16
2018-01-15,2188.85
2018-01-16,2193.53
2018-01-17,2189.43
2018-01-18,2196.41
2018-01-19,2197.27
2018-01-20,2197.27
2018-01-21,2197.27
2018-01-22,2208.60
2018-01-23,2221.06
2018-01-24,2230.22
2018-01-25,2232.97
2018-01-26,2225.45
2018-01-27,2225.45
2018-01-28,2225.45
2018-01-29,2248.30
2018-01-30,2234.85
2018-01-31,2214.13
2018-02-01,2211.12
2018-02-02,2213.89
2018-02-03,2213.89
2018-02-04,2213.89
2018-02-05,2170.44
2018-02-06,2103.04
2018-02-07,2100.31
2018-02-08,2099.30
2018-02-09,2044.73
2018-02-10,2044.73
2018-02-11,2044.73
2018-02-12,2051.07
2018-02-13,2076.88
2018-02-14,2079.96
2018-02-15,2108.20
2018-02-16,2132.77
2018-02-17,2132.77
2018-02-18,2132.77
2018-02-19,2136.28
2018-02-20,2136.13
2018-02-21,2124.95
2018-02-22,2115.80
2018-02-23,2118.19
2018-02-24,2118.19
2018-02-25,2118.19
2018-02-26,2140.18
2018-02-27,2160.73
2018-02-28,2140.98
2018-03-01,2117.37
2018-03-02,2094.98
2018-03-03,2094.98
2018-03-04,2094.98
2018-03-05,2091.09
2018-03-06,2106.22
2018-03-07,2119.02
2018-03-08,2116.25
2018-03-09,2124.64
2018-03-10,2124.64
2018-03-11,2124.64
2018-03-12,2149.35
2018-03-13,2154.92
2018-03-14,2144.20
2018-03-15,2134.68
2018-03-16,2132.31
2018-03-17,2132.31
2018-03-18,2132.31
2018-03-19,2134.66
2018-03-20,2110.07
2018-03-21,2109.99
2018-03-22,2113.53
2018-03-23,2074.28
2018-03-24,2074.28
2018-03-25,2074.28
2018-03-26,2036.63
2018-03-27,2069.38
2018-03-28,2056.57
2018-03-29,2044.93
2018-03-30,2067.02
2018-03-31,2067.02
2018-04-01,2067.02
2018-04-02,2067.54
2018-04-03,2036.66
2018-04-04,2049.92
2018-04-05,2062.64
2018-04-06,2081.86
2018-04-07,2081.86
2018-04-08,2081.86
2018-04-09,2053.12
2018-04-10,2061.71
2018-04-11,2091.05
2018-04-12,2081.67
2018-04-13,2092.43
2018-04-14,2092.43
2018-04-15,2092.43
2018-04-16,2089.31
2018-04-17,2100.48
2018-04-18,2117.59
2018-04-19,2123.92
2018-04-20,2112.91
2018-04-21,2112.91
2018-04-22,2112.91
2018-04-23,2098.88
2018-04-24,2097.32
2018-04-25,2082.08
2018-04-26,2077.44
2018-04-27,2093.06
2018-04-28,2093.06
2018-04-29,2093.06
2018-04-30,2096.37
2018-05-01,2086.09
2018-05-02,2084.17
2018-05-03,2076.35
2018-05-04,2073.11
2018-05-05,2073.11
2018-05-06,2073.11
2018-05-07,2090.56
2018-05-08,2097.76
2018-05-09,2095.94
2018-05-10,2109.70
2018-05-11,2125.97
2018-05-12,2125.97
2018-05-13,2125.97
2018-05-14,2131.91
2018-05-15,2134.24
2018-05-16,2118.81
2018-05-17,2125.25
2018-05-18,2125.71
2018-05-19,2125.71
2018-05-20,2125.71
2018-05-21,2120.28
2018-05-22,2132.80
2018-05-23,2128.95
2018-05-24,2123.11
2018-05-25,2116.65
2018-05-26,2116.65
2018-05-27,2116.65
2018-05-28,2110.78
2018-05-29,2107.10
2018-05-30,2081.39
2018-05-31,2103.22
2018-06-01,2092.35
2018-06-02,2092.35
2018-06-03,2092.35
2018-06-04,2111.09
2018-06-05,2121.83
2018-06-06,2122.29
2018-06-07,2137.20
2018-06-08,2136.48
2018-06-09,2136.48
2018-06-10,2136.48
2018-06-11,2138.03
2018-06-12,2143.67
2018-06-13,2144.00
2018-06-14,2140.31
2018-06-15,2138.14
2018-06-16,2138.14
2018-06-17,2138.14
2018-06-18,2132.35
2018-06-19,2125.98
2018-06-20,2112.12
2018-06-21,2116.80
2018-06-22,2104.14
2018-06-23,2104.14
2018-06-24,2104.14
2018-06-25,2116.18
2018-06-26,2085.37
2018-06-27,2087.40
2018-06-28,2074.50
2018-06-29,2079.25
2018-06-30,2079.25
2018-07-01,2079.25
2018-07-02,2089.19
2018-07-03,2083.68
2018-07-04,2082.54
2018-07-05,2082.62
2018-07-06,2096.72
2018-07-07,2096.72
2018-07-08,2096.72
2018-07-09,2114.35
2018-07-10,2131.61
2018-07-11,2134.88
2018-07-12,2114.15
2018-07-13,2130.42
2018-07-14,2130.42
2018-07-15,2130.42
2018-07-16,2135.29
2018-07-17,2133.36
2018-07-18,2137.87
2018-07-19,2143.53
2018-07-20,2136.97
2018-07-21,2136.97
2018-07-22,2136.97
2018-07-23,2140.94
2018-07-24,2139.80
2018-07-25,2150.86
2018-07-26,2166.46
2018-07-27,2161.55
2018-07-28,2161.55
2018-07-29,2161.55
2018-07-30,2155.53
2018-07-31,2147.65
2018-08-01,2153.56
2018-08-02,2149.43
2018-08-03,2146.48
2018-08-04,2146.48
2018-08-05,2146.48
2018-08-06,2154.24
2018-08-07,2157.35
2018-08-08,2166.90
2018-08-09,2166.28
2018-08-10,2161.26
2018-08-11,2161.26
2018-08-12,2161.26
2018-08-13,2136.96
2018-08-14,2128.04
2018-08-15,2135.97
2018-08-16,2115.34
2018-08-17,2130.71
2018-08-18,2130.71
2018-08-19,2130.71
2018-08-20,2138.64
2018-08-21,2147.95
2018-08-22,2154.76
2018-08-23,2155.79
2018-08-24,2148.12
2018-08-25,2148.12
2018-08-26,2148.12
2018-08-27,2162.93
2018-08-28,2181.41
2018-08-29,2182.05
2018-08-30,2193.03
2018-08-31,2181.12
2018-09-01,2181.12
2018-09-02,2181.12
2018-09-03,2172.37
2018-09-04,2172.64
2018-09-05,2163.36
2018-09-06,2152.16
2018-09-07,2143.61
2018-09-08,2143.61
2018-09-09,2143.61
2018-09-10,2136.32
2018-09-11,2142.48
2018-09-12,2148.72
2018-09-13,2153.92
2018-09-14,2164.15
2018-09-15,2164.15
2018-09-16,2164.15
2018-09-17,2165.35
2018-09-18,2159.65
2018-09-19,2174.23
2018-09-20,2178.73
2018-09-21,2197.65
2018-09-22,2197.65
2018-09-23,2197.65
2018-09-24,2199.37
2018-09-25,2191.11
2018-09-26,2192.49
2018-09-27,2189.07
2018-09-28,2188.71
2018-09-29,2188.71
2018-09-30,2188.71
2018-10-01,2183.59
2018-10-02,2188.02
2018-10-03,2183.39
2018-10-04,2180.37
2018-10-05,2164.55
2018-10-06,2164.55
2018-10-07,2164.55
2018-10-08,2151.98
2018-10-09,2144.44
2018-10-10,2140.46
2018-10-11,2089.03
2018-10-12,2046.39
2018-10-13,2046.39
2018-10-14,2046.39
2018-10-15,2062.57
2018-10-16,2055.19
2018-10-17,2090.78
2018-10-18,2087.33
2018-10-19,2062.97
2018-10-20,2062.97
2018-10-21,2062.97
2018-10-22,2062.78
2018-10-23,2053.34
2018-10-24,2034.10
2018-10-25,1988.62
2018-10-26,2006.80
2018-10-27,2006.80
2018-10-28,2006.80
2018-10-29,1982.43
2018-10-30,1975.19
2018-10-31,1996.08
2018-11-01,2021.42
2018-11-02,2041.84
2018-11-03,2041.84
2018-11-04,2041.84
2018-11-05,2037.26
2018-11-06,2041.24
2018-11-07,2050.84
2018-11-08,2082.95
2018-11-09,2079.41
2018-11-10,2079.41
2018-11-11,2079.41
2018-11-12,2060.60
2018-11-13,2027.12
2018-11-14,2027.68
2018-11-15,2015.79
2018-11-16,2026.08
2018-11-17,2026.08
2018-11-18,2026.08
2018-11-19,2032.49
2018-11-20,2009.66
2018-11-21,1974.43
2018-11-22,1984.93
2018-11-23,1984.22
2018-11-24,1984.22
2018-11-25,1984.22
2018-11-26,1974.81
2018-11-27,1998.94
2018-11-28,2000.10
2018-11-29,2034.71
2018-11-30,2034.66
2018-12-01,2034.66
2018-12-02,2034.66
2018-12-03,2042.05
2018-12-04,2066.62
2018-12-05,2016.34
2018-12-06,2008.90
2018-12-07,1990.42
2018-12-08,1990.42
2018-12-09,1990.42
2018-12-10,1964.67
2018-12-11,1952.34
2018-12-12,1954.22
2018-12-13,1975.50
2018-12-14,1975.03
2018-12-15,1975.03
2018-12-16,1975.03
2018-12-17,1942.95
2018-12-18,1914.53
2018-12-19,1908.58
2018-12-20,1890.53
2018-12-21,1864.58
2018-12-22,1864.58
2018-12-23,1864.58
2018-12-24,1833.04
2018-12-25,1802.60
2018-12-26,1795.99
2018-12-27,1848.17
2018-12-28,1862.93
2018-12-29,1862.93
2018-12-30,1862.93
2018-12-31,1871.36
2019-01-01,1885.41
2019-01-02,1885.13
2019-01-03,1883.14
2019-01-04,1853.69
2019-01-05,1853.69
2019-01-06,1853.69
2019-01-07,1904.10
2019-01-08,1920.23
2019-01-09,1935.62
2019-01-10,1952.68
2019-01-11,1956.28
2019-01-12,1956.28
2019-01-13,1956.28
2019-01-14,1956.95
2019-01-15,1947.86
2019-01-16,1963.08
2019-01-17,1966.27
2019-01-18,1976.57
2019-01-19,1976.57
2019-01-20,1976.57
2019-01-21,2000.18
2019-01-22,2000.83
2019-01-23,1978.89
2019-01-24,1980.67
2019-01-25,1982.00
2019-01-26,1982.00
2019-01-27,1982.00
2019-01-28,2003.00
2019-01-29,1988.81
2019-01-30,1989.54
2019-01-31,2014.45
2019-02-01,2027.35
2019-02-02,2027.35
2019-02-03,2027.35
2019-02-04,2028.93
2019-02-05,2037.97
2019-02-06,2051.34
2019-02-07,2045.91
2019-02-08,2025.89
2019-02-09,2025.89
2019-02-10,2025.89
2019-02-11,2020.25
2019-02-12,2021.54
2019-02-13,2046.25
2019-02-14,2051.03
2019-02-15,2048.84
2019-02-16,2048.84
2019-02-17,2048.84
2019-02-18,2068.27
2019-02-19,2072.57
2019-02-20,2076.70
2019-02-21,2083.34
2019-02-22,2076.48
2019-02-23,2076.48
2019-02-24,2076.48
2019-02-25,2087.36
2019-02-26,2092.11
2019-02-27,2093.33
2019-02-28,2091.31
2019-03-01,2084.72
2019-03-02,2084.72
2019-03-03,2084.72
2019-03-04,2095.91
2019-03-05,2090.98
2019-03-06,2087.77
2019-03-07,2078.49
2019-03-08,2059.61
2019-03-09,2059.61
2019-03-10,2059.61
2019-03-11,2050.99
2019-03-12,2077.13
2019-03-13,2083.80
2019-03-14,2097.39
2019-03-15,2096.08
2019-03-16,2096.08
2019-03-17,2096.08
2019-03-18,2109.12
2019-03-19,2114.20
2019-03-20,2120.47
2019-03-21,2115.82
2019-03-22,2129.01
2019-03-23,2129.01
2019-03-24,2129.01
2019-03-25,2094.20
2019-03-26,2087.13
2019-03-27,2102.47
2019-03-28,2093.68
2019-03-29,2094.60
2019-03-30,2094.60
2019-03-31,2094.60
2019-04-01,2107.35
2019-04-02,2130.56
2019-04-03,2133.09
2019-04-04,2143.32
2019-04-05,2142.51
2019-04-06,2142.51
2019-04-07,2142.51
2019-04-08,2150.37
2019-04-09,2152.42
2019-04-10,2141.34
2019-04-11,2148.37
2019-04-12,2146.78
2019-04-13,2146.78
2019-04-14,2146.78
2019-04-15,2160.26
2019-04-16,2160.31
2019-04-17,2162.50
2019-04-18,2160.55
2019-04-19,2160.06
2019-04-20,2160.06
2019-04-21,2160.06
2019-04-22,2159.70
2019-04-23,2162.09
2019-04-24,2175.48
2019-04-25,2166.23
2019-04-26,2164.21
2019-04-27,2164.21
2019-04-28,2164.21
2019-04-29,2173.25
2019-04-30,2176.39
2019-05-01,2179.34
2019-05-02,2167.74
2019-05-03,2160.71
2019-05-04,2160.71
2019-05-05,2160.71
2019-05-06,2178.27
2019-05-07,2166.82
2019-05-08,2134.48
2019-05-09,2130.71
2019-05-10,2118.59
2019-05-11,2118.59
2019-05-12,2118.59
2019-05-13,2124.77
2019-05-14,2084.61
2019-05-15,2098.67
2019-05-16,2110.26
2019-05-17,2126.98
2019-05-18,2126.98
2019-05-19,2126.98
2019-05-20,2116.88
2019-05-21,2103.80
2019-05-22,2117.07
2019-05-23,2111.13
2019-05-24,2087.25
2019-05-25,2087.25
2019-05-26,2087.25
2019-05-27,2095.80
2019-05-28,2096.57
2019-05-29,2083.02
2019-05-30,2063.39
2019-05-31,2066.41
2019-06-01,2066.41
2019-06-02,2066.41
2019-06-03,2046.47
2019-06-04,2047.90
2019-06-05,2080.35
2019-06-06,2093.28
2019-06-07,2103.86
2019-06-08,2103.86
2019-06-09,2103.86
2019-06-10,2126.41
2019-06-11,2135.93
2019-06-12,2139.60
2019-06-13,2131.97
2019-06-14,2137.60
2019-06-15,2137.60
2019-06-16,2137.60
2019-06-17,2129.53
2019-06-18,2130.83
2019-06-19,2153.22
2019-06-20,2164.09
2019-06-21,2184.05
2019-06-22,2184.05
2019-06-23,2184.05
2019-06-24,2181.23
2019-06-25,2178.60
2019-06-26,2161.51
2019-06-27,2158.66
2019-06-28,2166.34
2019-06-29,2166.34
2019-06-30,2166.34
2019-07-01,2177.61
2019-07-02,2191.01
2019-07-03,2198.42
2019-07-04,2214.59
2019-07-05,2215.52
2019-07-06,2215.52
2019-07-07,2215.52
2019-07-08,2205.54
2019-07-09,2194.86
2019-07-10,2192.37
2019-07-11,2202.24
2019-07-12,2204.91
2019-07-13,2204.91
2019-07-14,2204.91
2019-07-15,2213.69
2019-07-16,2214.29
2019-07-17,2206.86
2019-07-18,2197.36
2019-07-19,2202.10
2019-07-20,2202.10
2019-07-21,2202.10
2019-07-22,2193.96
2019-07-23,2196.23
2019-07-24,2209.94
2019-07-25,2217.19
2019-07-26,2205.03
2019-07-27,2205.03
2019-07-28,2205.03
2019-07-29,2215.42
2019-07-30,2213.32
2019-07-31,2202.91
2019-08-01,2182.62
2019-08-02,2172.77
2019-08-03,2172.77
2019-08-04,2172.77
2019-08-05,2149.01
2019-08-06,2098.47
2019-08-07,2109.18
2019-08-08,2112.79
2019-08-09,2148.68
2019-08-10,2148.68
2019-08-11,2148.68
2019-08-12,2135.35
2019-08-13,2116.28
2019-08-14,2135.53
2019-08-15,2084.34
2019-08-16,2082.11
2019-08-17,2082.11
2019-08-18,2082.11
2019-08-19,2109.77
2019-08-20,2131.37
2019-08-21,2118.44
2019-08-22,2135.49
2019-08-23,2131.54
2019-08-24,2131.54
2019-08-25,2131.54
2019-08-26,2095.54
2019-08-27,2106.40
2019-08-28,2104.69
2019-08-29,2112.04
2019-08-30,2134.12
2019-08-31,2134.12
2019-09-01,2134.12
2019-09-02,2137.10
2019-09-03,2136.13
2019-09-04,2126.74
2019-09-05,2151.56
2019-09-06,2174.88
2019-09-07,2174.88
2019-09-08,2174.88
2019-09-09,2177.68
2019-09-10,2178.22
2019-09-11,2179.56
2019-09-12,2195.26
2019-09-13,2202.11
2019-09-14,2202.11
2019-09-15,2202.11
2019-09-16,2206.79
2019-09-17,2195.58
2019-09-18,2202.95
2019-09-19,2200.19
2019-09-20,2205.39
2019-09-21,2205.39
2019-09-22,2205.39
2019-09-23,2197.88
2019-09-24,2193.74
2019-09-25,2182.21
2019-09-26,2185.46
2019-09-27,2181.37
2019-09-28,2181.37
2019-09-29,2181.37
2019-09-30,2175.69
2019-10-01,2180.50
2019-10-02,2160.07
2019-10-03,2121.98
2019-10-04,2129.97
2019-10-05,2129.97
2019-10-06,2129.97
2019-10-07,2154.46
2019-10-08,2150.29
2019-10-09,2124.27
2019-10-10,2138.25
2019-10-11,2151.48
2019-10-12,2151.48
2019-10-13,2151.48
2019-10-14,2179.04
2019-10-15,2175.56
2019-10-16,2196.33
2019-10-17,2196.10
2019-10-18,2202.59
2019-10-19,2202.59
2019-10-20,2202.59
2019-10-21,2196.14
2019-10-22,2209.27
2019-10-23,2204.11
2019-10-24,2209.22
2019-10-25,2215.76
2019-10-26,2215.76
2019-10-27,2215.76
2019-10-28,2222.21
2019-10-29,2231.75
2019-10-30,2231.83
2019-10-31,2238.81
2019-11-01,2232.03
2019-11-02,2232.03
2019-11-03,2232.03
2019-11-04,2251.78
2019-11-05,2259.88
2019-11-06,2260.10
2019-11-07,2261.01
2019-11-08,2266.83
2019-11-09,2266.83
2019-11-10,2266.83
2019-11-11,2268.45
2019-11-12,2265.85
2019-11-13,2270.39
2019-11-14,2268.23
2019-11-15,2266.54
2019-11-16,2266.54
2019-11-17,2266.54
2019-11-18,2282.81
2019-11-19,2285.02
2019-11-20,2283.22
2019-11-21,2275.52
2019-11-22,2269.62
2019-11-23,2269.62
2019-11-24,2269.62
2019-11-25,2273.60
2019-11-26,2291.85
2019-11-27,2295.47
2019-11-28,2303.25
2019-11-29,2302.10
2019-11-30,2302.10
2019-12-01,2302.10
2019-12-02,2291.89
2019-12-03,2276.79
2019-12-04,2262.84
2019-12-05,2275.40
2019-12-06,2279.14
2019-12-07,2279.14
2019-12-08,2279.14
2019-12-09,2298.68
2019-12-10,2292.34
2019-12-11,2289.37
2019-12-12,2297.33
2019-12-13,2314.50
2019-12-14,2314.50
2019-12-15,2314.50
2019-12-16,2319.52
2019-12-17,2336.95
2019-12-18,2336.47
2019-12-19,2333.18
2019-12-20,2340.72
2019-12-21,2340.72
2019-12-22,2340.72
2019-12-23,2349.13
2019-12-24,2351.47
2019-12-25,2351.31
2019-12-26,2351.45
2019-12-27,2361.08
2019-12-28,2361.08
2019-12-29,2361.08
2019-12-30,2365.60
2019-12-31,2353.24
2020-01-01,2358.25
2020-01-02,2358.01
2020-01-03,2373.88
2020-01-04,2373.88
2020-01-05,2373.88
2020-01-06,2360.98
2020-01-07,2365.97
2020-01-08,2362.94
2020-01-09,2365.75
2020-01-10,2380.47
2020-01-11,2380.47
2020-01-12,2380.47
2020-01-13,2377.24
2020-01-14,2388.41
2020-01-15,2388.32
2020-01-16,2393.16
2020-01-17,2407.19
2020-01-18,2407.19
2020-01-19,2407.19
2020-01-20,2415.19
2020-01-21,2415.62
2020-01-22,2408.55
2020-01-23,2410.86
2020-01-24,2406.23
2020-01-25,2406.23
2020-01-26,2406.23
2020-01-27,2396.25
2020-01-28,2355.87
2020-01-29,2373.77
2020-01-30,2374.43
2020-01-31,2371.64
2020-02-01,2371.64
2020-02-02,2371.64
2020-02-03,2342.14
2020-02-04,2351.21
2020-02-05,2383.61
2020-02-06,2405.10
2020-02-07,2416.56
2020-02-08,2416.56
2020-02-09,2416.56
2020-02-10,2403.52
2020-02-11,2412.73
2020-02-12,2421.72
2020-02-13,2433.95
2020-02-14,2429.32
2020-02-15,2429.32
2020-02-16,2429.32
2020-02-17,2431.44
2020-02-18,2431.13
2020-02-19,2420.85
