Datum;Högstakurs;Lägstakurs;Stängn.kurs;Genomsnittspris;Tot.vol.;Oms;
2020-02-19;1901,13;1880,69;1900,28;;1;;
2020-02-18;1888,98;1869,27;1878,79;;1;;
2020-02-17;1897,93;1885,42;1888,35;;1;;
2020-02-14;1892,15;1881,35;1885,62;;1;;
2020-02-13;1887,25;1864,05;1883,02;;1;;
2020-02-12;1893,27;1879,13;1889,75;;1;;
2020-02-11;1885,50;1859,24;1884,13;;1;;
2020-02-10;1860,70;1843,47;1858,00;;1;;
2020-02-07;1856,34;1841,59;1849,86;;1;;
2020-02-06;1864,32;1843,86;1851,95;;1;;
2020-02-05;1854,10;1815,32;1847,35;;1;;
2020-02-04;1821,04;1785,41;1821,04;;1;;
2020-02-03;1791,59;1774,18;1782,91;;1;;
2020-01-31;1806,55;1778,08;1783,26;;1;;
2020-01-30;1805,62;1771,15;1787,96;;1;;
2020-01-29;1798,52;1784,15;1791,67;;1;;
2020-01-28;1791,50;1763,45;1786,35;;1;;
2020-01-27;1808,02;1766,71;1771,48;;1;;
2020-01-24;1820,75;1798,29;1812,85;;1;;
2020-01-23;1809,72;1790,97;1795,43;;1;;
2020-01-22;1834,10;1810,72;1811,76;;1;;
2020-01-21;1826,62;1800,60;1825,62;;1;;
2020-01-20;1829,68;1819,80;1821,29;;1;;
2020-01-17;1831,52;1813,24;1825,94;;1;;
2020-01-16;1812,30;1787,30;1812,30;;1;;
2020-01-15;1794,08;1780,88;1787,29;;1;;
2020-01-14;1794,02;1772,69;1792,90;;1;;
2020-01-13;1798,06;1781,32;1790,51;;1;;
2020-01-10;1800,16;1784,28;1784,97;;1;;
2020-01-09;1811,22;1793,74;1796,73;;1;;
2020-01-08;1796,79;1774,36;1795,41;;1;;
2020-01-07;1805,65;1784,86;1796,85;;1;;
2020-01-03;1806,41;1778,53;1785,23;;1;;
2020-01-02;1810,20;1771,85;1808,63;;1;;
2019-12-30;1798,29;1769,19;1771,85;;1;;
2019-12-27;1802,23;1792,17;1798,04;;1;;
2019-12-23;1800,69;1791,09;1795,66;;1;;
2019-12-20;1795,43;1783,08;1794,80;;1;;
2019-12-19;1793,19;1779,69;1783,29;;1;;
2019-12-18;1796,08;1782,82;1787,96;;1;;
2019-12-17;1791,93;1781,84;1791,93;;1;;
2019-12-16;1787,89;1767,93;1787,66;;1;;
2019-12-13;1780,69;1761,66;1770,12;;1;;
2019-12-12;1760,87;1732,23;1758,24;;1;;
2019-12-11;1744,25;1723,75;1741,62;;1;;
2019-12-10;1742,77;1714,48;1735,51;;1;;
2019-12-09;1750,58;1738,83;1743,31;;1;;
2019-12-06;1743,03;1723,70;1742,61;;1;;
2019-12-05;1735,86;1720,14;1723,63;;1;;
2019-12-04;1726,86;1697,73;1725,60;;1;;
2019-12-03;1721,44;1692,87;1697,68;;1;;
2019-12-02;1744,74;1704,37;1706,82;;1;;
2019-11-29;1737,09;1720,85;1730,25;;1;;
2019-11-28;1737,60;1729,38;1735,30;;1;;
2019-11-27;1748,94;1734,98;1737,80;;1;;
2019-11-26;1744,82;1730,89;1740,99;;1;;
2019-11-25;1742,06;1726,07;1742,04;;1;;
2019-11-22;1731,98;1717,98;1724,19;;1;;
2019-11-21;1726,43;1711,27;1720,11;;1;;
2019-11-20;1741,91;1727,77;1729,06;;1;;
2019-11-19;1758,30;1739,43;1743,25;;1;;
2019-11-18;1763,15;1741,40;1745,17;;1;;
2019-11-15;1773,51;1742,54;1756,86;;1;;
2019-11-14;1767,85;1755,39;1757,42;;1;;
2019-11-13;1773,78;1753,08;1766,60;;1;;
2019-11-12;1776,84;1758,62;1774,72;;1;;
2019-11-11;1770,96;1757,11;1763,50;;1;;
2019-11-08;1773,61;1757,28;1772,56;;1;;
2019-11-07;1779,83;1763,81;1763,81;;1;;
2019-11-06;1777,82;1760,59;1762,79;;1;;
2019-11-05;1773,71;1759,64;1769,53;;1;;
2019-11-04;1771,37;1740,08;1771,03;;1;;
2019-11-01;1739,80;1733,76;1737,51;;1;;
2019-10-31;1750,73;1727,89;1733,68;;1;;
2019-10-30;1750,04;1736,89;1746,81;;1;;
2019-10-29;1760,26;1738,14;1742,32;;1;;
2019-10-28;1761,83;1746,32;1760,31;;1;;
2019-10-25;1747,30;1732,26;1747,30;;1;;
2019-10-24;1737,46;1720,37;1736,98;;1;;
2019-10-23;1726,52;1712,77;1725,87;;1;;
2019-10-22;1734,71;1724,38;1728,22;;1;;
2019-10-21;1725,31;1696,35;1724,36;;1;;
2019-10-18;1699,32;1673,51;1697,91;;1;;
2019-10-17;1693,15;1677,23;1682,87;;1;;
2019-10-16;1680,99;1667,21;1677,19;;1;;
2019-10-15;1675,09;1653,22;1670,21;;1;;
2019-10-14;1653,38;1639,98;1652,58;;1;;
2019-10-11;1654,51;1628,77;1653,28;;1;;
2019-10-10;1630,55;1607,07;1630,03;;1;;
2019-10-09;1625,47;1599,47;1620,00;;1;;
2019-10-08;1623,38;1596,75;1605,69;;1;;
2019-10-07;1619,85;1591,22;1617,99;;1;;
2019-10-04;1595,65;1581,39;1593,98;;1;;
2019-10-03;1605,54;1574,02;1588,41;;1;;
2019-10-02;1634,53;1590,65;1593,32;;1;;
2019-10-01;1658,99;1631,62;1635,64;;1;;
2019-09-30;1652,09;1642,67;1647,67;;1;;
2019-09-27;1646,70;1632,32;1646,60;;1;;
2019-09-26;1635,69;1614,85;1631,61;;1;;
2019-09-25;1632,19;1604,12;1620,67;;1;;
2019-09-24;1643,88;1633,09;1633,09;;1;;
2019-09-23;1666,78;1629,30;1637,66;;1;;
2019-09-20;1670,24;1661,44;1666,89;;1;;
2019-09-19;1666,72;1650,68;1664,64;;1;;
2019-09-18;1661,17;1646,68;1655,11;;1;;
2019-09-17;1654,80;1638,31;1649,33;;1;;
2019-09-16;1661,16;1650,50;1655,01;;1;;
2019-09-13;1665,35;1651,75;1665,35;;1;;
2019-09-12;1655,69;1638,48;1651,45;;1;;
2019-09-11;1639,18;1625,83;1637,62;;1;;
2019-09-10;1625,00;1606,71;1624,98;;1;;
2019-09-09;1610,78;1600,53;1610,70;;1;;
2019-09-06;1602,36;1593,87;1601,95;;1;;
2019-09-05;1598,04;1581,92;1597,34;;1;;
2019-09-04;1586,23;1569,31;1581,28;;1;;
2019-09-03;1575,98;1563,07;1568,66;;1;;
2019-09-02;1582,91;1568,70;1570,19;;1;;
2019-08-30;1583,16;1559,68;1576,98;;1;;
2019-08-29;1558,74;1530,05;1558,74;;1;;
2019-08-28;1534,85;1515,50;1529,13;;1;;
2019-08-27;1532,47;1516,92;1530,81;;1;;
2019-08-26;1525,68;1503,58;1520,85;;1;;
2019-08-23;1549,87;1522,85;1522,85;;1;;
2019-08-22;1546,84;1533,45;1535,51;;1;;
2019-08-21;1550,14;1534,94;1543,47;;1;;
2019-08-20;1546,19;1533,06;1534,34;;1;;
2019-08-19;1539,66;1522,48;1538,97;;1;;
2019-08-16;1519,56;1496,94;1519,41;;1;;
2019-08-15;1509,58;1476,83;1495,71;;1;;
2019-08-14;1539,35;1498,41;1500,06;;1;;
2019-08-13;1548,40;1509,61;1538,53;;1;;
2019-08-12;1550,96;1528,11;1533,06;;1;;
2019-08-09;1550,35;1529,13;1531,52;;1;;
2019-08-08;1550,62;1531,92;1550,62;;1;;
2019-08-07;1540,38;1516,56;1528,19;;1;;
2019-08-06;1543,93;1520,27;1523,03;;1;;
2019-08-05;1566,61;1527,75;1535,10;;1;;
2019-08-02;1608,53;1565,77;1568,70;;1;;
2019-08-01;1617,99;1588,95;1612,91;;1;;
2019-07-31;1604,41;1595,12;1599,78;;1;;
2019-07-30;1616,23;1592,60;1600,26;;1;;
2019-07-29;1617,22;1603,19;1614,30;;1;;
2019-07-26;1614,73;1605,90;1610,64;;1;;
2019-07-25;1625,83;1596,90;1607,20;;1;;
2019-07-24;1625,54;1608,29;1613,06;;1;;
2019-07-23;1627,87;1602,22;1624,77;;1;;
2019-07-22;1607,45;1598,11;1600,88;;1;;
2019-07-19;1605,42;1578,62;1605,42;;1;;
2019-07-18;1600,22;1573,55;1577,41;;1;;
2019-07-17;1630,91;1598,06;1598,06;;1;;
2019-07-16;1633,72;1620,44;1630,57;;1;;
2019-07-15;1639,00;1615,59;1632,91;;1;;
2019-07-12;1629,20;1613,31;1625,62;;1;;
2019-07-11;1631,35;1609,44;1613,21;;1;;
2019-07-10;1636,65;1621,55;1622,45;;1;;
2019-07-09;1640,18;1625,24;1630,88;;1;;
2019-07-08;1646,38;1629,96;1642,07;;1;;
2019-07-05;1652,88;1620,18;1634,94;;1;;
2019-07-04;1654,90;1648,25;1652,25;;1;;
2019-07-03;1657,09;1641,78;1648,84;;1;;
2019-07-02;1648,26;1637,98;1647,02;;1;;
2019-07-01;1645,78;1622,83;1642,00;;1;;
2019-06-28;1627,01;1615,32;1622,43;;1;;
2019-06-27;1621,73;1605,08;1616,94;;1;;
2019-06-26;1611,19;1596,01;1604,23;;1;;
2019-06-25;1612,94;1605,12;1607,29;;1;;
2019-06-24;1635,59;1609,32;1610,94;;1;;
2019-06-20;1632,83;1617,45;1628,29;;1;;
2019-06-19;1615,81;1607,11;1612,40;;1;;
2019-06-18;1612,05;1573,14;1609,43;;1;;
2019-06-17;1593,65;1582,28;1586,53;;1;;
2019-06-14;1597,38;1579,39;1589,60;;1;;
2019-06-13;1604,73;1587,06;1598,12;;1;;
2019-06-12;1596,32;1580,45;1593,60;;1;;
2019-06-11;1597,43;1575,56;1593,36;;1;;
2019-06-10;1584,20;1569,32;1574,48;;1;;
2019-06-07;1570,78;1543,37;1566,14;;1;;
2019-06-05;1546,75;1531,01;1542,00;;1;;
2019-06-04;1537,31;1506,39;1537,31;;1;;
2019-06-03;1518,23;1494,19;1518,23;;1;;
2019-05-31;1536,63;1505,13;1510,46;;1;;
2019-05-29;1562,37;1538,11;1538,75;;1;;
2019-05-28;1572,63;1555,23;1565,12;;1;;
2019-05-27;1582,46;1565,78;1568,23;;1;;
2019-05-24;1579,12;1563,18;1571,52;;1;;
2019-05-23;1593,54;1558,88;1561,17;;1;;
2019-05-22;1605,75;1587,78;1595,64;;1;;
2019-05-21;1605,69;1590,89;1602,91;;1;;
2019-05-20;1607,13;1582,58;1588,90;;1;;
2019-05-17;1614,44;1591,06;1606,86;;1;;
2019-05-16;1615,38;1586,25;1615,38;;1;;
2019-05-15;1597,96;1574,77;1593,32;;1;;
2019-05-14;1591,12;1574,40;1590,82;;1;;
2019-05-13;1603,24;1572,85;1573,84;;1;;
2019-05-10;1615,61;1593,47;1603,37;;1;;
2019-05-09;1622,45;1593,84;1596,69;;1;;
2019-05-08;1624,77;1611,50;1623,37;;1;;
2019-05-07;1653,00;1613,35;1617,85;;1;;
2019-05-06;1665,89;1627,20;1649,22;;1;;
2019-05-03;1676,90;1664,05;1672,33;;1;;
2019-05-02;1675,76;1662,28;1665,45;;1;;
2019-04-30;1691,43;1675,97;1676,14;;1;;
2019-04-29;1694,19;1684,32;1693,31;;1;;
2019-04-26;1693,05;1680,91;1689,04;;1;;
2019-04-25;1700,35;1668,43;1689,42;;1;;
2019-04-24;1686,40;1670,41;1680,72;;1;;
2019-04-23;1673,80;1661,39;1672,18;;1;;
2019-04-18;1673,03;1654,55;1670,74;;1;;
2019-04-17;1660,62;1645,35;1660,14;;1;;
2019-04-16;1654,10;1642,16;1647,52;;1;;
2019-04-15;1644,98;1637,14;1642,63;;1;;
2019-04-12;1642,96;1625,36;1641,21;;1;;
2019-04-11;1633,09;1620,98;1627,03;;1;;
2019-04-10;1628,74;1615,33;1628,55;;1;;
2019-04-09;1633,83;1614,01;1616,56;;1;;
2019-04-08;1624,52;1615,76;1624,52;;1;;
2019-04-05;1624,28;1616,26;1622,27;;1;;
2019-04-04;1622,75;1608,94;1616,24;;1;;
2019-04-03;1622,38;1596,04;1622,38;;1;;
2019-04-02;1598,71;1577,59;1593,95;;1;;
2019-04-01;1580,98;1554,92;1580,33;;1;;
2019-03-29;1564,30;1545,19;1553,42;;1;;
2019-03-28;1571,17;1553,80;1559,32;;1;;
2019-03-27;1579,65;1560,49;1565,85;;1;;
2019-03-26;1576,03;1565,50;1574,16;;1;;
2019-03-25;1578,63;1563,23;1573,66;;1;;
2019-03-22;1610,37;1576,87;1576,87;;1;;
2019-03-21;1610,04;1595,45;1605,03;;1;;
2019-03-20;1619,75;1605,99;1605,99;;1;;
2019-03-19;1622,33;1604,32;1615,14;;1;;
2019-03-18;1607,54;1595,92;1605,01;;1;;
2019-03-15;1597,61;1582,25;1595,76;;1;;
2019-03-14;1590,76;1572,83;1590,76;;1;;
2019-03-13;1574,20;1561,18;1572,80;;1;;
2019-03-12;1577,52;1563,84;1565,56;;1;;
2019-03-11;1571,26;1558,72;1569,93;;1;;
2019-03-08;1559,05;1546,71;1558,63;;1;;
2019-03-07;1575,50;1553,14;1558,91;;1;;
2019-03-06;1588,06;1571,46;1572,63;;1;;
2019-03-05;1590,41;1575,58;1587,97;;1;;
2019-03-04;1592,68;1580,29;1587,79;;1;;
2019-03-01;1585,58;1573,86;1580,22;;1;;
2019-02-28;1577,42;1558,05;1572,68;;1;;
2019-02-27;1583,17;1573,24;1576,55;;1;;
2019-02-26;1589,23;1577,16;1583,95;;1;;
2019-02-25;1598,09;1581,09;1586,55;;1;;
2019-02-22;1591,81;1573,01;1588,83;;1;;
2019-02-21;1591,26;1572,65;1572,65;;1;;
2019-02-20;1591,36;1578,74;1588,61;;1;;
2019-02-19;1591,96;1581,73;1587,22;;1;;
2019-02-18;1588,82;1576,66;1583,86;;1;;
2019-02-15;1584,46;1555,98;1583,82;;1;;
2019-02-14;1570,62;1557,58;1562,36;;1;;
2019-02-13;1562,23;1549,57;1558,58;;1;;
2019-02-12;1551,99;1542,79;1549,41;;1;;
2019-02-11;1546,16;1528,20;1542,33;;1;;
2019-02-08;1536,03;1524,29;1527,17;;1;;
2019-02-07;1557,79;1529,28;1529,28;;1;;
2019-02-06;1554,05;1537,64;1551,15;;1;;
2019-02-05;1544,35;1526,35;1542,49;;1;;
2019-02-04;1529,38;1520,22;1527,19;;1;;
2019-02-01;1528,29;1514,93;1525,69;;1;;
2019-01-31;1526,13;1507,25;1515,42;;1;;
2019-01-30;1510,93;1497,45;1509,50;;1;;
2019-01-29;1506,00;1485,52;1502,72;;1;;
2019-01-28;1505,58;1489,44;1491,01;;1;;
2019-01-25;1505,72;1487,70;1501,12;;1;;
2019-01-24;1489,70;1478,19;1488,40;;1;;
2019-01-23;1486,80;1473,46;1478,72;;1;;
2019-01-22;1496,89;1480,28;1486,32;;1;;
2019-01-21;1501,28;1487,67;1493,76;;1;;
2019-01-18;1499,79;1474,62;1499,79;;1;;
2019-01-17;1476,64;1458,79;1473,89;;1;;
2019-01-16;1472,81;1455,44;1468,85;;1;;
2019-01-15;1471,93;1451,23;1455,48;;1;;
2019-01-14;1462,62;1454,65;1458,13;;1;;
2019-01-11;1478,64;1460,72;1465,43;;1;;
2019-01-10;1472,74;1454,90;1470,69;;1;;
2019-01-09;1475,95;1458,05;1470,51;;1;;
2019-01-08;1464,02;1440,05;1457,47;;1;;
2019-01-07;1446,15;1433,62;1439,93;;1;;
2019-01-04;1437,86;1395,28;1435,29;;1;;
2019-01-03;1407,86;1390,65;1393,52;;1;;
2019-01-02;1410,49;1378,20;1405,85;;1;;
2018-12-28;1416,10;1387,52;1408,74;;1;;
2018-12-27;1420,50;1378,42;1384,59;;1;;
2018-12-21;1418,47;1397,99;1408,34;;1;;
2018-12-20;1446,83;1419,01;1419,01;;1;;
2018-12-19;1455,84;1444,72;1450,11;;1;;
2018-12-18;1457,15;1443,08;1447,79;;1;;
2018-12-17;1471,68;1450,36;1451,95;;1;;
2018-12-14;1481,72;1458,65;1471,67;;1;;
2018-12-13;1497,31;1476,80;1478,75;;1;;
2018-12-12;1494,21;1465,54;1494,21;;1;;
2018-12-11;1473,66;1436,67;1465,29;;1;;
2018-12-10;1453,23;1435,55;1435,55;;1;;
2018-12-07;1468,28;1438,91;1454,03;;1;;
2018-12-06;1477,90;1436,66;1436,66;;1;;
2018-12-05;1502,37;1478,91;1478,96;;1;;
2018-12-04;1528,72;1506,43;1506,43;;1;;
2018-12-03;1544,39;1523,88;1529,78;;1;;
2018-11-30;1519,18;1509,22;1514,63;;1;;
2018-11-29;1518,62;1501,65;1515,38;;1;;
2018-11-28;1505,74;1493,12;1500,45;;1;;
2018-11-27;1505,07;1490,76;1496,41;;1;;
2018-11-26;1498,25;1480,12;1498,25;;1;;
2018-11-23;1477,65;1465,04;1477,35;;1;;
2018-11-22;1478,35;1465,22;1466,39;;1;;
2018-11-21;1478,44;1456,85;1478,44;;1;;
2018-11-20;1480,30;1447,97;1456,85;;1;;
2018-11-19;1509,14;1481,90;1482,49;;1;;
2018-11-16;1505,74;1489,29;1499,43;;1;;
2018-11-15;1510,07;1482,52;1489,79;;1;;
2018-11-14;1518,68;1496,86;1502,45;;1;;
2018-11-13;1527,29;1505,20;1520,26;;1;;
2018-11-12;1537,99;1513,48;1514,59;;1;;
2018-11-09;1535,25;1528,58;1530,51;;1;;
2018-11-08;1549,74;1534,95;1536,79;;1;;
2018-11-07;1547,42;1535,06;1538,69;;1;;
2018-11-06;1541,87;1529,40;1534,60;;1;;
2018-11-05;1550,66;1534,69;1539,01;;1;;
2018-11-02;1551,79;1537,69;1551,39;;1;;
2018-11-01;1541,81;1525,08;1531,26;;1;;
2018-10-31;1544,98;1519,78;1538,22;;1;;
2018-10-30;1516,00;1495,87;1516,00;;1;;
2018-10-29;1517,72;1485,86;1503,14;;1;;
2018-10-26;1504,46;1473,79;1485,27;;1;;
2018-10-25;1511,33;1487,68;1506,02;;1;;
2018-10-24;1523,07;1500,24;1501,47;;1;;
2018-10-23;1523,27;1499,64;1508,88;;1;;
2018-10-22;1545,36;1523,46;1526,05;;1;;
2018-10-19;1546,92;1510,69;1531,66;;1;;
2018-10-18;1558,61;1542,42;1543,87;;1;;
2018-10-17;1562,78;1544,99;1548,27;;1;;
2018-10-16;1554,16;1526,67;1554,16;;1;;
2018-10-15;1539,82;1521,32;1536,10;;1;;
2018-10-12;1565,54;1536,46;1536,46;;1;;
2018-10-11;1591,56;1547,15;1550,41;;1;;
2018-10-10;1626,19;1591,93;1595,13;;1;;
2018-10-09;1625,77;1607,82;1624,49;;1;;
2018-10-08;1634,45;1620,82;1621,19;;1;;
2018-10-05;1649,61;1633,68;1634,86;;1;;
2018-10-04;1664,80;1643,56;1648,96;;1;;
2018-10-03;1677,33;1658,73;1665,14;;1;;
2018-10-02;1665,90;1650,57;1656,90;;1;;
2018-10-01;1670,35;1657,08;1667,45;;1;;
2018-09-28;1674,91;1654,20;1662,36;;1;;
2018-09-27;1676,89;1649,48;1676,37;;1;;
2018-09-26;1658,83;1648,27;1658,29;;1;;
2018-09-25;1658,90;1650,38;1656,71;;1;;
2018-09-24;1661,66;1652,84;1655,01;;1;;
2018-09-21;1663,34;1647,57;1662,32;;1;;
2018-09-20;1646,24;1629,62;1645,84;;1;;
2018-09-19;1637,91;1626,50;1630,50;;1;;
2018-09-18;1640,71;1616,04;1625,45;;1;;
2018-09-17;1644,79;1624,64;1640,60;;1;;
2018-09-14;1634,74;1622,84;1634,74;;1;;
2018-09-13;1628,87;1616,81;1621,85;;1;;
2018-09-12;1631,12;1614,30;1618,81;;1;;
2018-09-11;1625,86;1609,39;1620,39;;1;;
2018-09-10;1629,48;1613,46;1624,25;;1;;
2018-09-07;1634,80;1610,72;1618,20;;1;;
2018-09-06;1646,96;1627,75;1632,42;;1;;
2018-09-05;1645,29;1631,74;1631,74;;1;;
2018-09-04;1663,22;1638,51;1645,95;;1;;
2018-09-03;1664,47;1656,94;1660,14;;1;;
2018-08-31;1671,41;1658,16;1658,16;;1;;
2018-08-30;1678,05;1670,06;1672,56;;1;;
2018-08-29;1679,51;1669,77;1677,22;;1;;
2018-08-28;1671,44;1665,73;1671,15;;1;;
2018-08-27;1665,18;1647,38;1665,10;;1;;
2018-08-24;1648,43;1642,87;1646,87;;1;;
2018-08-23;1649,24;1642,24;1643,71;;1;;
2018-08-22;1645,40;1635,45;1643,46;;1;;
2018-08-21;1640,45;1630,75;1637,60;;1;;
2018-08-20;1632,65;1620,67;1630,92;;1;;
2018-08-17;1623,22;1608,93;1622,71;;1;;
2018-08-16;1612,52;1595,84;1611,33;;1;;
2018-08-15;1619,16;1592,05;1593,59;;1;;
2018-08-14;1621,61;1603,35;1608,56;;1;;
2018-08-13;1616,34;1607,81;1611,80;;1;;
2018-08-10;1627,44;1613,39;1616,82;;1;;
2018-08-09;1631,74;1618,72;1631,23;;1;;
2018-08-08;1624,10;1614,73;1622,63;;1;;
2018-08-07;1621,26;1610,52;1619,89;;1;;
2018-08-06;1616,29;1603,82;1608,48;;1;;
2018-08-03;1614,86;1599,41;1611,95;;1;;
2018-08-02;1611,26;1592,54;1598,06;;1;;
2018-08-01;1622,09;1611,48;1612,54;;1;;
2018-07-31;1619,11;1610,50;1615,60;;1;;
2018-07-30;1615,40;1606,65;1611,07;;1;;
2018-07-27;1615,39;1607,63;1612,76;;1;;
2018-07-26;1609,65;1595,02;1608,80;;1;;
2018-07-25;1605,28;1593,04;1593,27;;1;;
2018-07-24;1605,40;1582,32;1601,38;;1;;
2018-07-23;1584,94;1573,79;1580,50;;1;;
2018-07-20;1589,89;1569,50;1579,40;;1;;
2018-07-19;1589,81;1571,15;1584,34;;1;;
2018-07-18;1572,63;1557,97;1570,42;;1;;
2018-07-17;1566,75;1550,84;1556,61;;1;;
2018-07-16;1555,11;1544,56;1552,75;;1;;
2018-07-13;1554,17;1542,52;1550,88;;1;;
2018-07-12;1544,18;1523,07;1541,52;;1;;
2018-07-11;1547,21;1524,75;1526,29;;1;;
2018-07-10;1551,37;1540,83;1548,38;;1;;
2018-07-09;1541,61;1525,55;1541,06;;1;;
2018-07-06;1535,70;1511,83;1524,17;;1;;
2018-07-05;1536,05;1521,20;1526,60;;1;;
2018-07-04;1538,03;1521,60;1522,34;;1;;
2018-07-03;1548,79;1537,30;1538,40;;1;;
2018-07-02;1557,46;1533,98;1540,86;;1;;
2018-06-29;1560,74;1534,90;1558,88;;1;;
2018-06-28;1543,24;1521,24;1531,66;;1;;
2018-06-27;1550,14;1514,61;1540,88;;1;;
2018-06-26;1539,40;1526,30;1529,23;;1;;
2018-06-25;1553,12;1534,48;1534,65;;1;;
2018-06-21;1576,96;1548,34;1549,55;;1;;
2018-06-20;1582,27;1564,01;1572,29;;1;;
2018-06-19;1565,62;1542,38;1564,87;;1;;
2018-06-18;1569,64;1550,41;1561,65;;1;;
2018-06-15;1587,64;1570,42;1570,43;;1;;
2018-06-14;1591,66;1559,40;1588,00;;1;;
2018-06-13;1575,47;1563,54;1571,07;;1;;
2018-06-12;1577,04;1566,71;1572,27;;1;;
2018-06-11;1571,23;1555,79;1571,18;;1;;
2018-06-08;1562,36;1542,09;1555,87;;1;;
2018-06-07;1575,74;1551,31;1555,65;;1;;
2018-06-05;1572,12;1559,05;1559,05;;1;;
2018-06-04;1578,47;1561,73;1564,73;;1;;
2018-06-01;1573,36;1549,54;1569,51;;1;;
2018-05-31;1572,42;1544,83;1549,94;;1;;
2018-05-30;1574,65;1559,66;1562,54;;1;;
2018-05-29;1579,50;1554,94;1572,30;;1;;
2018-05-28;1598,35;1577,43;1581,52;;1;;
2018-05-25;1603,04;1584,91;1586,98;;1;;
2018-05-24;1612,78;1588,03;1593,57;;1;;
2018-05-23;1621,90;1597,76;1602,10;;1;;
2018-05-22;1632,30;1617,15;1624,44;;1;;
2018-05-21;1634,76;1622,18;1626,25;;1;;
2018-05-18;1627,13;1617,86;1621,61;;1;;
2018-05-17;1618,95;1602,28;1618,95;;1;;
2018-05-16;1606,70;1593,25;1602,27;;1;;
2018-05-15;1608,47;1593,16;1606,72;;1;;
2018-05-14;1607,40;1593,66;1598,58;;1;;
2018-05-11;1619,79;1601,12;1603,25;;1;;
2018-05-09;1623,04;1603,06;1616,80;;1;;
2018-05-08;1608,94;1591,32;1608,94;;1;;
2018-05-07;1600,45;1577,15;1597,93;;1;;
2018-05-04;1577,82;1565,61;1577,08;;1;;
2018-05-03;1591,05;1564,75;1566,96;;1;;
2018-05-02;1592,12;1574,88;1590,97;;1;;
2018-04-30;1582,20;1568,68;1570,71;;1;;
2018-04-27;1583,11;1571,49;1580,78;;1;;
2018-04-26;1575,23;1552,02;1573,76;;1;;
2018-04-25;1574,02;1543,26;1557,29;;1;;
2018-04-24;1593,10;1571,41;1575,40;;1;;
2018-04-23;1587,65;1570,84;1587,65;;1;;
2018-04-20;1576,98;1556,89;1572,58;;1;;
2018-04-19;1563,83;1551,72;1558,23;;1;;
2018-04-18;1553,88;1542,97;1552,48;;1;;
2018-04-17;1548,50;1528,53;1545,16;;1;;
2018-04-16;1533,74;1524,22;1526,27;;1;;
2018-04-13;1534,04;1517,41;1526,66;;1;;
2018-04-12;1520,85;1503,86;1518,88;;1;;
2018-04-11;1526,47;1498,80;1504,71;;1;;
2018-04-10;1526,99;1513,11;1526,76;;1;;
2018-04-09;1527,56;1502,45;1511,32;;1;;
2018-04-06;1526,43;1508,85;1511,37;;1;;
2018-04-05;1527,44;1500,06;1527,22;;1;;
2018-04-04;1511,69;1482,22;1494,65;;1;;
2018-04-03;1533,20;1504,07;1508,80;;1;;
2018-03-29;1537,25;1513,19;1535,35;;1;;
2018-03-28;1512,13;1484,14;1512,13;;1;;
2018-03-27;1517,55;1495,08;1510,11;;1;;
2018-03-26;1519,79;1493,80;1496,59;;1;;
2018-03-23;1520,66;1493,12;1513,18;;1;;
2018-03-22;1547,62;1508,86;1515,84;;1;;
2018-03-21;1553,18;1543,26;1549,70;;1;;
2018-03-20;1556,07;1542,30;1551,97;;1;;
2018-03-19;1573,27;1545,78;1547,41;;1;;
2018-03-16;1593,43;1572,58;1573,48;;1;;
2018-03-15;1592,28;1580,19;1592,28;;1;;
2018-03-14;1598,35;1578,63;1585,31;;1;;
2018-03-13;1603,34;1575,23;1578,15;;1;;
2018-03-12;1602,26;1589,17;1593,83;;1;;
2018-03-09;1592,77;1580,38;1589,62;;1;;
2018-03-08;1586,22;1564,18;1585,53;;1;;
2018-03-07;1564,20;1548,01;1564,19;;1;;
2018-03-06;1569,75;1551,20;1559,94;;1;;
2018-03-05;1548,03;1524,26;1547,94;;1;;
2018-03-02;1559,50;1525,37;1526,46;;1;;
2018-03-01;1583,23;1560,56;1560,56;;1;;
2018-02-28;1594,51;1580,95;1583,39;;1;;
2018-02-27;1595,35;1583,52;1588,23;;1;;
2018-02-26;1591,59;1578,87;1586,96;;1;;
2018-02-23;1580,14;1567,95;1577,11;;1;;
2018-02-22;1575,16;1556,50;1573,88;;1;;
2018-02-21;1577,74;1557,71;1575,12;;1;;
2018-02-20;1570,36;1550,91;1569,68;;1;;
2018-02-19;1562,46;1549,01;1550,86;;1;;
2018-02-16;1557,29;1545,46;1556,93;;1;;
2018-02-15;1550,28;1533,30;1542,72;;1;;
2018-02-14;1533,70;1503,37;1532,15;;1;;
2018-02-13;1527,17;1513,23;1513,27;;1;;
2018-02-12;1531,86;1501,50;1521,62;;1;;
2018-02-09;1523,45;1499,74;1500,18;;1;;
2018-02-08;1550,44;1519,77;1519,77;;1;;
2018-02-07;1555,29;1513,57;1551,15;;1;;
2018-02-06;1535,28;1487,95;1511,60;;1;;
2018-02-05;1581,69;1545,56;1546,33;;1;;
2018-02-02;1602,02;1581,04;1584,79;;1;;
2018-02-01;1610,27;1596,00;1601,84;;1;;
2018-01-31;1613,16;1592,39;1593,15;;1;;
2018-01-30;1612,24;1602,29;1603,31;;1;;
2018-01-29;1620,46;1608,51;1610,40;;1;;
2018-01-26;1614,60;1601,73;1612,63;;1;;
2018-01-25;1630,00;1600,89;1604,49;;1;;
2018-01-24;1645,06;1629,98;1631,20;;1;;
2018-01-23;1647,69;1636,77;1643,71;;1;;
2018-01-22;1639,05;1628,70;1635,47;;1;;
2018-01-19;1631,63;1623,63;1630,62;;1;;
2018-01-18;1630,53;1619,88;1624,78;;1;;
2018-01-17;1629,67;1614,46;1622,85;;1;;
2018-01-16;1630,01;1620,46;1623,33;;1;;
2018-01-15;1630,22;1622,93;1627,29;;1;;
2018-01-12;1634,58;1621,24;1628,40;;1;;
2018-01-11;1632,90;1620,52;1630,29;;1;;
2018-01-10;1631,91;1621,85;1629,29;;1;;
2018-01-09;1633,96;1618,90;1632,29;;1;;
2018-01-08;1622,41;1612,98;1619,13;;1;;
2018-01-05;1611,31;1604,08;1611,31;;1;;
2018-01-04;1606,71;1587,88;1603,67;;1;;
2018-01-03;1591,10;1577,61;1587,56;;1;;
2018-01-02;1583,38;1573,76;1579,82;;1;;
2017-12-29;1591,58;1573,56;1576,94;;1;;
2017-12-28;1594,95;1584,25;1588,51;;1;;
2017-12-27;1613,76;1589,78;1594,99;;1;;
2017-12-22;1616,22;1602,11;1606,25;;1;;
2017-12-21;1616,98;1593,26;1616,27;;1;;
2017-12-20;1613,69;1597,42;1600,29;;1;;
2017-12-19;1620,57;1610,62;1611,43;;1;;
2017-12-18;1616,26;1593,71;1615,63;;1;;
2017-12-15;1610,59;1585,79;1594,35;;1;;
2017-12-14;1622,08;1609,60;1609,60;;1;;
2017-12-13;1624,32;1584,53;1619,82;;1;;
2017-12-12;1625,05;1612,97;1623,75;;1;;
2017-12-11;1627,94;1610,93;1619,47;;1;;
2017-12-08;1621,38;1599,57;1610,82;;1;;
2017-12-07;1606,94;1594,77;1599,29;;1;;
2017-12-06;1609,21;1591,25;1595,44;;1;;
2017-12-05;1620,45;1607,03;1613,36;;1;;
2017-12-04;1624,05;1595,59;1616,80;;1;;
2017-12-01;1611,07;1592,20;1592,20;;1;;
2017-11-30;1624,47;1609,10;1610,11;;1;;
2017-11-29;1628,76;1613,56;1613,56;;1;;
2017-11-28;1622,11;1608,31;1620,81;;1;;
2017-11-27;1618,85;1607,15;1608,74;;1;;
2017-11-24;1620,25;1606,60;1614,62;;1;;
2017-11-23;1616,79;1607,64;1612,57;;1;;
2017-11-22;1637,99;1617,52;1617,52;;1;;
2017-11-21;1639,92;1618,65;1636,65;;1;;
2017-11-20;1626,02;1607,77;1623,54;;1;;
2017-11-17;1633,94;1613,90;1617,70;;1;;
2017-11-16;1636,96;1624,89;1633,66;;1;;
2017-11-15;1628,48;1612,49;1627,00;;1;;
2017-11-14;1635,55;1623,09;1628,48;;1;;
2017-11-13;1634,87;1618,46;1630,51;;1;;
2017-11-10;1646,15;1634,22;1634,68;;1;;
2017-11-09;1662,99;1641,19;1643,26;;1;;
2017-11-08;1672,76;1657,13;1662,99;;1;;
2017-11-07;1681,67;1669,98;1670,24;;1;;
2017-11-06;1681,75;1671,60;1676,14;;1;;
2017-11-03;1678,45;1672,78;1677,65;;1;;
2017-11-02;1674,77;1665,42;1672,78;;1;;
2017-11-01;1681,13;1671,32;1672,03;;1;;
2017-10-31;1675,61;1662,32;1671,63;;1;;
2017-10-30;1667,26;1659,46;1662,32;;1;;
2017-10-27;1666,07;1658,79;1665,02;;1;;
2017-10-26;1659,65;1641,28;1658,79;;1;;
2017-10-25;1657,42;1642,19;1649,74;;1;;
2017-10-24;1661,54;1644,73;1650,47;;1;;
2017-10-23;1669,42;1660,80;1661,54;;1;;
2017-10-20;1671,41;1646,68;1667,50;;1;;
2017-10-19;1647,32;1635,46;1646,96;;1;;
2017-10-18;1648,70;1634,21;1644,73;;1;;
2017-10-17;1641,30;1636,09;1636,94;;1;;
2017-10-16;1644,19;1637,37;1638,33;;1;;
2017-10-13;1644,84;1638,62;1642,49;;1;;
2017-10-12;1649,42;1637,80;1644,65;;1;;
2017-10-11;1647,22;1638,22;1641,70;;1;;
2017-10-10;1651,13;1642,21;1644,34;;1;;
2017-10-09;1653,76;1646,28;1647,92;;1;;
2017-10-06;1655,17;1643,20;1646,28;;1;;
2017-10-05;1655,97;1646,33;1653,15;;1;;
2017-10-04;1651,73;1645,57;1651,09;;1;;
2017-10-03;1650,46;1640,65;1649,18;;1;;
2017-10-02;1641,65;1634,69;1640,65;;1;;
2017-09-29;1637,82;1620,97;1637,82;;1;;
2017-09-28;1627,31;1618,85;1624,98;;1;;
2017-09-27;1627,69;1610,76;1623,77;;1;;
2017-09-26;1614,12;1601,86;1610,76;;1;;
2017-09-25;1608,49;1598,84;1604,10;;1;;
2017-09-22;1600,77;1591,70;1600,77;;1;;
2017-09-21;1597,56;1585,38;1596,31;;1;;
2017-09-20;1588,48;1581,90;1585,38;;1;;
2017-09-19;1586,22;1580,76;1584,43;;1;;
2017-09-18;1586,82;1578,31;1582,78;;1;;
2017-09-15;1591,32;1577,29;1578,87;;1;;
2017-09-14;1587,98;1578,57;1587,52;;1;;
2017-09-13;1580,90;1575,76;1580,04;;1;;
2017-09-12;1581,13;1572,13;1580,13;;1;;
2017-09-11;1573,34;1552,78;1572,16;;1;;
2017-09-08;1553,23;1545,28;1552,32;;1;;
2017-09-07;1553,87;1537,74;1553,02;;1;;
2017-09-06;1546,99;1536,45;1541,27;;1;;
2017-09-05;1555,85;1545,10;1546,99;;1;;
2017-09-04;1558,79;1546,31;1551,89;;1;;
2017-09-01;1560,87;1546,86;1558,79;;1;;
2017-08-31;1550,55;1535,96;1546,86;;1;;
2017-08-30;1537,88;1520,90;1535,96;;1;;
2017-08-29;1536,88;1517,77;1520,90;;1;;
2017-08-28;1543,80;1532,43;1536,88;;1;;
2017-08-25;1551,62;1537,97;1540,82;;1;;
2017-08-24;1546,86;1537,99;1537,99;;1;;
2017-08-23;1546,82;1538,73;1542,14;;1;;
2017-08-22;1543,99;1524,25;1543,76;;1;;
2017-08-21;1532,12;1519,22;1524,25;;1;;
2017-08-18;1540,09;1524,36;1532,12;;1;;
2017-08-17;1552,50;1538,72;1540,09;;1;;
2017-08-16;1556,55;1543,37;1552,16;;1;;
2017-08-15;1560,50;1542,49;1543,37;;1;;
2017-08-14;1556,35;1538,96;1554,58;;1;;
2017-08-11;1554,75;1535,65;1538,96;;1;;
2017-08-10;1571,12;1554,75;1554,75;;1;;
2017-08-09;1581,32;1562,77;1571,20;;1;;
2017-08-08;1583,14;1571,36;1581,32;;1;;
2017-08-07;1578,88;1569,43;1575,47;;1;;
2017-08-04;1577,61;1556,68;1573,47;;1;;
2017-08-03;1567,05;1554,45;1559,66;;1;;
2017-08-02;1573,45;1558,95;1563,20;;1;;
2017-08-01;1569,56;1548,19;1566,31;;1;;
2017-07-31;1561,96;1548,06;1548,19;;1;;
2017-07-28;1570,79;1550,65;1557,56;;1;;
2017-07-27;1581,11;1570,24;1570,48;;1;;
2017-07-26;1581,52;1565,02;1580,22;;1;;
2017-07-25;1575,32;1567,36;1568,91;;1;;
2017-07-24;1583,61;1566,88;1566,88;;1;;
2017-07-21;1597,45;1574,70;1581,37;;1;;
2017-07-20;1612,52;1593,15;1597,84;;1;;
2017-07-19;1618,57;1592,51;1609,96;;1;;
2017-07-18;1639,35;1605,37;1607,36;;1;;
2017-07-17;1651,63;1629,10;1639,33;;1;;
2017-07-14;1649,83;1641,41;1646,83;;1;;
2017-07-13;1651,15;1640,45;1642,49;;1;;
2017-07-12;1650,70;1621,57;1650,59;;1;;
2017-07-11;1631,29;1620,69;1621,57;;1;;
2017-07-10;1627,81;1617,00;1624,81;;1;;
2017-07-07;1623,17;1614,64;1617,00;;1;;
2017-07-06;1627,21;1609,98;1620,99;;1;;
2017-07-05;1629,27;1614,22;1627,21;;1;;
2017-07-04;1627,29;1617,48;1621,67;;1;;
2017-07-03;1628,55;1602,70;1627,41;;1;;
2017-06-30;1620,48;1602,53;1602,53;;1;;
2017-06-29;1643,72;1612,39;1613,22;;1;;
2017-06-28;1630,98;1611,80;1630,98;;1;;
2017-06-27;1643,52;1628,54;1628,54;;1;;
2017-06-26;1654,88;1641,23;1643,52;;1;;
2017-06-22;1645,36;1634,19;1645,36;;1;;
2017-06-21;1647,67;1631,34;1641,71;;1;;
2017-06-20;1658,87;1647,67;1647,67;;1;;
2017-06-19;1655,08;1636,78;1653,40;;1;;
2017-06-16;1638,42;1625,81;1635,93;;1;;
2017-06-15;1641,52;1616,22;1624,97;;1;;
2017-06-14;1657,20;1638,38;1639,59;;1;;
2017-06-13;1653,52;1638,80;1648,61;;1;;
2017-06-12;1654,65;1584,37;1638,80;;1;;
2017-06-09;1656,09;1642,20;1654,80;;1;;
2017-06-08;1651,72;1640,15;1643,77;;1;;
2017-06-07;1648,47;1630,68;1640,54;;1;;
2017-06-05;1649,30;1637,85;1637,90;;1;;
2017-06-02;1656,02;1644,21;1646,67;;1;;
2017-06-01;1646,81;1636,01;1641,32;;1;;
2017-05-31;1650,26;1635,29;1639,11;;1;;
2017-05-30;1640,08;1623,86;1639,74;;1;;
2017-05-29;1636,02;1629,83;1631,91;;1;;
2017-05-26;1640,12;1626,44;1635,77;;1;;
2017-05-24;1641,71;1634,25;1638,89;;1;;
2017-05-23;1641,77;1628,79;1641,71;;1;;
2017-05-22;1635,61;1626,02;1629,21;;1;;
2017-05-19;1631,81;1616,14;1629,21;;1;;
2017-05-18;1628,52;1604,29;1615,27;;1;;
2017-05-17;1653,06;1624,55;1628,37;;1;;
2017-05-16;1657,13;1646,77;1653,06;;1;;
2017-05-15;1650,73;1644,74;1649,84;;1;;
2017-05-12;1647,28;1640,79;1646,45;;1;;
2017-05-11;1649,17;1637,88;1642,02;;1;;
2017-05-10;1652,14;1642,08;1649,65;;1;;
2017-05-09;1654,54;1640,07;1653,11;;1;;
2017-05-08;1645,80;1629,69;1639,49;;1;;
2017-05-05;1642,04;1632,33;1642,04;;1;;
2017-05-04;1640,71;1632,91;1638,33;;1;;
2017-05-03;1636,50;1626,43;1633,99;;1;;
2017-05-02;1636,51;1626,03;1636,51;;1;;
2017-04-28;1627,73;1616,33;1626,99;;1;;
2017-04-27;1620,74;1614,57;1616,58;;1;;
2017-04-26;1621,94;1608,99;1620,28;;1;;
2017-04-25;1620,64;1606,89;1617,05;;1;;
2017-04-24;1609,27;1574,10;1609,27;;1;;
2017-04-21;1578,26;1567,48;1573,25;;1;;
2017-04-20;1571,67;1560,93;1568,74;;1;;
2017-04-19;1571,22;1552,46;1565,73;;1;;
2017-04-18;1576,71;1553,07;1557,21;;1;;
2017-04-13;1575,85;1567,41;1572,81;;1;;
2017-04-12;1585,45;1571,02;1575,02;;1;;
2017-04-11;1577,63;1564,88;1570,91;;1;;
2017-04-10;1572,61;1566,05;1572,47;;1;;
2017-04-07;1569,73;1553,43;1569,67;;1;;
2017-04-06;1564,07;1543,70;1564,05;;1;;
2017-04-05;1568,42;1557,09;1558,56;;1;;
2017-04-04;1578,62;1564,28;1567,30;;1;;
2017-04-03;1591,13;1570,57;1571,41;;1;;
2017-03-31;1590,52;1570,22;1587,63;;1;;
2017-03-30;1585,17;1572,16;1583,88;;1;;
2017-03-29;1587,08;1576,39;1584,43;;1;;
2017-03-28;1581,30;1567,85;1580,09;;1;;
2017-03-27;1578,31;1556,45;1574,51;;1;;
2017-03-24;1582,04;1573,07;1579,70;;1;;
2017-03-23;1581,57;1560,84;1581,28;;1;;
2017-03-22;1569,94;1551,24;1562,96;;1;;
2017-03-21;1588,63;1569,00;1570,88;;1;;
2017-03-20;1587,79;1581,40;1583,25;;1;;
2017-03-17;1593,94;1578,47;1584,97;;1;;
2017-03-16;1603,06;1585,60;1593,25;;1;;
2017-03-15;1590,23;1581,22;1588,89;;1;;
2017-03-14;1595,16;1576,51;1586,00;;1;;
2017-03-13;1599,83;1586,01;1594,71;;1;;
2017-03-10;1595,00;1584,09;1587,93;;1;;
2017-03-09;1585,44;1572,60;1583,73;;1;;
2017-03-08;1583,22;1574,21;1578,23;;1;;
2017-03-07;1578,25;1567,59;1575,77;;1;;
2017-03-06;1581,29;1571,06;1575,52;;1;;
2017-03-03;1585,61;1573,99;1581,32;;1;;
2017-03-02;1594,46;1578,27;1580,53;;1;;
2017-03-01;1594,56;1570,96;1591,37;;1;;
2017-02-28;1572,73;1561,59;1570,17;;1;;
2017-02-27;1577,06;1561,64;1564,63;;1;;
2017-02-24;1589,51;1563,04;1569,86;;1;;
2017-02-23;1593,61;1582,16;1588,30;;1;;
2017-02-22;1593,88;1578,55;1582,13;;1;;
2017-02-21;1592,75;1570,01;1590,09;;1;;
2017-02-20;1582,78;1572,58;1576,33;;1;;
2017-02-17;1578,91;1566,47;1570,59;;1;;
2017-02-16;1580,99;1572,27;1576,33;;1;;
2017-02-15;1577,73;1568,17;1574,02;;1;;
2017-02-14;1573,11;1563,74;1569,75;;1;;
2017-02-13;1572,53;1563,08;1572,18;;1;;
2017-02-10;1568,21;1556,66;1562,73;;1;;
2017-02-09;1557,50;1545,69;1557,50;;1;;
2017-02-08;1552,25;1540,03;1549,24;;1;;
2017-02-07;1560,71;1545,73;1550,94;;1;;
2017-02-06;1558,92;1547,39;1548,90;;1;;
2017-02-03;1559,13;1550,11;1557,31;;1;;
2017-02-02;1554,58;1544,60;1551,85;;1;;
2017-02-01;1554,15;1537,47;1547,31;;1;;
2017-01-31;1548,14;1528,63;1536,75;;1;;
2017-01-30;1538,50;1526,47;1528,89;;1;;
2017-01-27;1553,79;1536,77;1538,76;;1;;
2017-01-26;1563,52;1551,22;1553,89;;1;;
2017-01-25;1545,99;1523,99;1545,99;;1;;
2017-01-24;1522,87;1504,91;1522,85;;1;;
2017-01-23;1524,37;1503,05;1504,69;;1;;
2017-01-20;1527,38;1507,78;1525,49;;1;;
2017-01-19;1521,92;1508,48;1513,92;;1;;
2017-01-18;1515,99;1503,11;1515,99;;1;;
2017-01-17;1514,58;1498,74;1507,32;;1;;
2017-01-16;1518,27;1511,07;1512,97;;1;;
2017-01-13;1522,49;1504,22;1522,49;;1;;
2017-01-12;1513,24;1499,58;1503,31;;1;;
2017-01-11;1517,75;1501,03;1511,88;;1;;
2017-01-10;1516,57;1506,30;1510,09;;1;;
2017-01-09;1525,38;1504,07;1509,82;;1;;
2017-01-05;1530,93;1521,88;1522,10;;1;;
2017-01-04;1538,77;1527,59;1530,93;;1;;
2017-01-03;1541,20;1526,26;1534,70;;1;;
2017-01-02;1530,61;1510,67;1526,83;;1;;
2016-12-30;1522,06;1511,28;1517,20;;1;;
2016-12-29;1526,70;1516,92;1518,37;;1;;
2016-12-28;1532,86;1526,29;1527,30;;1;;
2016-12-27;1536,01;1525,48;1533,31;;1;;
2016-12-23;1528,42;1519,28;1525,80;;1;;
2016-12-22;1525,27;1515,61;1519,54;;1;;
2016-12-21;1537,35;1521,64;1525,47;;1;;
2016-12-20;1547,86;1535,12;1536,72;;1;;
2016-12-19;1552,55;1542,03;1542,71;;1;;
2016-12-16;1553,60;1544,38;1548,20;;1;;
2016-12-15;1551,14;1532,10;1550,52;;1;;
2016-12-14;1551,09;1538,63;1541,39;;1;;
2016-12-13;1551,96;1535,48;1551,00;;1;;
2016-12-12;1541,00;1529,29;1537,93;;1;;
2016-12-09;1538,38;1514,16;1534,27;;1;;
2016-12-08;1520,15;1503,38;1520,15;;1;;
2016-12-07;1503,98;1493,18;1503,95;;1;;
2016-12-06;1492,17;1479,69;1492,17;;1;;
2016-12-05;1490,63;1462,92;1483,29;;1;;
2016-12-02;1477,92;1461,66;1470,08;;1;;
2016-12-01;1482,56;1473,35;1477,95;;1;;
2016-11-30;1484,02;1466,79;1481,14;;1;;
2016-11-29;1479,07;1462,30;1467,18;;1;;
2016-11-28;1491,06;1469,88;1472,68;;1;;
2016-11-25;1491,23;1478,33;1491,23;;1;;
2016-11-24;1487,72;1479,18;1484,33;;1;;
2016-11-23;1488,68;1476,36;1482,63;;1;;
2016-11-22;1490,29;1478,62;1485,05;;1;;
2016-11-21;1482,12;1466,02;1478,58;;1;;
2016-11-18;1478,75;1467,70;1476,47;;1;;
2016-11-17;1472,62;1454,15;1472,05;;1;;
2016-11-16;1473,83;1454,46;1458,25;;1;;
2016-11-15;1467,28;1445,50;1466,46;;1;;
2016-11-14;1469,59;1438,41;1443,08;;1;;
2016-11-11;1470,52;1449,66;1451,53;;1;;
2016-11-10;1479,31;1453,68;1460,52;;1;;
2016-11-09;1458,96;1391,81;1456,71;;1;;
2016-11-08;1441,37;1427,20;1439,43;;1;;
2016-11-07;1434,17;1407,88;1431,77;;1;;
2016-11-04;1420,25;1404,58;1406,10;;1;;
2016-11-03;1429,76;1413,91;1421,01;;1;;
2016-11-02;1431,37;1416,50;1417,37;;1;;
2016-11-01;1457,01;1431,87;1431,87;;1;;
2016-10-31;1458,96;1444,75;1446,35;;1;;
2016-10-28;1461,19;1443,07;1459,36;;1;;
2016-10-27;1459,61;1445,57;1456,55;;1;;
2016-10-26;1458,80;1440,69;1454,21;;1;;
2016-10-25;1461,10;1449,89;1451,27;;1;;
2016-10-24;1473,48;1454,99;1456,79;;1;;
2016-10-21;1472,06;1458,63;1464,85;;1;;
2016-10-20;1467,85;1449,38;1465,84;;1;;
2016-10-19;1462,67;1448,05;1455,27;;1;;
2016-10-18;1459,94;1441,43;1458,63;;1;;
2016-10-17;1447,24;1436,66;1438,28;;1;;
2016-10-14;1447,58;1430,02;1446,00;;1;;
2016-10-13;1442,50;1422,09;1426,69;;1;;
2016-10-12;1459,70;1442,50;1442,50;;1;;
2016-10-11;1468,16;1454,70;1455,41;;1;;
2016-10-10;1467,78;1449,09;1467,45;;1;;
2016-10-07;1458,05;1444,90;1451,65;;1;;
2016-10-06;1461,51;1452,82;1458,38;;1;;
2016-10-05;1455,22;1445,96;1452,50;;1;;
2016-10-04;1456,35;1442,63;1456,22;;1;;
2016-10-03;1450,70;1437,67;1443,46;;1;;
2016-09-30;1439,08;1407,99;1439,08;;1;;
2016-09-29;1442,89;1425,38;1434,81;;1;;
2016-09-28;1436,04;1422,59;1425,24;;1;;
2016-09-27;1428,70;1403,92;1421,20;;1;;
2016-09-26;1436,56;1415,20;1418,19;;1;;
2016-09-23;1446,07;1432,31;1437,52;;1;;
2016-09-22;1448,05;1423,35;1446,01;;1;;
2016-09-21;1434,71;1420,14;1422,66;;1;;
2016-09-20;1424,90;1415,12;1418,44;;1;;
2016-09-19;1421,48;1407,02;1419,01;;1;;
2016-09-16;1415,50;1404,02;1405,31;;1;;
2016-09-15;1417,64;1401,50;1416,83;;1;;
2016-09-14;1418,13;1407,02;1409,89;;1;;
2016-09-13;1427,12;1410,79;1410,79;;1;;
2016-09-12;1426,50;1400,20;1417,36;;1;;
2016-09-09;1440,88;1424,91;1426,56;;1;;
2016-09-08;1443,21;1430,53;1440,03;;1;;
2016-09-07;1443,46;1435,74;1441,52;;1;;
2016-09-06;1444,72;1434,17;1435,19;;1;;
2016-09-05;1443,22;1437,47;1440,76;;1;;
2016-09-02;1437,24;1418,25;1437,24;;1;;
2016-09-01;1430,60;1416,51;1417,59;;1;;
2016-08-31;1429,11;1416,00;1418,14;;1;;
2016-08-30;1423,50;1411,98;1418,43;;1;;
2016-08-29;1411,98;1400,47;1411,98;;1;;
2016-08-26;1414,51;1397,97;1411,65;;1;;
2016-08-25;1411,91;1401,13;1405,08;;1;;
2016-08-24;1419,24;1396,53;1412,94;;1;;
2016-08-23;1408,92;1392,48;1406,55;;1;;
2016-08-22;1403,66;1387,99;1391,47;;1;;
2016-08-19;1405,77;1386,70;1393,61;;1;;
2016-08-18;1405,31;1392,74;1403,02;;1;;
2016-08-17;1411,33;1389,75;1392,05;;1;;
2016-08-16;1419,66;1405,13;1406,26;;1;;
2016-08-15;1424,70;1413,82;1421,58;;1;;
2016-08-12;1419,81;1410,84;1414,21;;1;;
2016-08-11;1416,90;1401,14;1416,90;;1;;
2016-08-10;1410,43;1403,96;1405,99;;1;;
2016-08-09;1411,35;1382,87;1411,35;;1;;
2016-08-08;1388,44;1379,79;1385,68;;1;;
2016-08-05;1381,16;1366,14;1378,83;;1;;
2016-08-04;1366,35;1354,03;1365,85;;1;;
2016-08-03;1362,28;1347,09;1352,34;;1;;
2016-08-02;1380,37;1357,43;1358,62;;1;;
2016-08-01;1395,74;1374,81;1379,46;;1;;
2016-07-29;1389,83;1382,09;1386,66;;1;;
2016-07-28;1393,07;1379,78;1382,08;;1;;
2016-07-27;1395,87;1383,69;1387,51;;1;;
2016-07-26;1389,95;1375,75;1382,73;;1;;
2016-07-25;1397,03;1381,26;1385,97;;1;;
2016-07-22;1382,08;1372,16;1377,47;;1;;
2016-07-21;1390,46;1373,42;1381,70;;1;;
2016-07-20;1386,72;1373,65;1386,59;;1;;
2016-07-19;1378,72;1360,79;1371,90;;1;;
2016-07-18;1380,06;1360,12;1368,25;;1;;
2016-07-15;1377,40;1361,11;1372,80;;1;;
2016-07-14;1369,72;1356,79;1364,92;;1;;
2016-07-13;1363,40;1351,76;1356,35;;1;;
2016-07-12;1358,76;1346,39;1354,51;;1;;
2016-07-11;1351,36;1328,73;1350,09;;1;;
2016-07-08;1326,76;1300,27;1326,21;;1;;
2016-07-07;1313,45;1285,06;1305,33;;1;;
2016-07-06;1303,68;1275,23;1284,58;;1;;
2016-07-05;1324,93;1300,46;1303,01;;1;;
2016-07-04;1345,73;1324,86;1325,54;;1;;
2016-07-01;1342,18;1325,17;1340,26;;1;;
2016-06-30;1324,38;1300,69;1323,57;;1;;
2016-06-29;1309,62;1280,69;1309,57;;1;;
2016-06-28;1290,36;1247,00;1278,52;;1;;
2016-06-27;1353,23;1240,68;1246,10;;1;;
2016-06-23;1366,98;1347,43;1360,73;;1;;
2016-06-22;1357,91;1338,65;1354,60;;1;;
2016-06-21;1346,92;1331,50;1344,59;;1;;
2016-06-20;1340,36;1301,39;1340,29;;1;;
2016-06-17;1300,27;1280,58;1298,38;;1;;
2016-06-16;1301,27;1270,71;1278,71;;1;;
2016-06-15;1306,89;1275,89;1304,09;;1;;
2016-06-14;1294,32;1270,16;1273,97;;1;;
2016-06-13;1312,79;1290,37;1294,51;;1;;
2016-06-10;1343,15;1313,36;1315,06;;1;;
2016-06-09;1362,45;1343,22;1344,00;;1;;
2016-06-08;1366,56;1359,11;1361,49;;1;;
2016-06-07;1369,03;1346,99;1367,15;;1;;
2016-06-03;1369,68;1338,94;1345,44;;1;;
2016-06-02;1364,12;1354,94;1359,14;;1;;
2016-06-01;1369,58;1351,90;1356,75;;1;;
2016-05-31;1383,38;1368,53;1369,48;;1;;
2016-05-30;1380,44;1371,69;1379,80;;1;;
2016-05-27;1379,20;1370,39;1376,50;;1;;
2016-05-26;1376,44;1364,17;1376,15;;1;;
2016-05-25;1370,45;1358,24;1367,07;;1;;
2016-05-24;1358,68;1327,56;1357,10;;1;;
2016-05-23;1345,52;1332,03;1338,97;;1;;
2016-05-20;1342,99;1322,23;1342,68;;1;;
2016-05-19;1340,75;1321,80;1321,80;;1;;
2016-05-18;1340,96;1322,26;1340,93;;1;;
2016-05-17;1348,46;1327,55;1331,71;;1;;
2016-05-16;1336,63;1311,61;1336,14;;1;;
2016-05-13;1325,85;1304,86;1323,18;;1;;
2016-05-12;1332,70;1311,30;1312,28;;1;;
2016-05-11;1338,52;1321,79;1326,13;;1;;
2016-05-10;1342,26;1328,68;1332,58;;1;;
2016-05-09;1336,61;1309,52;1328,20;;1;;
2016-05-06;1317,69;1300,90;1309,17;;1;;
2016-05-04;1336,00;1318,02;1319,17;;1;;
2016-05-03;1353,48;1326,35;1335,39;;1;;
2016-05-02;1365,07;1350,62;1352,91;;1;;
2016-04-29;1389,61;1357,90;1360,71;;1;;
2016-04-28;1391,26;1364,41;1389,61;;1;;
2016-04-27;1395,75;1382,12;1386,78;;1;;
2016-04-26;1399,95;1386,72;1389,80;;1;;
2016-04-25;1401,34;1384,99;1389,57;;1;;
2016-04-22;1408,93;1392,57;1396,37;;1;;
2016-04-21;1422,79;1402,00;1409,49;;1;;
2016-04-20;1419,80;1404,13;1419,67;;1;;
2016-04-19;1413,83;1383,34;1410,87;;1;;
2016-04-18;1386,45;1364,66;1381,89;;1;;
2016-04-15;1387,11;1379,03;1381,33;;1;;
2016-04-14;1396,47;1381,52;1384,11;;1;;
2016-04-13;1394,82;1368,65;1392,59;;1;;
2016-04-12;1368,64;1353,23;1366,60;;1;;
2016-04-11;1376,37;1353,57;1368,62;;1;;
2016-04-08;1365,00;1331,38;1364,94;;1;;
2016-04-07;1349,04;1330,51;1330,84;;1;;
2016-04-06;1349,02;1323,55;1349,02;;1;;
2016-04-05;1361,86;1327,44;1333,85;;1;;
2016-04-04;1370,43;1351,07;1361,86;;1;;
2016-04-01;1360,79;1343,27;1358,22;;1;;
2016-03-31;1375,54;1362,78;1365,70;;1;;
2016-03-30;1383,41;1348,70;1376,82;;1;;
2016-03-29;1358,13;1339,88;1348,70;;1;;
2016-03-24;1365,17;1345,34;1345,34;;1;;
2016-03-23;1382,63;1362,48;1368,21;;1;;
2016-03-22;1382,44;1354,39;1382,44;;1;;
2016-03-21;1391,77;1374,82;1377,56;;1;;
2016-03-18;1393,22;1371,66;1391,38;;1;;
2016-03-17;1404,08;1362,29;1390,86;;1;;
2016-03-16;1412,49;1386,88;1393,10;;1;;
2016-03-15;1424,19;1403,12;1403,95;;1;;
2016-03-14;1431,64;1415,12;1424,19;;1;;
2016-03-11;1419,19;1392,07;1418,39;;1;;
2016-03-10;1423,77;1385,06;1385,06;;1;;
2016-03-09;1402,78;1385,18;1398,47;;1;;
2016-03-08;1399,81;1385,51;1390,58;;1;;
2016-03-07;1403,40;1387,82;1397,04;;1;;
2016-03-04;1409,29;1389,95;1403,77;;1;;
2016-03-03;1394,48;1384,17;1389,45;;1;;
2016-03-02;1401,77;1373,34;1383,71;;1;;
2016-03-01;1392,02;1356,57;1391,45;;1;;
2016-02-29;1374,57;1345,17;1372,54;;1;;
2016-02-26;1378,77;1363,46;1370,80;;1;;
2016-02-25;1360,97;1328,24;1360,97;;1;;
2016-02-24;1368,89;1324,46;1327,85;;1;;
2016-02-23;1385,80;1366,51;1366,53;;1;;
2016-02-22;1385,74;1357,32;1385,74;;1;;
2016-02-19;1370,44;1349,50;1355,95;;1;;
2016-02-18;1381,53;1359,83;1362,98;;1;;
2016-02-17;1374,25;1329,73;1374,25;;1;;
2016-02-16;1349,87;1323,59;1328,14;;1;;
2016-02-15;1336,17;1290,62;1336,17;;1;;
2016-02-12;1286,67;1248,28;1286,67;;1;;
2016-02-11;1296,34;1247,06;1247,06;;1;;
2016-02-10;1306,17;1272,11;1297,82;;1;;
2016-02-09;1288,52;1253,63;1271,45;;1;;
2016-02-08;1339,60;1273,27;1273,95;;1;;
2016-02-05;1347,46;1322,68;1330,11;;1;;
2016-02-04;1334,83;1304,83;1333,72;;1;;
2016-02-03;1331,62;1295,50;1305,49;;1;;
2016-02-02;1340,38;1314,19;1320,29;;1;;
2016-02-01;1365,90;1335,14;1342,43;;1;;
2016-01-29;1359,92;1335,93;1356,32;;1;;
2016-01-28;1366,76;1328,28;1333,32;;1;;
2016-01-27;1377,47;1353,64;1365,59;;1;;
2016-01-26;1376,12;1332,40;1375,74;;1;;
2016-01-25;1367,81;1345,55;1354,41;;1;;
2016-01-22;1364,24;1320,14;1361,36;;1;;
2016-01-21;1319,81;1283,13;1312,60;;1;;
2016-01-20;1332,17;1289,40;1290,95;;1;;
2016-01-19;1341,73;1311,72;1332,17;;1;;
2016-01-18;1322,59;1300,54;1306,02;;1;;
2016-01-15;1348,51;1296,92;1305,24;;1;;
2016-01-14;1359,08;1326,71;1339,47;;1;;
2016-01-13;1377,87;1352,61;1360,98;;1;;
2016-01-12;1369,05;1345,67;1351,26;;1;;
2016-01-11;1362,03;1342,68;1348,64;;1;;
2016-01-08;1379,95;1348,76;1348,76;;1;;
2016-01-07;1379,66;1326,70;1357,12;;1;;
2016-01-05;1410,47;1384,05;1387,03;;1;;
2016-01-04;1441,34;1394,27;1394,39;;1;;
2015-12-30;1455,42;1442,17;1446,82;;1;;
2015-12-29;1452,95;1435,12;1452,95;;1;;
2015-12-28;1451,71;1432,55;1434,06;;1;;
2015-12-23;1446,69;1415,01;1446,69;;1;;
2015-12-22;1428,45;1410,24;1413,74;;1;;
2015-12-21;1443,80;1419,13;1419,13;;1;;
2015-12-18;1435,79;1415,12;1422,63;;1;;
2015-12-17;1461,49;1429,72;1438,32;;1;;
2015-12-16;1439,50;1418,87;1428,02;;1;;
2015-12-15;1427,11;1389,26;1426,47;;1;;
2015-12-14;1418,66;1388,78;1389,26;;1;;
2015-12-11;1433,38;1399,90;1401,14;;1;;
2015-12-10;1444,67;1427,59;1433,41;;1;;
2015-12-09;1460,85;1428,62;1440,94;;1;;
2015-12-08;1494,06;1450,44;1454,99;;1;;
2015-12-07;1504,61;1489,62;1494,52;;1;;
2015-12-04;1501,98;1475,79;1485,32;;1;;
2015-12-03;1544,94;1502,41;1502,41;;1;;
2015-12-02;1539,54;1521,64;1533,87;;1;;
2015-12-01;1546,53;1527,45;1530,52;;1;;
2015-11-30;1542,12;1515,33;1536,05;;1;;
2015-11-27;1527,62;1511,62;1522,00;;1;;
2015-11-26;1524,62;1502,30;1522,28;;1;;
2015-11-25;1508,38;1487,95;1506,52;;1;;
2015-11-24;1515,80;1486,74;1488,89;;1;;
2015-11-23;1521,87;1509,27;1515,80;;1;;
2015-11-20;1525,48;1505,94;1521,87;;1;;
2015-11-19;1530,91;1507,83;1512,77;;1;;
2015-11-18;1515,21;1504,38;1514,18;;1;;
2015-11-17;1514,33;1479,24;1513,93;;1;;
2015-11-16;1485,68;1458,52;1479,04;;1;;
2015-11-13;1485,56;1469,00;1476,21;;1;;
2015-11-12;1512,61;1487,96;1488,40;;1;;
2015-11-11;1518,30;1503,16;1511,46;;1;;
2015-11-10;1517,85;1488,19;1499,40;;1;;
2015-11-09;1537,25;1511,55;1511,55;;1;;
2015-11-06;1536,58;1516,54;1526,49;;1;;
2015-11-05;1535,05;1521,13;1523,25;;1;;
2015-11-04;1533,95;1512,89;1529,43;;1;;
2015-11-03;1508,68;1496,13;1507,45;;1;;
2015-11-02;1509,70;1480,29;1502,44;;1;;
2015-10-30;1508,45;1496,51;1499,23;;1;;
2015-10-29;1505,98;1484,17;1495,86;;1;;
2015-10-28;1503,22;1482,03;1499,64;;1;;
2015-10-27;1504,08;1485,72;1487,03;;1;;
2015-10-26;1515,23;1499,29;1506,16;;1;;
2015-10-23;1514,85;1486,10;1506,59;;1;;
2015-10-22;1485,66;1434,72;1484,47;;1;;
2015-10-21;1463,14;1443,16;1452,09;;1;;
2015-10-20;1471,82;1449,55;1466,67;;1;;
2015-10-19;1466,74;1452,21;1458,00;;1;;
2015-10-16;1469,71;1444,88;1452,36;;1;;
2015-10-15;1453,87;1441,76;1453,87;;1;;
2015-10-14;1455,06;1441,29;1442,75;;1;;
2015-10-13;1483,47;1452,78;1460,11;;1;;
2015-10-12;1504,60;1472,52;1481,43;;1;;
2015-10-09;1490,20;1473,99;1483,74;;1;;
2015-10-08;1464,99;1447,36;1464,49;;1;;
2015-10-07;1471,64;1452,01;1452,01;;1;;
2015-10-06;1464,58;1441,35;1457,15;;1;;
2015-10-05;1456,97;1429,65;1456,97;;1;;
2015-10-02;1429,38;1396,20;1412,86;;1;;
2015-10-01;1435,97;1399,34;1404,45;;1;;
2015-09-30;1423,83;1407,34;1416,89;;1;;
2015-09-29;1403,30;1369,29;1391,88;;1;;
2015-09-28;1416,08;1389,38;1389,38;;1;;
2015-09-25;1421,63;1401,05;1418,47;;1;;
2015-09-24;1424,20;1378,94;1381,87;;1;;
2015-09-23;1432,38;1416,92;1421,50;;1;;
2015-09-22;0,00;0,00;1425,39;;1;;
2015-09-21;1467,57;1443,73;1462,66;;1;;
2015-09-18;1478,69;1446,98;1453,11;;1;;
2015-09-17;1488,70;1480,37;1486,46;;1;;
2015-09-16;1490,56;1477,59;1483,66;;1;;
2015-09-15;1475,11;1450,57;1469,08;;1;;
2015-09-14;1491,82;1462,76;1467,73;;1;;
2015-09-11;1499,12;1484,18;1488,41;;1;;
2015-09-10;1505,66;1487,91;1494,35;;1;;
2015-09-09;1524,23;1505,99;1507,15;;1;;
2015-09-08;1499,47;1480,67;1488,88;;1;;
2015-09-07;1479,88;1466,20;1471,75;;1;;
2015-09-04;1486,05;1459,49;1461,46;;1;;
2015-09-03;1506,53;1479,13;1500,21;;1;;
2015-09-02;1486,13;1464,41;1471,51;;1;;
2015-09-01;1489,07;1460,67;1469,86;;1;;
2015-08-31;1504,55;1486,61;1501,07;;1;;
2015-08-28;1509,71;1490,46;1509,71;;1;;
2015-08-27;1505,88;1485,67;1502,86;;1;;
2015-08-26;1490,48;1444,63;1458,20;;1;;
2015-08-25;1487,26;1440,98;1483,35;;1;;
2015-08-24;1471,65;1405,01;1428,08;;1;;
2015-08-21;1530,71;1495,36;1495,36;;1;;
2015-08-20;1553,54;1532,96;1534,39;;1;;
2015-08-19;1576,86;1553,27;1553,51;;1;;
2015-08-18;1592,84;1580,39;1583,53;;1;;
2015-08-17;1603,68;1578,41;1592,81;;1;;
2015-08-14;1598,29;1583,34;1586,83;;1;;
2015-08-13;1599,61;1586,29;1594,15;;1;;
2015-08-12;1604,03;1573,12;1575,04;;1;;
2015-08-11;1638,12;1611,61;1614,72;;1;;
2015-08-10;1636,63;1608,27;1636,54;;1;;
2015-08-07;1622,94;1612,28;1612,28;;1;;
2015-08-06;1627,48;1619,42;1621,56;;1;;
2015-08-05;1630,01;1615,63;1627,42;;1;;
2015-08-04;1616,90;1606,54;1611,88;;1;;
2015-08-03;1621,73;1610,49;1618,28;;1;;
2015-07-31;1615,64;1600,45;1615,64;;1;;
2015-07-30;1609,38;1592,19;1603,50;;1;;
2015-07-29;1603,32;1583,08;1597,86;;1;;
2015-07-28;1594,86;1578,39;1588,22;;1;;
2015-07-27;1608,06;1581,07;1581,33;;1;;
2015-07-24;1626,72;1611,19;1612,80;;1;;
2015-07-23;1636,49;1617,40;1619,81;;1;;
2015-07-22;1633,35;1621,27;1621,27;;1;;
2015-07-21;1658,93;1634,87;1636,42;;1;;
2015-07-20;1655,82;1641,48;1653,44;;1;;
2015-07-17;1648,81;1630,02;1635,47;;1;;
2015-07-16;1639,18;1611,19;1636,12;;1;;
2015-07-15;1612,55;1600,40;1601,97;;1;;
2015-07-14;1616,56;1607,14;1616,25;;1;;
2015-07-13;1616,56;1601,14;1614,42;;1;;
2015-07-10;1590,54;1570,63;1590,54;;1;;
2015-07-09;1552,04;1524,48;1549,59;;1;;
2015-07-08;1528,61;1507,01;1520,88;;1;;
2015-07-07;1541,71;1516,09;1516,12;;1;;
2015-07-06;1539,46;1525,90;1526,94;;1;;
2015-07-03;1564,29;1544,55;1553,60;;1;;
2015-07-02;1577,77;1560,63;1562,10;;1;;
2015-07-01;1582,10;1546,42;1575,50;;1;;
2015-06-30;1561,34;1537,93;1541,66;;1;;
2015-06-29;1585,78;1545,58;1559,80;;1;;
2015-06-26;1614,30;1584,03;1608,26;;1;;
2015-06-25;1613,17;1594,90;1601,12;;1;;
2015-06-24;1627,57;1606,75;1611,50;;1;;
2015-06-23;1628,24;1611,54;1620,95;;1;;
2015-06-22;1606,62;1581,63;1606,62;;1;;
2015-06-18;1565,23;1538,47;1562,43;;1;;
2015-06-17;1584,27;1565,86;1567,46;;1;;
2015-06-16;1585,80;1548,68;1582,23;;1;;
2015-06-15;1586,38;1561,52;1566,99;;1;;
2015-06-12;1611,40;1588,43;1597,33;;1;;
2015-06-11;1618,66;1596,48;1604,89;;1;;
2015-06-10;1613,03;1578,85;1610,38;;1;;
2015-06-09;1594,46;1569,46;1587,84;;1;;
2015-06-08;1608,24;1589,57;1589,57;;1;;
2015-06-05;1616,95;1601,16;1606,45;;1;;
2015-06-04;1639,26;1618,84;1625,02;;1;;
2015-06-03;1650,28;1632,27;1641,69;;1;;
2015-06-02;1657,59;1629,94;1638,65;;1;;
2015-06-01;1656,85;1644,76;1649,59;;1;;
2015-05-29;1669,13;1644,99;1644,99;;1;;
2015-05-28;1668,48;1657,99;1667,06;;1;;
2015-05-27;1664,16;1637,79;1664,08;;1;;
2015-05-26;1656,98;1636,16;1638,49;;1;;
2015-05-25;1650,69;1639,10;1650,69;;1;;
2015-05-22;1653,71;1639,39;1648,46;;1;;
2015-05-21;1642,19;1627,80;1642,19;;1;;
2015-05-20;1637,70;1626,59;1637,48;;1;;
2015-05-19;1637,05;1620,76;1633,26;;1;;
2015-05-18;1626,79;1611,59;1622,57;;1;;
2015-05-15;1637,11;1615,02;1616,48;;1;;
2015-05-13;1622,03;1603,95;1622,01;;1;;
2015-05-12;1609,89;1589,66;1600,10;;1;;
2015-05-11;1625,17;1607,64;1617,03;;1;;
2015-05-08;1619,01;1580,13;1616,45;;1;;
2015-05-07;1594,42;1558,16;1587,65;;1;;
2015-05-06;1602,48;1573,90;1584,18;;1;;
2015-05-05;1640,68;1595,38;1595,48;;1;;
2015-05-04;1644,30;1630,29;1634,10;;1;;
2015-04-30;1642,97;1615,45;1628,04;;1;;
2015-04-29;1691,04;1632,68;1636,18;;1;;
2015-04-28;1715,90;1671,51;1679,52;;1;;
2015-04-27;1720,02;1697,81;1719,93;;1;;
2015-04-24;1700,23;1689,89;1698,51;;1;;
2015-04-23;1716,89;1681,26;1689,77;;1;;
2015-04-22;1713,48;1685,60;1706,25;;1;;
2015-04-21;1697,50;1679,36;1694,73;;1;;
2015-04-20;1678,39;1658,88;1678,28;;1;;
2015-04-17;1690,08;1655,72;1655,72;;1;;
2015-04-16;1710,83;1690,93;1690,93;;1;;
2015-04-15;1714,62;1699,48;1710,61;;1;;
2015-04-14;1709,01;1694,98;1701,39;;1;;
2015-04-13;1701,08;1688,61;1700,36;;1;;
2015-04-10;1699,98;1692,54;1699,96;;1;;
2015-04-09;1695,94;1687,16;1695,94;;1;;
2015-04-08;1701,58;1686,26;1686,77;;1;;
2015-04-07;1700,63;1687,96;1697,43;;1;;
2015-04-02;1675,57;1668,86;1675,52;;1;;
2015-04-01;1677,66;1654,99;1669,49;;1;;
2015-03-31;1689,22;1666,74;1667,73;;1;;
2015-03-30;1687,17;1669,52;1687,17;;1;;
2015-03-27;1681,62;1662,31;1662,56;;1;;
2015-03-26;1675,94;1654,04;1675,61;;1;;
2015-03-25;1705,56;1688,99;1694,39;;1;;
2015-03-24;1704,05;1691,96;1701,29;;1;;
2015-03-23;1708,57;1695,37;1698,38;;1;;
2015-03-20;1710,92;1696,48;1710,87;;1;;
2015-03-19;1719,44;1699,31;1707,50;;1;;
2015-03-18;1710,17;1674,25;1703,96;;1;;
2015-03-17;1691,64;1666,74;1675,88;;1;;
2015-03-16;1690,27;1671,06;1689,67;;1;;
2015-03-13;1669,74;1660,47;1665,13;;1;;
2015-03-12;1666,78;1653,24;1661,69;;1;;
2015-03-11;1667,91;1634,80;1663,31;;1;;
2015-03-10;1661,78;1640,25;1641,71;;1;;
2015-03-09;1666,05;1642,46;1660,36;;1;;
2015-03-06;1675,29;1661,65;1662,55;;1;;
2015-03-05;1678,54;1669,11;1669,56;;1;;
2015-03-04;1667,19;1643,62;1664,50;;1;;
2015-03-03;1694,29;1660,29;1661,87;;1;;
2015-03-02;1701,07;1675,98;1686,64;;1;;
2015-02-27;1695,37;1679,21;1691,03;;1;;
2015-02-26;1686,05;1678,20;1684,83;;1;;
2015-02-25;1685,67;1675,38;1678,73;;1;;
2015-02-24;1685,65;1666,93;1683,92;;1;;
2015-02-23;1679,49;1667,68;1679,48;;1;;
2015-02-20;1665,07;1652,85;1664,33;;1;;
2015-02-19;1662,24;1642,60;1662,24;;1;;
2015-02-18;1652,38;1634,67;1652,15;;1;;
2015-02-17;1639,08;1625,19;1630,99;;1;;
2015-02-16;1644,29;1637,17;1644,29;;1;;
2015-02-13;1643,85;1628,48;1642,04;;1;;
2015-02-12;1631,27;1594,30;1624,35;;1;;
2015-02-11;1604,97;1589,36;1593,03;;1;;
2015-02-10;1605,94;1583,04;1602,74;;1;;
2015-02-09;1593,18;1582,56;1591,40;;1;;
2015-02-06;1601,12;1580,99;1599,55;;1;;
2015-02-05;1588,32;1572,72;1586,13;;1;;
2015-02-04;1596,27;1574,00;1579,31;;1;;
2015-02-03;1594,63;1581,16;1593,42;;1;;
2015-02-02;1579,02;1567,63;1575,95;;1;;
2015-01-30;1582,10;1572,55;1573,62;;1;;
2015-01-29;1570,84;1550,11;1570,39;;1;;
2015-01-28;1562,54;1539,15;1562,54;;1;;
2015-01-27;1554,66;1525,44;1533,37;;1;;
2015-01-26;1554,70;1527,36;1554,70;;1;;
2015-01-23;1540,91;1530,36;1536,39;;1;;
2015-01-22;1526,46;1501,48;1523,80;;1;;
2015-01-21;1501,22;1483,26;1501,22;;1;;
2015-01-20;1498,27;1480,62;1491,59;;1;;
2015-01-19;1479,81;1466,78;1476,31;;1;;
2015-01-16;1470,47;1447,41;1468,90;;1;;
2015-01-15;1458,00;1421,84;1457,36;;1;;
2015-01-14;1459,68;1434,79;1434,79;;1;;
2015-01-13;1468,85;1449,84;1465,66;;1;;
2015-01-12;1460,11;1444,55;1453,64;;1;;
2015-01-09;1460,99;1439,15;1444,46;;1;;
2015-01-08;1458,17;1428,54;1456,72;;1;;
2015-01-07;1441,31;1421,34;1421,34;;1;;
2015-01-05;1467,69;1453,53;1454,81;;1;;
2015-01-02;1472,61;1460,67;1463,78;;1;;
2014-12-30;1476,33;1463,13;1464,55;;1;;
2014-12-29;1479,37;1470,66;1478,93;;1;;
2014-12-23;1472,00;1460,18;1470,49;;1;;
2014-12-22;1465,33;1453,66;1461,75;;1;;
2014-12-19;1456,51;1435,27;1452,36;;1;;
2014-12-18;1441,85;1419,99;1441,85;;1;;
2014-12-17;1409,12;1397,80;1405,35;;1;;
2014-12-16;1414,60;1386,61;1413,58;;1;;
2014-12-15;1438,39;1408,75;1408,75;;1;;
2014-12-12;1450,46;1425,86;1425,86;;1;;
2014-12-11;1459,45;1445,45;1454,45;;1;;
2014-12-10;1462,71;1450,49;1452,80;;1;;
2014-12-09;1466,47;1447,96;1452,24;;1;;
2014-12-08;1472,66;1466,19;1467,88;;1;;
2014-12-05;1474,70;1455,93;1474,70;;1;9459237207;
2014-12-04;1471,92;1447,18;1447,82;;1;10621084908;
2014-12-03;1466,02;1452,13;1464,84;;1;9562337021;
2014-12-02;1463,44;1447,97;1450,07;;1;9494052428;
2014-12-01;1456,90;1447,78;1450,03;;1;10364089514;
2014-11-28;1466,15;1453,77;1461,34;;1;10447481462;
2014-11-27;1467,31;1458,62;1465,96;;1;6108925709;
2014-11-26;1474,89;1455,50;1457,81;;1;8356773551;
2014-11-25;1467,97;1455,35;1467,36;;1;10815581357;
2014-11-24;1456,59;1445,15;1456,59;;1;8936888574;
2014-11-21;1447,53;1424,16;1447,53;;1;12555430833;
2014-11-20;1430,41;1418,61;1423,71;;1;9328296885;
2014-11-19;1432,58;1426,04;1428,01;;1;7661310127;
2014-11-18;1432,38;1419,31;1432,38;;1;9987914742;
2014-11-17;1421,82;1408,35;1419,92;;1;7674321820;
2014-11-14;1424,40;1411,58;1415,60;;1;8238799926;
2014-11-13;1423,13;1412,68;1422,76;;1;9400732199;
2014-11-12;1426,14;1408,86;1408,86;;1;8730350215;
2014-11-11;1425,06;1418,78;1424,93;;1;8159568292;
2014-11-10;1417,95;1406,71;1417,82;;1;7790537704;
2014-11-07;1422,11;1404,98;1410,88;;1;9783722635;
2014-11-06;1422,61;1406,31;1415,30;;1;12605367990;
2014-11-05;1414,09;1406,49;1414,09;;1;10125107740;
2014-11-04;1407,51;1397,34;1399,87;;1;10005512888;
2014-11-03;1414,93;1396,23;1399,05;;1;10537108846;
2014-10-31;1414,08;1404,19;1412,84;;1;7036500510;
2014-10-30;1398,02;1379,91;1397,18;;1;11181880333;
2014-10-29;1393,46;1383,49;1389,95;;1;12362124343;
2014-10-28;1381,29;1364,86;1380,83;;1;12960912270;
2014-10-27;1374,07;1348,79;1360,33;;1;11079799283;
2014-10-24;1367,34;1353,82;1358,57;;1;13121780038;
2014-10-23;1363,70;1336,11;1361,88;;1;13636053889;
2014-10-22;1348,15;1334,13;1344,34;;1;13160500593;
2014-10-21;1338,12;1301,51;1338,12;;1;14670202815;
2014-10-20;1310,83;1293,24;1306,44;;1;12280976932;
2014-10-17;1310,46;1267,78;1310,46;;1;15200962300;
2014-10-16;1285,33;1246,56;1271,01;;1;19271195764;
2014-10-15;1309,03;1269,91;1269,91;;1;17308239971;
2014-10-14;1308,93;1287,73;1307,86;;1;12827351809;
2014-10-13;1308,02;1289,33;1294,64;;1;10367619208;
2014-10-10;1316,93;1297,46;1302,34;;1;12759660460;
2014-10-09;1348,81;1316,15;1322,31;;1;11992613698;
2014-10-08;1336,43;1325,99;1331,83;;1;10712782468;
2014-10-07;1364,04;1337,63;1337,63;;1;11861366442;
2014-10-06;1380,73;1365,67;1365,71;;1;8501177072;
2014-10-03;1371,42;1360,97;1369,52;;1;8164771914;
2014-10-02;1382,22;1353,93;1353,93;;1;11490184558;
2014-10-01;1399,80;1381,59;1381,59;;1;10981701752;
2014-09-30;1403,22;1390,89;1403,00;;1;11014117081;
2014-09-29;1400,11;1384,09;1392,39;;1;7409696359;
2014-09-26;1400,31;1387,31;1396,20;;1;9194857487;
2014-09-25;1413,88;1391,01;1393,09;;1;11991921398;
2014-09-24;1411,23;1399,40;1411,23;;1;11918910964;
2014-09-23;1417,48;1405,32;1405,32;;1;12799787768;
2014-09-22;1423,60;1412,79;1418,29;;1;8874863159;
2014-09-19;1424,22;1418,23;1421,48;;1;11654194301;
2014-09-18;1416,80;1406,84;1416,79;;1;10588779877;
2014-09-17;1409,12;1399,29;1407,04;;1;8615436365;
2014-09-16;1395,29;1384,55;1395,29;;1;8575620405;
2014-09-15;1396,87;1380,22;1393,22;;1;8235261947;
2014-09-12;1389,60;1383,12;1388,59;;1;7781717903;
2014-09-11;1394,05;1378,44;1382,85;;1;9486212861;
2014-09-10;1388,31;1376,18;1387,38;;1;8849762456;
2014-09-09;1391,31;1382,56;1382,78;;1;8882794282;
2014-09-08;1392,73;1383,35;1392,73;;1;8833044889;
2014-09-05;1398,05;1384,86;1388,39;;1;9618891572;
2014-09-04;1402,34;1392,20;1397,99;;1;10135398908;
2014-09-03;1402,18;1391,88;1398,48;;1;9601145983;
2014-09-02;1391,94;1384,69;1387,94;;1;7539048881;
2014-09-01;1393,59;1382,47;1386,97;;1;6428018904;
2014-08-29;1388,99;1382,10;1388,89;;1;8309239749;
2014-08-28;1394,83;1380,59;1383,03;;1;8955783414;
2014-08-27;1398,48;1392,81;1397,41;;1;6803073704;
2014-08-26;1397,54;1388,73;1397,54;;1;6898188979;
2014-08-25;1394,69;1385,56;1394,69;;1;5878598034;
2014-08-22;1388,07;1378,17;1382,72;;1;6401152720;
2014-08-21;1385,18;1373,38;1385,03;;1;8321437031;
2014-08-20;1381,02;1367,87;1373,50;;1;6923575045;
2014-08-19;1376,61;1369,60;1376,61;;1;6750807371;
2014-08-18;1369,32;1362,32;1369,32;;1;6121855647;
2014-08-15;1368,51;1352,98;1352,98;;1;8584667200;
2014-08-14;1357,64;1350,04;1353,94;;1;6724439370;
2014-08-13;1361,82;1354,81;1361,82;;1;7915946321;
2014-08-12;1356,50;1346,93;1349,96;;1;7858729222;
2014-08-11;1358,16;1339,83;1357,36;;1;8172141686;
2014-08-08;1333,85;1320,99;1331,56;;1;8538086287;
2014-08-07;1349,70;1334,06;1334,40;;1;7857918805;
2014-08-06;1358,48;1342,19;1344,30;;1;9758437909;
2014-08-05;1368,29;1360,47;1366,13;;1;6272728986;
2014-08-04;1371,54;1360,14;1361,03;;1;6129235711;
2014-08-01;1383,55;1360,53;1361,44;;1;8270819176;
2014-07-31;1400,36;1377,29;1379,87;;1;8252777627;
2014-07-30;1402,96;1395,86;1398,23;;1;5803882852;
2014-07-29;1404,72;1397,18;1397,89;;1;5032878779;
2014-07-28;1408,20;1395,23;1400,87;;1;5188109015;
2014-07-25;1408,57;1401,00;1404,12;;1;5997557462;
2014-07-24;1407,55;1397,04;1405,70;;1;7560161347;
2014-07-23;1401,91;1395,34;1398,13;;1;7575443374;
2014-07-22;1399,09;1389,98;1399,09;;1;7951341798;
2014-07-21;1389,92;1378,64;1383,53;;1;8452158725;
2014-07-18;1388,82;1373,45;1387,37;;1;14842635111;
2014-07-17;1390,88;1376,36;1376,36;;1;11393612032;
2014-07-16;1393,12;1374,86;1393,12;;1;9128025796;
2014-07-15;1386,03;1368,83;1372,25;;1;8317591331;
2014-07-14;1383,04;1367,96;1382,55;;1;6947287331;
2014-07-11;1366,53;1356,24;1362,35;;1;7240627384;
2014-07-10;1379,09;1355,55;1357,82;;1;9124128161;
2014-07-09;1385,43;1376,68;1379,77;;1;6285312829;
2014-07-08;1399,88;1381,59;1381,59;;1;7184750102;
2014-07-07;1404,68;1396,35;1397,11;;1;6169924016;
2014-07-04;1409,17;1399,94;1399,94;;1;6454355733;
2014-07-03;1409,44;1390,01;1409,44;;1;11132091805;
2014-07-02;1390,02;1384,71;1388,11;;1;6951765960;
2014-07-01;1384,36;1372,88;1384,36;;1;7657542771;
2014-06-30;1384,13;1375,04;1376,81;;1;7382467902;
2014-06-27;1379,02;1372,70;1379,02;;1;6849247805;
2014-06-26;1383,16;1369,65;1372,38;;1;7274397208;
2014-06-25;1393,82;1375,26;1380,50;;1;9297476481;
2014-06-24;1400,56;1393,00;1400,37;;1;9204094464;
2014-06-23;1399,17;1381,23;1396,08;;1;8635363372;
2014-06-19;1391,52;1383,23;1386,04;;1;9318929949;
2014-06-18;1389,61;1378,42;1378,42;;1;9422118143;
2014-06-17;1390,09;1380,17;1384,27;;1;7418393276;
2014-06-16;1392,16;1380,28;1382,98;;1;9202363105;
2014-06-13;1397,39;1383,29;1390,15;;1;8473601446;
2014-06-12;1402,66;1395,49;1397,67;;1;7830256085;
2014-06-11;1410,09;1398,28;1400,35;;1;8959526786;
2014-06-10;1406,74;1401,50;1406,22;;1;8664050384;
2014-06-09;1406,44;1400,96;1406,44;;1;8887551371;
2014-06-05;1401,23;1391,20;1391,20;;1;11029263613;
2014-06-04;1397,90;1391,84;1397,47;;1;6735786069;
2014-06-03;1398,86;1392,19;1395,77;;1;7192317681;
2014-06-02;1406,26;1397,90;1399,40;;1;9366225338;
2014-05-30;1404,63;1393,16;1402,08;;1;10609673854;
2014-05-28;1397,72;1389,74;1392,85;;1;4059934201;
2014-05-27;1399,34;1389,03;1395,39;;1;8125100962;
2014-05-26;1397,47;1393,57;1394,15;;1;6220974481;
2014-05-23;1392,30;1382,54;1392,28;;1;7878505122;
2014-05-22;1391,00;1384,11;1388,52;;1;9119636256;
2014-05-21;1389,05;1374,66;1385,86;;1;10477330817;
2014-05-20;1384,37;1380,01;1381,27;;1;11108679398;
2014-05-19;1382,42;1372,34;1379,92;;1;13814352970;
2014-05-16;1384,18;1377,40;1382,14;;1;10623134438;
2014-05-15;1386,50;1376,50;1385,84;;1;15629653826;
2014-05-14;1375,93;1369,45;1375,93;;1;8059876032;
2014-05-13;1373,62;1367,65;1373,62;;1;10385090820;
2014-05-12;1364,81;1357,48;1364,78;;1;10092960966;
2014-05-09;1358,77;1351,23;1354,34;;1;8642070196;
2014-05-08;1359,13;1345,41;1359,13;;1;10151844363;
2014-05-07;1352,79;1341,83;1343,13;;1;11705395189;
2014-05-06;1364,60;1350,74;1352,98;;1;10690794670;
2014-05-05;1362,61;1346,31;1358,59;;1;8324668493;
2014-05-02;1369,31;1357,92;1360,19;;1;12010913912;
2014-04-30;1367,80;1362,90;1364,39;;1;7389038607;
2014-04-29;1371,71;1358,41;1371,65;;1;15353375995;
2014-04-28;1368,39;1353,48;1357,56;;1;12525885598;
2014-04-25;1368,33;1357,73;1360,35;;1;11686725827;
2014-04-24;1369,38;1351,06;1365,27;;1;14521549746;
2014-04-23;1364,35;1352,47;1353,06;;1;11862880263;
2014-04-22;1369,45;1354,54;1369,45;;1;10633907387;
2014-04-17;1345,75;1338,93;1341,56;;1;4173950602;
2014-04-16;1342,55;1336,64;1342,55;;1;8267509593;
2014-04-15;1351,73;1328,82;1329,28;;1;9961094601;
2014-04-14;1349,97;1332,12;1348,22;;1;10114748234;
2014-04-11;1348,43;1330,71;1344,12;;1;13629102523;
2014-04-10;1373,32;1354,99;1354,99;;1;9939791657;
2014-04-09;1371,65;1364,40;1366,53;;1;9927707844;
2014-04-08;1363,52;1352,17;1361,53;;1;10448453753;
2014-04-07;1363,73;1356,65;1357,31;;1;9350772669;
2014-04-04;1376,48;1366,41;1369,69;;1;9967205443;
2014-04-03;1375,17;1368,35;1368,88;;1;10701195387;
2014-04-02;1382,13;1374,18;1377,50;;1;8426893629;
2014-04-01;1377,38;1367,45;1375,01;;1;9947572788;
2014-03-31;1365,03;1349,82;1364,97;;1;11647888010;
2014-03-28;1350,26;1342,77;1346,48;;1;10152169379;
2014-03-27;1344,29;1337,36;1341,69;;1;12690282301;
2014-03-26;1359,28;1349,46;1351,48;;1;11401428145;
2014-03-25;1350,77;1337,82;1350,67;;1;11267210490;
2014-03-24;1353,66;1335,50;1335,50;;1;11653942712;
2014-03-21;1354,89;1345,78;1351,43;;1;15062084189;
2014-03-20;1352,47;1342,71;1352,47;;1;11251946835;
2014-03-19;1362,94;1356,63;1360,48;;1;11382312764;
2014-03-18;1362,08;1344,04;1359,07;;1;11717140583;
2014-03-17;1350,48;1327,24;1349,39;;1;8973894083;
2014-03-14;1329,95;1317,92;1326,82;;1;11585574229;
2014-03-13;1351,25;1336,70;1337,23;;1;8903625414;
2014-03-12;1355,22;1342,68;1346,36;;1;9741442494;
2014-03-11;1365,53;1353,24;1359,18;;1;10351616592;
2014-03-10;1367,19;1354,35;1359,93;;1;8616797944;
2014-03-07;1376,32;1356,60;1358,36;;1;12048597118;
2014-03-06;1376,45;1370,50;1374,32;;1;10862947534;
2014-03-05;1368,14;1361,99;1364,92;;1;12080354474;
2014-03-04;1363,51;1343,66;1363,44;;1;11798170737;
2014-03-03;1349,53;1334,09;1335,56;;1;14104721639;
2014-02-28;1371,30;1363,49;1369,13;;1;9157064124;
2014-02-27;1373,66;1359,12;1368,83;;1;8930326825;
2014-02-26;1373,68;1368,20;1373,36;;1;7903627135;
2014-02-25;1372,51;1363,04;1371,94;;1;12083989837;
2014-02-24;1370,11;1351,33;1370,11;;1;15392614078;
2014-02-21;1350,17;1343,29;1349,12;;1;10938922190;
2014-02-20;1341,87;1325,01;1341,85;;1;9723352723;
2014-02-19;1338,00;1324,63;1338,00;;1;9704560236;
2014-02-18;1343,36;1325,82;1329,04;;1;10377243399;
2014-02-17;1345,58;1338,79;1342,20;;1;5984873039;
2014-02-14;1337,14;1328,72;1335,89;;1;7967654756;
2014-02-13;1330,41;1318,38;1330,38;;1;9129688918;
2014-02-12;1341,14;1330,00;1330,02;;1;10968020884;
2014-02-11;1335,12;1322,52;1335,12;;1;9255368095;
2014-02-10;1319,41;1313,42;1318,65;;1;8435666189;
2014-02-07;1315,41;1308,33;1313,20;;1;12737487559;
2014-02-06;1313,83;1298,03;1308,14;;1;16309943572;
2014-02-05;1295,81;1283,96;1292,46;;1;13979446750;
2014-02-04;1283,90;1275,77;1280,99;;1;10337736984;
2014-02-03;1312,32;1285,21;1285,91;;1;11608885345;
2014-01-31;1306,29;1292,04;1304,45;;1;14756954490;
2014-01-30;1311,12;1297,52;1302,83;;1;14442133792;
2014-01-29;1327,25;1295,61;1310,13;;1;19574004379;
2014-01-28;1321,30;1309,22;1318,41;;1;15543028007;
2014-01-27;1318,85;1307,83;1317,24;;1;12635276575;
2014-01-24;1344,69;1318,48;1318,53;;1;11869296961;
2014-01-23;1354,84;1337,52;1339,80;;1;12425367645;
2014-01-22;1358,55;1349,76;1355,24;;1;12333189369;
2014-01-21;1355,37;1348,66;1350,02;;1;12170818359;
2014-01-20;1352,78;1346,80;1350,98;;1;7576563980;
2014-01-17;1351,83;1341,12;1350,10;;1;11141664658;
2014-01-16;1345,22;1340,12;1342,65;;1;10022620419;
2014-01-15;1343,93;1329,39;1342,99;;1;10611508436;
2014-01-14;1325,51;1313,92;1323,89;;1;11196684041;
2014-01-13;1335,52;1328,33;1328,65;;1;8561155441;
2014-01-10;1334,47;1325,96;1329,84;;1;9569294334;
2014-01-09;1332,66;1322,30;1323,58;;1;8927524004;
2014-01-08;1332,22;1323,20;1324,83;;1;10780865709;
2014-01-07;1330,09;1323,37;1326,24;;1;11532196416;
2014-01-03;1330,69;1320,52;1325,12;;1;5761827033;
2014-01-02;1334,71;1320,76;1324,35;;1;8665994837;
2013-12-30;1338,53;1326,73;1332,95;;1;7470252945;
2013-12-27;1335,59;1326,66;1334,42;;1;6158209581;
2013-12-23;1320,56;1311,52;1320,56;;1;7902083297;
2013-12-20;1311,38;1296,56;1309,92;;1;15588740486;
2013-12-19;1300,89;1286,05;1300,89;;1;12522626476;
2013-12-18;1277,46;1268,49;1275,12;;1;10207752725;
2013-12-17;1275,01;1262,83;1263,26;;1;8318813279;
2013-12-16;1269,11;1254,13;1269,08;;1;8908641247;
2013-12-13;1261,81;1252,69;1255,71;;1;8747137123;
2013-12-12;1265,15;1253,23;1255,00;;1;9736608655;
2013-12-11;1276,29;1265,28;1268,05;;1;8043182155;
2013-12-10;1282,67;1266,96;1270,20;;1;10222359368;
2013-12-09;1284,78;1273,92;1283,35;;1;9703723946;
2013-12-06;1278,69;1263,30;1274,63;;1;8840908555;
2013-12-05;1284,20;1269,51;1269,51;;1;8791645100;
2013-12-04;1288,30;1269,42;1279,03;;1;9444099445;
2013-12-03;1305,11;1278,98;1281,32;;1;10382610297;
2013-12-02;1309,09;1301,11;1304,58;;1;6702242471;
2013-11-29;1314,85;1307,71;1307,71;;1;9058665622;
2013-11-28;1316,30;1310,71;1315,21;;1;6346363927;
2013-11-27;1311,47;1305,22;1310,13;;1;5835214765;
2013-11-26;1308,13;1304,07;1305,78;;1;9221935133;
2013-11-25;1306,13;1301,22;1306,13;;1;6403957205;
2013-11-22;1297,87;1290,45;1297,87;;1;7432947856;
2013-11-21;1290,58;1281,77;1290,50;;1;7266145639;
2013-11-20;1298,28;1289,67;1294,70;;1;7641972923;
2013-11-19;1301,17;1296,41;1299,51;;1;6825080543;
2013-11-18;1305,43;1293,43;1304,80;;1;9040386305;
2013-11-15;1296,76;1289,77;1295,93;;1;9207893702;
2013-11-14;1289,46;1281,84;1289,17;;1;9161300923;
2013-11-13;1278,37;1269,75;1274,70;;1;8899707053;
2013-11-12;1288,01;1278,91;1279,86;;1;7897218677;
2013-11-11;1287,99;1282,67;1287,71;;1;5882797270;
2013-11-08;1287,15;1274,95;1281,86;;1;8313587684;
2013-11-07;1296,48;1279,85;1284,69;;1;11262301487;
2013-11-06;1288,14;1275,12;1283,48;;1;10448501345;
2013-11-05;1285,29;1271,58;1274,07;;1;8504881747;
2013-11-04;1286,32;1279,73;1281,41;;1;7266454288;
2013-11-01;1285,49;1274,95;1278,42;;1;4189177182;
2013-10-31;1290,68;1281,88;1283,52;;1;9462784795;
2013-10-30;1295,60;1287,95;1291,14;;1;8950882473;
2013-10-29;1293,70;1285,01;1290,78;;1;9391742233;
2013-10-28;1294,97;1285,30;1288,42;;1;9998508871;
2013-10-25;1291,61;1284,31;1290,63;;1;13670530427;
2013-10-24;1298,66;1290,02;1298,60;;1;11807955791;
2013-10-23;1295,10;1288,79;1291,62;;1;11205723253;
2013-10-22;1300,92;1291,03;1300,23;;1;13745768851;
2013-10-21;1290,76;1284,24;1288,55;;1;8610776035;
2013-10-18;1283,90;1268,35;1283,90;;1;9888790835;
2013-10-17;1269,11;1257,99;1266,91;;1;9964454575;
2013-10-16;1266,94;1253,77;1266,01;;1;9027880885;
2013-10-15;1272,39;1262,50;1265,46;;1;10616509081;
2013-10-14;1262,01;1254,46;1258,72;;1;6561981158;
2013-10-11;1268,01;1260,24;1266,39;;1;7383658276;
2013-10-10;1261,62;1242,17;1260,52;;1;8670220340;
2013-10-09;1245,85;1234,04;1235,36;;1;8658352173;
2013-10-08;1247,85;1239,92;1241,82;;1;9327264732;
2013-10-07;1249,35;1239,26;1246,86;;1;7702761024;
2013-10-04;1258,83;1250,83;1251,39;;1;8340233846;
2013-10-03;1267,98;1254,57;1256,27;;1;9028569864;
2013-10-02;1265,28;1255,53;1260,24;;1;8598319576;
2013-10-01;1269,25;1258,62;1268,35;;1;8176662110;
2013-09-30;1262,14;1253,29;1259,60;;1;10162238069;
2013-09-27;1279,67;1266,24;1269,48;;1;9030468177;
2013-09-26;1277,41;1272,27;1275,23;;1;12995633800;
2013-09-25;1276,65;1263,03;1265,69;;1;15127537241;
2013-09-24;1282,73;1274,78;1282,73;;1;10740373877;
2013-09-23;1286,69;1273,34;1274,77;;1;8118139306;
2013-09-20;1287,01;1283,19;1285,78;;1;8964083130;
2013-09-19;1291,88;1282,92;1286,49;;1;10745379064;
2013-09-18;1277,12;1271,38;1276,74;;1;8689508054;
2013-09-17;1277,53;1273,62;1274,22;;1;8006567732;
2013-09-16;1279,99;1273,77;1278,41;;1;9502293792;
2013-09-13;1266,89;1262,21;1265,97;;1;7436003674;
2013-09-12;1271,38;1265,18;1268,30;;1;9962979359;
2013-09-11;1274,16;1265,86;1270,66;;1;9182343597;
2013-09-10;1268,25;1255,68;1268,22;;1;10210123658;
2013-09-09;1251,05;1242,49;1249,11;;1;7144312718;
2013-09-06;1250,13;1238,45;1249,05;;1;11002963597;
2013-09-05;1250,11;1241,59;1243,90;;1;11092868098;
2013-09-04;1244,59;1232,71;1242,52;;1;7398796155;
2013-09-03;1240,99;1226,22;1238,64;;1;11694317287;
2013-09-02;1232,38;1220,98;1230,88;;1;6675217731;
2013-08-30;1226,23;1214,02;1214,35;;1;8467833462;
2013-08-29;1225,53;1218,42;1224,31;;1;7361654625;
2013-08-28;1226,02;1206,12;1218,15;;1;9100430420;
2013-08-27;1241,41;1222,44;1224,85;;1;9623754637;
2013-08-26;1246,95;1234,91;1245,99;;1;5753277960;
2013-08-23;1243,82;1234,84;1243,82;;1;6282943798;
2013-08-22;1241,44;1226,56;1237,14;;1;7382767599;
2013-08-21;1250,03;1226,05;1226,05;;1;8303832254;
2013-08-20;1248,24;1236,69;1247,15;;1;6923491808;
2013-08-19;1257,45;1250,17;1250,84;;1;8081381501;
2013-08-16;1255,21;1240,83;1255,02;;1;6757457941;
2013-08-15;1258,72;1238,41;1245,35;;1;7737317011;
2013-08-14;1265,88;1260,20;1262,48;;1;6500388517;
2013-08-13;1263,57;1254,08;1260,44;;1;8911384143;
2013-08-12;1257,21;1250,02;1253,69;;1;7115864237;
2013-08-09;1258,07;1249,94;1253,79;;1;6758354977;
2013-08-08;1254,36;1245,08;1249,22;;1;6706200309;
2013-08-07;1244,30;1236,09;1240,41;;1;6661345714;
2013-08-06;1254,00;1239,95;1242,12;;1;6785457668;
2013-08-05;1253,65;1248,31;1251,77;;1;4593385619;
2013-08-02;1252,82;1246,06;1250,54;;1;5344624414;
2013-08-01;1248,38;1240,10;1248,38;;1;5830411487;
2013-07-31;1242,05;1233,30;1234,07;;1;5741606230;
2013-07-30;1238,78;1230,50;1236,86;;1;5525214970;
2013-07-29;1236,29;1224,89;1226,98;;1;5122905460;
2013-07-26;1237,26;1224,66;1227,86;;1;5641767977;
2013-07-25;1232,95;1220,73;1232,95;;1;7297372238;
2013-07-24;1232,61;1220,08;1230,34;;1;7784160321;
2013-07-23;1222,46;1215,05;1216,68;;1;6893866691;
2013-07-22;1225,17;1210,24;1213,38;;1;7193843900;
2013-07-19;1221,21;1208,71;1221,21;;1;10822804167;
2013-07-18;1219,57;1207,42;1217,57;;1;12442594173;
2013-07-17;1218,38;1205,71;1211,10;;1;10519746381;
2013-07-16;1219,69;1210,40;1212,62;;1;9443834393;
2013-07-15;1222,60;1213,89;1215,23;;1;7555287819;
2013-07-12;1216,92;1210,57;1210,73;;1;7502633813;
2013-07-11;1211,37;1204,89;1211,37;;1;8385894467;
2013-07-10;1197,34;1185,81;1195,31;;1;7380481448;
2013-07-09;1194,77;1185,18;1194,75;;1;7781088363;
2013-07-08;1186,96;1173,52;1182,64;;1;6315376999;
2013-07-05;1186,33;1164,84;1167,52;;1;7588348602;
2013-07-04;1178,30;1158,83;1175,22;;1;8473918872;
2013-07-03;1154,73;1141,90;1154,54;;1;7293460062;
2013-07-02;1167,34;1153,88;1161,38;;1;8088329782;
2013-07-01;1165,98;1150,39;1165,64;;1;8904046712;
2013-06-28;1166,36;1150,26;1151,00;;1;10947331965;
2013-06-27;1163,34;1144,07;1161,00;;1;8935604437;
2013-06-26;1147,82;1128,77;1144,78;;1;9905927703;
2013-06-25;1133,21;1117,88;1129,25;;1;13183324646;
2013-06-24;1129,34;1108,96;1112,14;;1;13852624609;
2013-06-20;1163,66;1137,12;1138,60;;1;16290027303;
2013-06-19;1192,21;1174,16;1174,84;;1;17896939139;
2013-06-18;1198,12;1183,40;1193,95;;1;7737997458;
2013-06-17;1196,45;1180,23;1191,39;;1;7954887551;
2013-06-14;1185,21;1174,42;1177,59;;1;9601390158;
2013-06-13;1174,03;1155,94;1173,57;;1;10920852343;
2013-06-12;1192,91;1176,53;1177,26;;1;8319783982;
2013-06-11;1190,97;1178,54;1184,62;;1;10715016442;
2013-06-10;1197,17;1188,91;1192,86;;1;7737665064;
2013-06-07;1197,98;1175,53;1192,98;;1;11839145771;
2013-06-05;1205,17;1182,77;1185,04;;1;8816168432;
2013-06-04;1220,00;1205,47;1207,56;;1;7590901163;
2013-06-03;1222,66;1202,39;1209,71;;1;8464718503;
2013-05-31;1225,55;1209,56;1214,77;;1;11831853039;
2013-05-30;1229,04;1216,66;1225,18;;1;7842913064;
2013-05-29;1238,24;1220,49;1222,37;;1;8342726202;
2013-05-28;1245,80;1236,40;1244,04;;1;8148106093;
2013-05-27;1231,68;1220,68;1231,68;;1;4047434222;
2013-05-24;1231,29;1214,82;1217,06;;1;7775797686;
2013-05-23;1234,17;1216,05;1224,45;;1;12326736754;
2013-05-22;1257,56;1246,28;1254,57;;1;8960855426;
2013-05-21;1248,16;1236,31;1248,14;;1;9132803787;
2013-05-20;1250,10;1240,04;1243,37;;1;7766061215;
2013-05-17;1244,67;1232,53;1244,25;;1;10169919657;
2013-05-16;1239,91;1228,82;1235,00;;1;9786962323;
2013-05-15;1230,40;1222,91;1230,12;;1;7726928623;
2013-05-14;1225,98;1218,35;1224,85;;1;8268607766;
2013-05-13;1230,48;1220,81;1223,89;;1;8138823123;
2013-05-10;1232,85;1223,37;1227,31;;1;11405579501;
2013-05-08;1221,83;1209,27;1221,83;;1;5056711721;
2013-05-07;1215,14;1207,19;1208,10;;1;10280811003;
2013-05-06;1207,20;1200,00;1205,17;;1;5709401460;
2013-05-03;1208,61;1190,94;1203,34;;1;9721862777;
2013-05-02;1197,10;1186,79;1194,42;;1;11414040699;
2013-04-30;1204,04;1198,33;1198,99;;1;6324332734;
2013-04-29;1200,20;1188,38;1198,11;;1;9648545568;
2013-04-26;1196,55;1186,75;1194,66;;1;13021450093;
2013-04-25;1198,33;1174,66;1194,86;;1;14708471043;
2013-04-24;1176,91;1161,05;1176,91;;1;13786343468;
2013-04-23;1172,79;1143,83;1172,79;;1;15913451594;
2013-04-22;1158,29;1142,81;1143,30;;1;11066371333;
2013-04-19;1153,99;1143,46;1147,31;;1;9646317512;
2013-04-18;1155,47;1140,69;1146,65;;1;11335931526;
2013-04-17;1171,06;1146,52;1147,48;;1;15025223313;
2013-04-16;1177,20;1164,40;1167,48;;1;10360262773;
2013-04-15;1186,94;1168,57;1177,61;;1;10031923856;
2013-04-12;1192,40;1183,34;1185,33;;1;9099142855;
2013-04-11;1197,37;1190,44;1195,53;;1;8508031494;
2013-04-10;1194,67;1175,73;1193,66;;1;11215994188;
2013-04-09;1178,40;1169,38;1175,62;;1;9168836394;
2013-04-08;1177,83;1162,09;1164,85;;1;7838709549;
2013-04-05;1184,80;1162,07;1168,79;;1;11215574691;
2013-04-04;1201,46;1179,82;1183,01;;1;11101903992;
2013-04-03;1210,36;1201,01;1203,38;;1;9325982516;
2013-04-02;1211,25;1200,90;1210,08;;1;9890690328;
2013-03-28;1203,44;1192,75;1201,19;;1;5508011130;
2013-03-27;1200,20;1185,06;1194,49;;1;8881305547;
2013-03-26;1199,91;1192,35;1194,99;;1;8971819902;
2013-03-25;1206,78;1191,50;1195,58;;1;10126959102;
2013-03-22;1196,98;1179,75;1196,43;;1;10652064240;
2013-03-21;1198,48;1183,63;1187,72;;1;11497486163;
2013-03-20;1205,83;1198,05;1203,10;;1;10722847159;
2013-03-19;1210,19;1195,39;1195,98;;1;15122960276;
2013-03-18;1211,85;1194,83;1209,67;;1;10167847648;
2013-03-15;1218,99;1213,82;1217,35;;1;13630344726;
2013-03-14;1222,80;1214,88;1221,85;;1;9102403946;
2013-03-13;1211,47;1202,99;1210,89;;1;8358510001;
2013-03-12;1219,50;1208,30;1208,52;;1;10821333923;
2013-03-11;1218,28;1212,10;1218,08;;1;6212394339;
2013-03-08;1219,83;1211,40;1215,14;;1;8894321157;
2013-03-07;1213,33;1206,07;1208,09;;1;9984751480;
2013-03-06;1221,00;1208,10;1208,39;;1;9333840437;
2013-03-05;1219,22;1208,55;1217,41;;1;10791005057;
2013-03-04;1203,64;1190,37;1203,47;;1;7590414094;
2013-03-01;1203,76;1189,77;1199,21;;1;8499119033;
2013-02-28;1200,00;1192,52;1199,40;;1;9262152865;
2013-02-27;1194,13;1178,53;1194,07;;1;7965258966;
2013-02-26;1191,67;1180,76;1180,90;;1;10448270293;
2013-02-25;1212,32;1197,90;1199,44;;1;9459687168;
2013-02-22;1207,36;1191,26;1205,10;;1;9710500017;
2013-02-21;1195,14;1184,56;1188,95;;1;9975605576;
2013-02-20;1201,28;1191,68;1200,54;;1;10934123205;
2013-02-19;1193,80;1183,79;1193,77;;1;9315262225;
2013-02-18;1186,45;1181,09;1185,98;;1;6548373703;
2013-02-15;1187,52;1180,56;1183,43;;1;9244967136;
2013-02-14;1184,55;1176,98;1182,91;;1;11380348456;
2013-02-13;1186,02;1176,64;1185,46;;1;9486472812;
2013-02-12;1176,68;1166,37;1175,98;;1;8098384393;
2013-02-11;1176,28;1166,26;1171,01;;1;8978090410;
2013-02-08;1175,64;1165,52;1175,05;;1;10207373457;
2013-02-07;1177,06;1163,65;1165,71;;1;10670488428;
2013-02-06;1181,03;1168,67;1174,79;;1;14462086756;
2013-02-05;1175,54;1156,82;1175,54;;1;11965493749;
2013-02-04;1177,41;1160,48;1161,19;;1;11626030945;
2013-02-01;1178,87;1167,53;1176,11;;1;13060699543;
2013-01-31;1182,12;1168,25;1169,17;;1;17311793923;
2013-01-30;1173,38;1162,97;1173,38;;1;15802347932;
2013-01-29;1161,97;1155,74;1161,97;;1;8603969124;
2013-01-28;1162,49;1157,66;1160,25;;1;9539287663;
2013-01-25;1158,50;1144,71;1158,50;;1;9238356363;
2013-01-24;1146,93;1137,84;1146,93;;1;10779232684;
2013-01-23;1141,99;1136,75;1140,82;;1;9032492768;
2013-01-22;1142,96;1135,33;1139,15;;1;8946618244;
2013-01-21;1143,63;1135,01;1143,09;;1;7680613641;
2013-01-18;1141,17;1133,46;1135,02;;1;7910545112;
2013-01-17;1137,73;1129,44;1136,20;;1;9410221435;
2013-01-16;1130,65;1123,74;1130,62;;1;7435926568;
2013-01-15;1133,97;1125,39;1127,51;;1;11286812586;
2013-01-14;1138,07;1130,78;1132,84;;1;7817484120;
2013-01-11;1132,28;1126,66;1132,28;;1;8884670122;
2013-01-10;1131,27;1125,40;1126,87;;1;10666523218;
2013-01-09;1128,66;1118,98;1127,67;;1;7908749911;
2013-01-08;1133,28;1124,32;1125,39;;1;7779880185;
2013-01-07;1137,37;1130,13;1130,13;;1;7778813073;
2013-01-04;1136,77;1126,38;1136,77;;1;6609913295;
2013-01-03;1130,89;1126,10;1130,40;;1;6090218161;
2013-01-02;1129,96;1116,62;1129,96;;1;7805855614;
2012-12-28;1114,00;1104,69;1104,73;;1;7067175076