Date,Close/Last,Open,High,Low
2016-01-01,5007.41,5047.04,5058.06,5007.01
2016-01-02,5007.41,5047.04,5058.06,5007.01
2016-01-03,5007.41,5047.04,5058.06,5007.01
2016-01-04,4903.09,4897.65,4903.09,4846.98
2016-01-05,4891.43,4917.84,4926.73,4872.74
2016-01-06,4835.76,4813.76,4866.04,4804.69
2016-01-07,4689.43,4736.4,4788.02,4688.17
2016-01-08,4643.63,4722.02,4742.57,4637.85
2016-01-09,4643.63,4722.02,4742.57,4637.85
2016-01-10,4643.63,4722.02,4742.57,4637.85
2016-01-11,4637.99,4673.44,4683.02,4573.78
2016-01-12,4685.92,4681.54,4714.8,4618.03
2016-01-13,4526.06,4706.02,4713.98,4517.56
2016-01-14,4615.0,4545.37,4650.55,4470.59
2016-01-15,4488.42,4464.37,4520.45,4419.41
2016-01-16,4488.42,4464.37,4520.45,4419.41
2016-01-17,4488.42,4464.37,4520.45,4419.41
2016-01-18,4488.42,4464.37,4520.45,4419.41
2016-01-19,4476.95,4548.05,4550.57,4430.77
2016-01-20,4471.69,4405.22,4514.92,4313.39
2016-01-21,4472.06,4480.7,4537.15,4432.02
2016-01-22,4591.18,4557.39,4591.18,4540.27
2016-01-23,4591.18,4557.39,4591.18,4540.27
2016-01-24,4591.18,4557.39,4591.18,4540.27
2016-01-25,4518.49,4574.59,4590.44,4514.78
2016-01-26,4567.67,4537.04,4583.21,4503.53
2016-01-27,4468.17,4548.87,4568.85,4450.83
2016-01-28,4506.68,4533.81,4533.81,4447.5
2016-01-29,4613.95,4512.09,4613.95,4511.3
2016-01-30,4613.95,4512.09,4613.95,4511.3
2016-01-31,4613.95,4512.09,4613.95,4511.3
2016-02-01,4620.37,4587.59,4636.93,4565.37
2016-02-02,4516.95,4588.69,4589.9,4503.12
2016-02-03,4504.24,4543.82,4547.32,4424.47
2016-02-04,4509.56,4492.48,4545.52,4463.99
2016-02-05,4363.14,4491.48,4493.19,4350.37
2016-02-06,4363.14,4491.48,4493.19,4350.37
2016-02-07,4363.14,4491.48,4493.19,4350.37
2016-02-08,4283.75,4288.02,4301.53,4212.81
2016-02-09,4268.76,4224.87,4329.61,4222.48
2016-02-10,4283.59,4318.28,4369.62,4280.73
2016-02-11,4266.84,4218.81,4293.22,4209.76
2016-02-12,4337.51,4307.29,4340.13,4274.15
2016-02-13,4337.51,4307.29,4340.13,4274.15
2016-02-14,4337.51,4307.29,4340.13,4274.15
2016-02-15,4337.51,4307.29,4340.13,4274.15
2016-02-16,4435.96,4397.95,4435.96,4376.52
2016-02-17,4534.06,4471.66,4540.78,4463.51
2016-02-18,4487.54,4548.1,4548.47,4482.77
2016-02-19,4504.43,4464.67,4513.15,4455.1
2016-02-20,4504.43,4464.67,4513.15,4455.1
2016-02-21,4504.43,4464.67,4513.15,4455.1
2016-02-22,4570.61,4548.31,4576.47,4546.55
2016-02-23,4503.58,4550.05,4558.06,4500.94
2016-02-24,4542.61,4453.93,4547.64,4425.72
2016-02-25,4582.2,4554.73,4582.2,4516.89
2016-02-26,4590.47,4615.14,4618.85,4580.78
2016-02-27,4590.47,4615.14,4618.85,4580.78
2016-02-28,4590.47,4615.14,4618.85,4580.78
2016-02-29,4557.95,4585.3,4619.9,4557.46
2016-03-01,4689.6,4596.01,4689.6,4581.75
2016-03-02,4703.42,4683.8,4703.58,4665.93
2016-03-03,4707.42,4698.38,4707.72,4674.46
2016-03-04,4717.02,4715.76,4746.65,4687.94
2016-03-05,4717.02,4715.76,4746.65,4687.94
2016-03-06,4717.02,4715.76,4746.65,4687.94
2016-03-07,4708.25,4690.88,4731.19,4674.82
2016-03-08,4648.82,4676.22,4695.04,4642.86
2016-03-09,4674.38,4666.42,4676.47,4642.42
2016-03-10,4662.16,4691.2,4716.14,4607.99
2016-03-11,4748.47,4712.38,4748.79,4700.91
2016-03-12,4748.47,4712.38,4748.79,4700.91
2016-03-13,4748.47,4712.38,4748.79,4700.91
2016-03-14,4750.28,4733.39,4762.27,4731.51
2016-03-15,4728.67,4731.14,4735.27,4712.07
2016-03-16,4763.97,4717.88,4774.78,4716.45
2016-03-17,4774.99,4752.62,4788.09,4737.97
2016-03-18,4795.65,4784.63,4804.58,4772.41
2016-03-19,4795.65,4784.63,4804.58,4772.41
2016-03-20,4795.65,4784.63,4804.58,4772.41
2016-03-21,4808.87,4787.31,4814.85,4785.38
2016-03-22,4821.66,4783.6,4835.6,4781.71
2016-03-23,4768.86,4813.87,4816.67,4765.37
2016-03-24,4773.5,4743.36,4773.5,4734.77
2016-03-25,4773.5,4743.36,4773.5,4734.77
2016-03-26,4773.5,4743.36,4773.5,4734.77
2016-03-27,4773.5,4743.36,4773.5,4734.77
2016-03-28,4766.79,4785.25,4787.39,4760.01
2016-03-29,4846.62,4756.55,4849.31,4749.78
2016-03-30,4869.29,4875.46,4899.14,4859.35
2016-03-31,4869.85,4869.57,4891.3,4864.41
2016-04-01,4914.54,4842.55,4917.09,4832.06
2016-04-02,4914.54,4842.55,4917.09,4832.06
2016-04-03,4914.54,4842.55,4917.09,4832.06
2016-04-04,4891.8,4911.21,4917.75,4885.17
2016-04-05,4843.93,4855.9,4872.7,4838.62
2016-04-06,4920.72,4849.58,4921.51,4849.28
2016-04-07,4848.37,4893.57,4901.49,4831.49
2016-04-08,4850.69,4883.99,4892.6,4835.36
2016-04-09,4850.69,4883.99,4892.6,4835.36
2016-04-10,4850.69,4883.99,4892.6,4835.36
2016-04-11,4833.4,4873.39,4897.55,4833.4
2016-04-12,4872.09,4838.82,4879.6,4808.91
2016-04-13,4947.42,4904.79,4951.91,4903.6
2016-04-14,4945.89,4947.62,4961.3,4931.81
2016-04-15,4938.22,4938.83,4950.43,4925.46
2016-04-16,4938.22,4938.83,4950.43,4925.46
2016-04-17,4938.22,4938.83,4950.43,4925.46
2016-04-18,4960.02,4919.36,4960.79,4915.63
2016-04-19,4940.33,4968.3,4968.67,4915.52
2016-04-20,4948.13,4941.99,4969.32,4928.29
2016-04-21,4945.89,4949.12,4966.61,4932.64
2016-04-22,4906.23,4898.24,4921.66,4872.02
2016-04-23,4906.23,4898.24,4921.66,4872.02
2016-04-24,4906.23,4898.24,4921.66,4872.02
2016-04-25,4895.79,4891.48,4904.87,4878.37
2016-04-26,4888.28,4903.81,4915.0,4875.42
2016-04-27,4863.14,4855.37,4872.91,4826.38
2016-04-28,4805.29,4857.6,4889.16,4796.32
2016-04-29,4775.36,4805.79,4807.89,4740.84
2016-04-30,4775.36,4805.79,4807.89,4740.84
2016-05-01,4775.36,4805.79,4807.89,4740.84
2016-05-02,4817.59,4786.55,4821.57,4768.28
2016-05-03,4763.22,4780.88,4791.43,4749.71
2016-05-04,4725.64,4735.28,4751.64,4713.91
2016-05-05,4717.09,4742.42,4744.55,4709.75
2016-05-06,4736.16,4695.9,4736.16,4684.28
2016-05-07,4736.16,4695.9,4736.16,4684.28
2016-05-08,4736.16,4695.9,4736.16,4684.28
2016-05-09,4750.21,4736.35,4771.94,4735.06
2016-05-10,4809.88,4768.91,4811.3,4758.2
2016-05-11,4760.69,4799.3,4812.19,4760.36
2016-05-12,4737.33,4778.19,4779.46,4710.17
2016-05-13,4717.68,4731.07,4759.29,4708.26
2016-05-14,4717.68,4731.07,4759.29,4708.26
2016-05-15,4717.68,4731.07,4759.29,4708.26
2016-05-16,4775.46,4728.86,4791.25,4724.73
2016-05-17,4715.73,4768.85,4776.15,4703.39
2016-05-18,4739.12,4705.78,4762.28,4704.49
2016-05-19,4712.53,4717.36,4735.27,4678.38
2016-05-20,4769.56,4729.44,4781.7,4729.0
2016-05-21,4769.56,4729.44,4781.7,4729.0
2016-05-22,4769.56,4729.44,4781.7,4729.0
2016-05-23,4765.78,4771.57,4792.64,4763.91
2016-05-24,4861.06,4792.85,4865.99,4792.63
2016-05-25,4894.89,4877.18,4905.45,4872.42
2016-05-26,4901.77,4897.78,4909.38,4887.27
2016-05-27,4933.5,4904.05,4933.5,4902.5
2016-05-28,4933.5,4904.05,4933.5,4902.5
2016-05-29,4933.5,4904.05,4933.5,4902.5
2016-05-30,4933.5,4904.05,4933.5,4902.5
2016-05-31,4948.05,4938.48,4951.45,4923.03
2016-06-01,4952.25,4928.97,4958.98,4923.2
2016-06-02,4971.36,4941.25,4971.36,4924.23
2016-06-03,4942.52,4958.1,4958.65,4909.21
2016-06-04,4942.52,4958.1,4958.65,4909.21
2016-06-05,4942.52,4958.1,4958.65,4909.21
2016-06-06,4968.71,4950.46,4980.14,4944.87
2016-06-07,4961.75,4972.13,4979.38,4960.28
2016-06-08,4974.64,4970.01,4979.66,4956.79
2016-06-09,4958.62,4954.15,4965.49,4940.55
2016-06-10,4894.55,4915.15,4917.92,4880.61
2016-06-11,4894.55,4915.15,4917.92,4880.61
2016-06-12,4894.55,4915.15,4917.92,4880.61
2016-06-13,4848.44,4868.51,4894.85,4844.94
2016-06-14,4843.55,4836.67,4863.01,4811.93
2016-06-15,4834.93,4855.08,4868.16,4830.33
2016-06-16,4844.91,4809.69,4847.86,4778.78
2016-06-17,4800.34,4835.02,4835.02,4792.34
2016-06-18,4800.34,4835.02,4835.02,4792.34
2016-06-19,4800.34,4835.02,4835.02,4792.34
2016-06-20,4837.21,4856.69,4882.15,4834.51
2016-06-21,4843.76,4845.08,4852.19,4826.59
2016-06-22,4833.32,4846.68,4875.93,4830.0
2016-06-23,4910.04,4872.19,4910.04,4859.4
2016-06-24,4707.98,4715.79,4798.22,4698.42
2016-06-25,4707.98,4715.79,4798.22,4698.42
2016-06-26,4707.98,4715.79,4798.22,4698.42
2016-06-27,4594.44,4664.43,4665.04,4574.25
2016-06-28,4691.87,4643.93,4692.98,4643.93
2016-06-29,4779.25,4732.93,4787.59,4732.34
2016-06-30,4842.67,4793.75,4843.11,4774.52
2016-07-01,4862.57,4837.18,4880.17,4837.17
2016-07-02,4862.57,4837.18,4880.17,4837.17
2016-07-03,4862.57,4837.18,4880.17,4837.17
2016-07-04,4862.57,4837.18,4880.17,4837.17
2016-07-05,4822.9,4837.06,4839.13,4797.29
2016-07-06,4859.16,4799.32,4861.05,4786.01
2016-07-07,4876.81,4867.47,4889.01,4853.68
2016-07-08,4956.76,4906.66,4959.0,4901.27
2016-07-09,4956.76,4906.66,4959.0,4901.27
2016-07-10,4956.76,4906.66,4959.0,4901.27
2016-07-11,4988.64,4976.54,5002.5,4976.54
2016-07-12,5022.82,5017.99,5032.1,5009.68
2016-07-13,5005.73,5036.32,5036.38,5002.82
2016-07-14,5034.06,5041.95,5045.18,5025.15
2016-07-15,5029.59,5041.19,5044.81,5018.52
2016-07-16,5029.59,5041.19,5044.81,5018.52
2016-07-17,5029.59,5041.19,5044.81,5018.52
2016-07-18,5055.78,5034.99,5063.53,5030.13
2016-07-19,5036.37,5038.22,5052.24,5028.24
2016-07-20,5089.93,5061.6,5098.25,5053.92
2016-07-21,5073.9,5093.97,5102.78,5061.11
2016-07-22,5100.16,5078.12,5103.52,5064.11
2016-07-23,5100.16,5078.12,5103.52,5064.11
2016-07-24,5100.16,5078.12,5103.52,5064.11
2016-07-25,5097.63,5096.99,5100.72,5082.66
2016-07-26,5110.05,5095.61,5122.3,5084.18
2016-07-27,5139.81,5143.84,5151.06,5120.66
2016-07-28,5154.98,5144.82,5160.16,5130.75
2016-07-29,5162.13,5162.15,5175.81,5140.05
2016-07-30,5162.13,5162.15,5175.81,5140.05
2016-07-31,5162.13,5162.15,5175.81,5140.05
2016-08-01,5184.2,5167.42,5199.13,5158.93
2016-08-02,5137.73,5177.53,5181.02,5109.8
2016-08-03,5159.74,5133.24,5159.74,5128.44
2016-08-04,5166.25,5158.02,5174.0,5145.39
2016-08-05,5221.12,5190.71,5227.23,5186.25
2016-08-06,5221.12,5190.71,5227.23,5186.25
2016-08-07,5221.12,5190.71,5227.23,5186.25
2016-08-08,5213.14,5223.54,5228.4,5202.18
2016-08-09,5225.48,5216.21,5238.54,5214.95
2016-08-10,5204.58,5227.95,5227.96,5193.8
2016-08-11,5228.4,5222.15,5235.29,5211.25
2016-08-12,5232.89,5219.66,5233.34,5215.54
2016-08-13,5232.89,5219.66,5233.34,5215.54
2016-08-14,5232.89,5219.66,5233.34,5215.54
2016-08-15,5262.02,5242.18,5271.36,5241.14
2016-08-16,5227.11,5247.96,5248.26,5226.78
2016-08-17,5228.66,5228.44,5230.09,5197.23
2016-08-18,5240.15,5226.45,5243.17,5221.84
2016-08-19,5238.38,5229.87,5245.81,5217.65
2016-08-20,5238.38,5229.87,5245.81,5217.65
2016-08-21,5238.38,5229.87,5245.81,5217.65
2016-08-22,5244.6,5231.46,5252.13,5224.63
2016-08-23,5260.08,5265.78,5275.74,5257.9
2016-08-24,5217.69,5254.42,5262.99,5205.64
2016-08-25,5212.2,5207.61,5230.59,5201.64
2016-08-26,5218.92,5219.05,5253.39,5191.86
2016-08-27,5218.92,5219.05,5253.39,5191.86
2016-08-28,5218.92,5219.05,5253.39,5191.86
2016-08-29,5232.33,5223.8,5245.12,5222.34
2016-08-30,5222.99,5229.88,5241.62,5205.61
2016-08-31,5213.22,5216.42,5219.89,5191.18
2016-09-01,5227.21,5218.28,5229.94,5189.36
2016-09-02,5249.9,5249.66,5263.39,5231.02
2016-09-03,5249.9,5249.66,5263.39,5231.02
2016-09-04,5249.9,5249.66,5263.39,5231.02
2016-09-05,5249.9,5249.66,5263.39,5231.02
2016-09-06,5275.91,5259.99,5275.91,5244.0
2016-09-07,5283.93,5274.23,5287.61,5261.92
2016-09-08,5259.48,5269.96,5271.01,5248.41
2016-09-09,5125.91,5217.95,5225.93,5125.91
2016-09-10,5125.91,5217.95,5225.93,5125.91
2016-09-11,5125.91,5217.95,5225.93,5125.91
2016-09-12,5211.89,5098.03,5217.88,5097.8
2016-09-13,5155.25,5181.14,5195.03,5131.27
2016-09-14,5173.77,5160.21,5201.34,5159.55
2016-09-15,5249.69,5178.1,5254.78,5176.25
2016-09-16,5244.57,5238.71,5248.6,5218.97
2016-09-17,5244.57,5238.71,5248.6,5218.97
2016-09-18,5244.57,5238.71,5248.6,5218.97
2016-09-19,5235.03,5263.55,5281.07,5222.91
2016-09-20,5241.35,5256.19,5265.18,5235.42
2016-09-21,5295.18,5263.65,5299.4,5233.94
2016-09-22,5339.52,5323.26,5342.88,5320.93
2016-09-23,5305.75,5327.43,5329.71,5301.63
2016-09-24,5305.75,5327.43,5329.71,5301.63
2016-09-25,5305.75,5327.43,5329.71,5301.63
2016-09-26,5257.49,5275.73,5282.27,5254.96
2016-09-27,5305.71,5254.18,5306.81,5251.32
2016-09-28,5318.55,5312.73,5320.62,5284.84
2016-09-29,5269.15,5311.31,5317.0,5254.52
2016-09-30,5312.0,5288.87,5325.88,5277.88
2016-10-01,5312.0,5288.87,5325.88,5277.88
2016-10-02,5312.0,5288.87,5325.88,5277.88
2016-10-03,5300.87,5300.29,5308.6,5281.95
2016-10-04,5289.66,5313.49,5323.6,5271.7
2016-10-05,5316.02,5305.28,5330.81,5304.06
2016-10-06,5306.85,5306.59,5315.73,5281.47
2016-10-07,5292.4,5314.92,5315.65,5266.8
2016-10-08,5292.4,5314.92,5315.65,5266.8
2016-10-09,5292.4,5314.92,5315.65,5266.8
2016-10-10,5328.67,5318.46,5340.52,5317.73
2016-10-11,5246.79,5321.82,5321.82,5227.43
2016-10-12,5239.02,5247.91,5257.18,5228.77
2016-10-13,5213.33,5200.3,5228.26,5169.76
2016-10-14,5214.16,5241.26,5258.88,5213.37
2016-10-15,5214.16,5241.26,5258.88,5213.37
2016-10-16,5214.16,5241.26,5258.88,5213.37
2016-10-17,5199.82,5213.69,5219.98,5196.03
2016-10-18,5243.84,5255.32,5264.27,5239.44
2016-10-19,5246.41,5240.33,5253.83,5234.25
2016-10-20,5241.83,5238.2,5252.1,5216.04
2016-10-21,5257.4,5238.65,5259.13,5225.76
2016-10-22,5257.4,5238.65,5259.13,5225.76
2016-10-23,5257.4,5238.65,5259.13,5225.76
2016-10-24,5309.83,5290.31,5311.5,5289.23
2016-10-25,5283.4,5306.47,5310.27,5278.57
2016-10-26,5250.27,5256.4,5280.85,5237.05
2016-10-27,5215.97,5272.19,5274.12,5211.75
2016-10-28,5190.1,5203.7,5232.35,5178.76
2016-10-29,5190.1,5203.7,5232.35,5178.76
2016-10-30,5190.1,5203.7,5232.35,5178.76
2016-10-31,5189.13,5205.09,5206.7,5186.56
2016-11-01,5153.58,5199.77,5201.13,5112.32
2016-11-02,5105.57,5147.28,5156.7,5097.56
2016-11-03,5058.41,5104.7,5115.06,5053.52
2016-11-04,5046.37,5034.41,5087.51,5034.41
2016-11-05,5046.37,5034.41,5087.51,5034.41
2016-11-06,5046.37,5034.41,5087.51,5034.41
2016-11-07,5166.17,5128.99,5169.41,5122.77
2016-11-08,5193.49,5154.99,5214.17,5145.3
2016-11-09,5251.07,5143.86,5258.99,5143.86
2016-11-10,5208.8,5283.48,5302.68,5145.32
2016-11-11,5237.11,5191.82,5241.08,5179.64
2016-11-12,5237.11,5191.82,5241.08,5179.64
2016-11-13,5237.11,5191.82,5241.08,5179.64
2016-11-14,5218.4,5246.33,5247.17,5192.04
2016-11-15,5275.62,5241.35,5287.06,5236.25
2016-11-16,5294.58,5253.74,5299.63,5251.88
2016-11-17,5333.97,5295.07,5334.05,5288.16
2016-11-18,5321.51,5340.97,5346.8,5315.53
2016-11-19,5321.51,5340.97,5346.8,5315.53
2016-11-20,5321.51,5340.97,5346.8,5315.53
2016-11-21,5368.86,5336.78,5369.83,5334.16
2016-11-22,5386.35,5384.75,5392.26,5365.6
2016-11-23,5380.68,5366.55,5380.68,5350.68
2016-11-24,5380.68,5366.55,5380.68,5350.68
2016-11-25,5398.92,5388.49,5398.92,5379.28
2016-11-26,5398.92,5388.49,5398.92,5379.28
2016-11-27,5398.92,5388.49,5398.92,5379.28
2016-11-28,5368.81,5387.92,5396.27,5364.91
2016-11-29,5379.92,5370.98,5403.86,5360.56
2016-11-30,5323.68,5391.35,5393.15,5323.68
2016-12-01,5251.11,5323.88,5326.34,5238.21
2016-12-02,5255.65,5249.02,5274.54,5239.27
2016-12-03,5255.65,5249.02,5274.54,5239.27
2016-12-04,5255.65,5249.02,5274.54,5239.27
2016-12-05,5308.89,5283.58,5321.09,5269.57
2016-12-06,5333.0,5317.74,5333.99,5299.94
2016-12-07,5393.76,5322.67,5397.93,5307.31
2016-12-08,5417.36,5394.15,5425.52,5389.1
2016-12-09,5444.5,5436.11,5450.16,5427.12
2016-12-10,5444.5,5436.11,5450.16,5427.12
2016-12-11,5444.5,5436.11,5450.16,5427.12
2016-12-12,5412.54,5428.22,5434.9,5394.42
2016-12-13,5463.83,5433.57,5486.75,5430.72
2016-12-14,5436.67,5465.69,5476.25,5425.73
2016-12-15,5456.85,5443.51,5485.12,5439.39
2016-12-16,5437.16,5467.82,5474.58,5426.01
2016-12-17,5437.16,5467.82,5474.58,5426.01
2016-12-18,5437.16,5467.82,5474.58,5426.01
2016-12-19,5457.44,5441.2,5483.42,5436.54
2016-12-20,5483.94,5473.53,5489.47,5471.71
2016-12-21,5471.43,5482.63,5486.26,5465.31
2016-12-22,5447.42,5472.01,5472.01,5432.77
2016-12-23,5462.69,5441.76,5462.69,5441.76
2016-12-24,5462.69,5441.76,5462.69,5441.76
2016-12-25,5462.69,5441.76,5462.69,5441.76
2016-12-26,5462.69,5441.76,5462.69,5441.76
2016-12-27,5487.44,5470.76,5512.37,5469.61
2016-12-28,5438.56,5497.44,5498.91,5434.7
2016-12-29,5432.09,5437.51,5450.63,5415.18
2016-12-30,5383.12,5440.17,5441.9,5371.89
2016-12-31,5383.12,5440.17,5441.9,5371.89
2017-01-01,5383.12,5440.17,5441.9,5371.89
2017-01-02,5383.12,5440.17,5441.9,5371.89
2017-01-03,5429.08,5425.62,5452.57,5397.99
2017-01-04,5477.0,5440.91,5482.35,5440.24
2017-01-05,5487.94,5474.39,5495.85,5464.36
2017-01-06,5521.06,5499.08,5536.52,5482.81
2017-01-07,5521.06,5499.08,5536.52,5482.81
2017-01-08,5521.06,5499.08,5536.52,5482.81
2017-01-09,5531.82,5527.58,5541.08,5517.14
2017-01-10,5551.82,5536.54,5564.25,5528.11
2017-01-11,5563.65,5550.72,5564.08,5524.03
2017-01-12,5547.49,5542.56,5550.67,5496.82
2017-01-13,5574.12,5557.57,5584.26,5557.2
2017-01-14,5574.12,5557.57,5584.26,5557.2
2017-01-15,5574.12,5557.57,5584.26,5557.2
2017-01-16,5574.12,5557.57,5584.26,5557.2
2017-01-17,5538.73,5555.16,5557.05,5527.22
2017-01-18,5555.65,5546.94,5555.98,5534.77
2017-01-19,5540.08,5560.61,5571.53,5528.37
2017-01-20,5555.33,5556.87,5574.35,5542.23
2017-01-21,5555.33,5556.87,5574.35,5542.23
2017-01-22,5555.33,5556.87,5574.35,5542.23
2017-01-23,5552.94,5546.64,5564.14,5522.69
2017-01-24,5600.96,5568.27,5606.53,5558.49
2017-01-25,5656.34,5635.86,5658.59,5634.33
2017-01-26,5655.18,5666.28,5669.61,5647.65
2017-01-27,5660.78,5664.88,5667.45,5643.9
2017-01-28,5660.78,5664.88,5667.45,5643.9
2017-01-29,5660.78,5664.88,5667.45,5643.9
2017-01-30,5613.71,5635.86,5636.09,5578.76
2017-01-31,5614.79,5592.87,5615.15,5576.09
2017-02-01,5642.65,5654.51,5662.11,5621.03
2017-02-02,5636.2,5627.15,5656.01,5616.4
2017-02-03,5666.77,5650.73,5666.84,5647.58
2017-02-04,5666.77,5650.73,5666.84,5647.58
2017-02-05,5666.77,5650.73,5666.84,5647.58
2017-02-06,5663.55,5656.95,5668.2,5650.26
2017-02-07,5674.22,5674.86,5689.6,5664.82
2017-02-08,5682.45,5662.95,5686.96,5649.39
2017-02-09,5715.18,5688.02,5722.71,5685.15
2017-02-10,5734.13,5726.17,5743.43,5717.42
2017-02-11,5734.13,5726.17,5743.43,5717.42
2017-02-12,5734.13,5726.17,5743.43,5717.42
2017-02-13,5763.96,5753.19,5770.99,5751.92
2017-02-14,5782.57,5756.51,5783.09,5748.74
2017-02-15,5819.44,5777.9,5821.95,5776.7
2017-02-16,5814.9,5823.01,5835.15,5796.71
2017-02-17,5838.58,5807.31,5838.58,5800.8
2017-02-18,5838.58,5807.31,5838.58,5800.8
2017-02-19,5838.58,5807.31,5838.58,5800.8
2017-02-20,5838.58,5807.31,5838.58,5800.8
2017-02-21,5865.95,5850.2,5867.89,5847.5
2017-02-22,5860.63,5857.56,5864.41,5848.28
2017-02-23,5835.51,5866.82,5866.96,5809.55
2017-02-24,5845.31,5802.33,5845.31,5800.55
2017-02-25,5845.31,5802.33,5845.31,5800.55
2017-02-26,5845.31,5802.33,5845.31,5800.55
2017-02-27,5861.9,5835.04,5861.9,5827.0
2017-02-28,5825.44,5852.79,5855.07,5817.22
2017-03-01,5904.03,5874.86,5911.79,5865.79
2017-03-02,5861.22,5897.01,5897.01,5856.3
2017-03-03,5870.75,5854.27,5870.75,5841.47
2017-03-04,5870.75,5854.27,5870.75,5841.47
2017-03-05,5870.75,5854.27,5870.75,5841.47
2017-03-06,5849.17,5846.42,5857.74,5827.46
2017-03-07,5833.93,5836.12,5859.77,5826.32
2017-03-08,5837.55,5838.44,5860.63,5832.63
2017-03-09,5838.81,5834.67,5852.54,5812.08
2017-03-10,5861.73,5867.16,5872.6,5835.44
2017-03-11,5861.73,5867.16,5872.6,5835.44
2017-03-12,5861.73,5867.16,5872.6,5835.44
2017-03-13,5875.78,5863.48,5877.43,5860.83
2017-03-14,5856.82,5860.07,5860.5,5831.88
2017-03-15,5900.05,5869.97,5911.2,5858.16
2017-03-16,5900.76,5907.86,5911.48,5887.24
2017-03-17,5901.0,5898.58,5912.61,5890.42
2017-03-18,5901.0,5898.58,5912.61,5890.42
2017-03-19,5901.0,5898.58,5912.61,5890.42
2017-03-20,5901.53,5898.81,5915.12,5888.12
2017-03-21,5793.83,5923.42,5928.06,5790.73
2017-03-22,5821.64,5790.59,5825.67,5781.8
2017-03-23,5817.69,5812.31,5842.82,5806.98
2017-03-24,5828.74,5839.33,5858.95,5807.83
2017-03-25,5828.74,5839.33,5858.95,5807.83
2017-03-26,5828.74,5839.33,5858.95,5807.83
2017-03-27,5840.37,5776.33,5849.2,5769.39
2017-03-28,5875.14,5836.5,5888.7,5828.86
2017-03-29,5897.55,5875.35,5900.87,5870.93
2017-03-30,5914.34,5896.15,5916.77,5894.0
2017-03-31,5911.74,5905.63,5927.81,5901.77
2017-04-01,5911.74,5905.63,5927.81,5901.77
2017-04-02,5911.74,5905.63,5927.81,5901.77
2017-04-03,5894.68,5917.32,5928.93,5867.73
2017-04-04,5898.61,5878.76,5901.39,5878.76
2017-04-05,5864.48,5911.92,5936.39,5856.26
2017-04-06,5878.95,5870.52,5889.58,5856.22
2017-04-07,5877.81,5873.94,5892.07,5855.51
2017-04-08,5877.81,5873.94,5892.07,5855.51
2017-04-09,5877.81,5873.94,5892.07,5855.51
2017-04-10,5880.93,5883.43,5907.85,5865.56
2017-04-11,5866.77,5871.16,5878.94,5819.29
2017-04-12,5836.16,5863.59,5868.09,5830.44
2017-04-13,5805.15,5828.37,5856.54,5805.15
2017-04-14,5805.15,5828.37,5856.54,5805.15
2017-04-15,5805.15,5828.37,5856.54,5805.15
2017-04-16,5805.15,5828.37,5856.54,5805.15
2017-04-17,5856.79,5821.55,5856.79,5818.2
2017-04-18,5849.47,5838.59,5860.04,5828.57
2017-04-19,5863.03,5874.43,5894.67,5856.34
2017-04-20,5916.78,5887.87,5926.23,5880.2
2017-04-21,5910.52,5919.02,5919.23,5899.43
2017-04-22,5910.52,5919.02,5919.23,5899.43
2017-04-23,5910.52,5919.02,5919.23,5899.43
2017-04-24,5983.82,5979.96,5989.92,5970.25
2017-04-25,6025.49,6004.16,6036.02,6002.65
2017-04-26,6025.23,6028.12,6040.89,6021.72
2017-04-27,6048.94,6038.47,6050.7,6031.59
2017-04-28,6047.61,6072.87,6074.04,6040.71
2017-04-29,6047.61,6072.87,6074.04,6040.71
2017-04-30,6047.61,6072.87,6074.04,6040.71
2017-05-01,6091.6,6067.56,6100.73,6061.35
2017-05-02,6095.37,6102.51,6102.72,6081.56
2017-05-03,6072.55,6075.04,6076.96,6053.28
2017-05-04,6075.34,6075.06,6080.82,6054.33
2017-05-05,6100.76,6091.69,6100.76,6067.16
2017-05-06,6100.76,6091.69,6100.76,6067.16
2017-05-07,6100.76,6091.69,6100.76,6067.16
2017-05-08,6102.66,6100.66,6106.12,6083.06
2017-05-09,6120.59,6111.82,6133.0,6107.59
2017-05-10,6129.14,6121.64,6131.64,6103.87
2017-05-11,6115.96,6110.05,6120.2,6075.68
2017-05-12,6121.23,6119.27,6122.84,6105.42
2017-05-13,6121.23,6119.27,6122.84,6105.42
2017-05-14,6121.23,6119.27,6122.84,6105.42
2017-05-15,6149.67,6128.11,6153.04,6124.79
2017-05-16,6169.87,6160.52,6170.16,6139.1
2017-05-17,6011.24,6108.62,6122.87,6009.48
2017-05-18,6055.13,5998.46,6073.45,5996.81
2017-05-19,6083.7,6070.23,6106.55,6070.23
2017-05-20,6083.7,6070.23,6106.55,6070.23
2017-05-21,6083.7,6070.23,6106.55,6070.23
2017-05-22,6133.62,6098.25,6135.92,6097.24
2017-05-23,6138.71,6149.55,6150.91,6121.79
2017-05-24,6163.02,6154.18,6166.09,6139.33
2017-05-25,6205.26,6183.02,6217.34,6174.52
2017-05-26,6210.19,6207.04,6211.52,6196.66
2017-05-27,6210.19,6207.04,6211.52,6196.66
2017-05-28,6210.19,6207.04,6211.52,6196.66
2017-05-29,6210.19,6207.04,6211.52,6196.66
2017-05-30,6203.19,6204.18,6217.13,6200.41
2017-05-31,6198.52,6221.63,6221.99,6164.07
2017-06-01,6246.83,6215.91,6247.07,6200.45
2017-06-02,6305.8,6261.59,6308.76,6253.77
2017-06-03,6305.8,6261.59,6308.76,6253.77
2017-06-04,6305.8,6261.59,6308.76,6253.77
2017-06-05,6295.68,6305.47,6310.62,6292.14
2017-06-06,6275.06,6281.88,6304.21,6269.86
2017-06-07,6297.38,6290.44,6302.78,6267.18
2017-06-08,6321.76,6311.73,6324.06,6282.93
2017-06-09,6207.92,6330.25,6341.7,6137.68
2017-06-10,6207.92,6330.25,6341.7,6137.68
2017-06-11,6207.92,6330.25,6341.7,6137.68
2017-06-12,6175.46,6153.56,6183.81,6110.66
2017-06-13,6220.37,6206.12,6226.41,6180.04
2017-06-14,6194.89,6237.46,6237.53,6153.55
2017-06-15,6165.5,6127.05,6170.15,6107.85
2017-06-16,6151.76,6154.28,6161.56,6125.5
2017-06-17,6151.76,6154.28,6161.56,6125.5
2017-06-18,6151.76,6154.28,6161.56,6125.5
2017-06-19,6239.01,6196.85,6243.31,6194.0
2017-06-20,6188.03,6229.62,6234.01,6186.94
2017-06-21,6233.95,6202.75,6236.66,6200.86
2017-06-22,6236.69,6239.15,6257.68,6221.96
2017-06-23,6265.25,6234.35,6269.37,6218.78
2017-06-24,6265.25,6234.35,6269.37,6218.78
2017-06-25,6265.25,6234.35,6269.37,6218.78
2017-06-26,6247.15,6292.73,6303.45,6233.43
2017-06-27,6146.62,6227.9,6234.32,6146.62
2017-06-28,6234.41,6173.1,6238.29,6144.8
2017-06-29,6144.35,6215.49,6216.6,6087.81
2017-06-30,6140.42,6166.84,6170.63,6129.04
2017-07-01,6140.42,6166.84,6170.63,6129.04
2017-07-02,6140.42,6166.84,6170.63,6129.04
2017-07-03,6110.06,6173.29,6177.36,6106.12
2017-07-04,6110.06,6173.29,6177.36,6106.12
2017-07-05,6150.86,6122.06,6163.62,6100.42
2017-07-06,6089.46,6109.6,6127.98,6081.96
2017-07-07,6153.08,6111.21,6164.94,6111.21
2017-07-08,6153.08,6111.21,6164.94,6111.21
2017-07-09,6153.08,6111.21,6164.94,6111.21
2017-07-10,6176.39,6156.03,6191.27,6141.83
2017-07-11,6193.3,6171.25,6200.58,6149.87
2017-07-12,6261.17,6238.9,6265.64,6236.82
2017-07-13,6274.44,6269.1,6281.45,6251.26
2017-07-14,6312.47,6289.08,6321.76,6278.7
2017-07-15,6312.47,6289.08,6321.76,6278.7
2017-07-16,6312.47,6289.08,6321.76,6278.7
2017-07-17,6314.43,6320.35,6330.97,6307.34
2017-07-18,6344.31,6304.82,6344.55,6291.07
2017-07-19,6385.04,6363.24,6387.73,6362.19
2017-07-20,6390.0,6396.46,6398.26,6365.68
2017-07-21,6387.75,6383.05,6388.78,6365.12
2017-07-22,6387.75,6383.05,6388.78,6365.12
2017-07-23,6387.75,6383.05,6388.78,6365.12
2017-07-24,6410.81,6387.82,6417.7,6380.61
2017-07-25,6412.17,6407.59,6425.45,6396.87
2017-07-26,6422.75,6425.93,6432.38,6416.3
2017-07-27,6382.19,6459.76,6460.84,6318.62
2017-07-28,6374.68,6350.27,6379.7,6337.22
2017-07-29,6374.68,6350.27,6379.7,6337.22
2017-07-30,6374.68,6350.27,6379.7,6337.22
2017-07-31,6348.12,6394.69,6396.59,6338.79
2017-08-01,6362.94,6372.16,6375.75,6345.75
2017-08-02,6362.65,6393.1,6394.21,6313.43
2017-08-03,6340.34,6366.24,6368.53,6331.14
2017-08-04,6351.56,6350.79,6361.49,6329.73
2017-08-05,6351.56,6350.79,6361.49,6329.73
2017-08-06,6351.56,6350.79,6361.49,6329.73
2017-08-07,6383.77,6361.06,6386.03,6356.23
2017-08-08,6370.46,6373.33,6423.35,6355.88
2017-08-09,6352.33,6322.92,6355.04,6309.44
2017-08-10,6216.87,6312.65,6318.28,6214.41
2017-08-11,6256.56,6222.18,6266.89,6216.19
2017-08-12,6256.56,6222.18,6266.89,6216.19
2017-08-13,6256.56,6222.18,6266.89,6216.19
2017-08-14,6340.23,6306.11,6346.83,6305.55
2017-08-15,6333.01,6350.51,6350.74,6324.75
2017-08-16,6345.11,6348.11,6374.56,6330.27
2017-08-17,6221.91,6322.72,6334.23,6221.91
2017-08-18,6216.53,6222.46,6254.22,6193.38
2017-08-19,6216.53,6222.46,6254.22,6193.38
2017-08-20,6216.53,6222.46,6254.22,6193.38
2017-08-21,6213.13,6216.32,6226.93,6177.19
2017-08-22,6297.48,6241.21,6302.84,6241.21
2017-08-23,6278.41,6263.47,6291.3,6263.29
2017-08-24,6271.33,6294.82,6302.85,6244.57
2017-08-25,6265.64,6293.81,6308.72,6257.1
2017-08-26,6265.64,6293.81,6308.72,6257.1
2017-08-27,6265.64,6293.81,6308.72,6257.1
2017-08-28,6283.02,6286.01,6292.26,6267.85
2017-08-29,6301.89,6228.9,6311.26,6228.73
2017-08-30,6368.31,6308.68,6374.47,6303.57
2017-08-31,6428.66,6385.8,6435.27,6383.58
2017-09-01,6435.33,6442.17,6449.65,6417.87
2017-09-02,6435.33,6442.17,6449.65,6417.87
2017-09-03,6435.33,6442.17,6449.65,6417.87
2017-09-04,6435.33,6442.17,6449.65,6417.87
2017-09-05,6375.57,6414.82,6426.51,6334.59
2017-09-06,6393.31,6394.35,6407.4,6356.2
2017-09-07,6397.87,6402.94,6413.07,6379.81
2017-09-08,6360.19,6389.65,6391.41,6354.96
2017-09-09,6360.19,6389.65,6391.41,6354.96
2017-09-10,6360.19,6389.65,6391.41,6354.96
2017-09-11,6432.26,6411.18,6439.11,6410.71
2017-09-12,6454.28,6448.81,6455.02,6429.54
2017-09-13,6460.19,6440.72,6460.42,6433.2
2017-09-14,6429.08,6439.46,6455.32,6424.04
2017-09-15,6448.47,6426.16,6464.27,6419.65
2017-09-16,6448.47,6426.16,6464.27,6419.65
2017-09-17,6448.47,6426.16,6464.27,6419.65
2017-09-18,6454.64,6460.1,6477.77,6438.41
2017-09-19,6461.32,6465.57,6467.79,6446.75
2017-09-20,6456.04,6459.74,6466.05,6414.23
2017-09-21,6422.69,6448.57,6448.57,6405.3
2017-09-22,6426.92,6401.44,6429.54,6400.81
2017-09-23,6426.92,6401.44,6429.54,6400.81
2017-09-24,6426.92,6401.44,6429.54,6400.81
2017-09-25,6370.59,6403.11,6408.05,6343.96
2017-09-26,6380.16,6391.85,6405.0,6364.57
2017-09-27,6453.26,6414.37,6472.65,6405.36
2017-09-28,6453.45,6437.96,6456.23,6427.66
2017-09-29,6495.96,6461.28,6497.98,6454.86
2017-09-30,6495.96,6461.28,6497.98,6454.86
2017-10-01,6495.96,6461.28,6497.98,6454.86
2017-10-02,6516.72,6506.08,6527.22,6484.14
2017-10-03,6531.71,6523.74,6532.18,6509.71
2017-10-04,6534.63,6521.96,6546.46,6513.12
2017-10-05,6585.36,6552.87,6587.21,6547.65
2017-10-06,6590.18,6566.95,6590.18,6566.84
2017-10-07,6590.18,6566.95,6590.18,6566.84
2017-10-08,6590.18,6566.95,6590.18,6566.84
2017-10-09,6579.73,6597.37,6599.34,6572.44
2017-10-10,6587.25,6602.49,6608.3,6561.78
2017-10-11,6603.55,6586.73,6604.21,6577.99
2017-10-12,6591.51,6594.76,6613.5,6586.32
2017-10-13,6605.8,6613.21,6616.58,6602.2
2017-10-14,6605.8,6613.21,6616.58,6602.2
2017-10-15,6605.8,6613.21,6616.58,6602.2
2017-10-16,6624.0,6622.55,6632.5,6607.03
2017-10-17,6623.66,6621.42,6628.6,6613.21
2017-10-18,6624.22,6634.26,6635.52,6613.55
2017-10-19,6605.07,6583.7,6605.29,6558.53
2017-10-20,6629.05,6633.37,6640.03,6622.92
2017-10-21,6629.05,6633.37,6640.03,6622.92
2017-10-22,6629.05,6633.37,6640.03,6622.92
2017-10-23,6586.83,6641.57,6641.57,6581.15
2017-10-24,6598.43,6598.6,6611.9,6582.06
2017-10-25,6563.89,6587.22,6600.64,6517.93
2017-10-26,6556.77,6567.59,6582.76,6550.03
2017-10-27,6701.26,6635.03,6708.13,6625.78
2017-10-28,6701.26,6635.03,6708.13,6625.78
2017-10-29,6701.26,6635.03,6708.13,6625.78
2017-10-30,6698.96,6693.77,6727.39,6677.15
2017-10-31,6727.67,6713.71,6737.75,6705.79
2017-11-01,6716.53,6758.64,6759.66,6691.48
2017-11-02,6714.94,6709.39,6719.97,6677.55
2017-11-03,6764.44,6737.09,6765.14,6712.93
2017-11-04,6764.44,6737.09,6765.14,6712.93
2017-11-05,6764.44,6737.09,6765.14,6712.93
2017-11-06,6786.44,6763.3,6790.67,6763.17
2017-11-07,6767.78,6785.44,6795.52,6750.35
2017-11-08,6789.12,6764.85,6791.65,6753.34
2017-11-09,6750.05,6737.45,6758.93,6687.28
2017-11-10,6750.94,6736.39,6757.34,6727.35
2017-11-11,6750.94,6736.39,6757.34,6727.35
2017-11-12,6750.94,6736.39,6757.34,6727.35
2017-11-13,6757.6,6727.39,6766.3,6723.43
2017-11-14,6737.87,6733.87,6743.63,6709.27
2017-11-15,6706.21,6700.68,6725.32,6667.31
2017-11-16,6793.29,6742.33,6806.67,6742.33
2017-11-17,6782.79,6794.45,6797.75,6777.43
2017-11-18,6782.79,6794.45,6797.75,6777.43
2017-11-19,6782.79,6794.45,6797.75,6777.43
2017-11-20,6790.71,6789.28,6795.83,6779.49
2017-11-21,6862.48,6820.55,6862.66,6820.02
2017-11-22,6867.36,6869.53,6874.52,6859.28
2017-11-23,6867.36,6869.53,6874.52,6859.28
2017-11-24,6889.16,6878.11,6890.02,6873.74
2017-11-25,6889.16,6878.11,6890.02,6873.74
2017-11-26,6889.16,6878.11,6890.02,6873.74
2017-11-27,6878.52,6889.91,6897.43,6867.89
2017-11-28,6912.36,6893.72,6914.19,6866.21
2017-11-29,6824.39,6907.28,6908.33,6793.95
2017-11-30,6873.97,6852.8,6888.65,6838.48
2017-12-01,6847.59,6844.04,6872.17,6737.16
2017-12-02,6847.59,6844.04,6872.17,6737.16
2017-12-03,6847.59,6844.04,6872.17,6737.16
2017-12-04,6775.37,6897.13,6899.23,6770.69
2017-12-05,6762.21,6759.14,6836.45,6752.32
2017-12-06,6776.38,6742.07,6787.42,6734.13
2017-12-07,6812.84,6785.74,6829.29,6778.2
2017-12-08,6840.08,6859.95,6870.48,6831.61
2017-12-09,6840.08,6859.95,6870.48,6831.61
2017-12-10,6840.08,6859.95,6870.48,6831.61
2017-12-11,6875.08,6847.64,6879.8,6844.88
2017-12-12,6862.32,6872.71,6884.8,6856.3
2017-12-13,6875.8,6880.41,6897.62,6871.87
2017-12-14,6856.53,6887.38,6901.13,6851.63
2017-12-15,6936.58,6871.55,6945.82,6871.45
2017-12-16,6936.58,6871.55,6945.82,6871.45
2017-12-17,6936.58,6871.55,6945.82,6871.45
2017-12-18,6994.76,6980.4,7003.89,6975.54
2017-12-19,6963.85,6991.25,6995.88,6951.49
2017-12-20,6960.96,6991.25,6991.25,6935.42
2017-12-21,6965.36,6972.88,6992.63,6961.21
2017-12-22,6959.96,6958.02,6962.26,6944.44
2017-12-23,6959.96,6958.02,6962.26,6944.44
2017-12-24,6959.96,6958.02,6962.26,6944.44
2017-12-25,6959.96,6958.02,6962.26,6944.44
2017-12-26,6936.25,6928.92,6942.14,6915.56
2017-12-27,6939.34,6941.45,6955.38,6931.34
2017-12-28,6950.16,6953.38,6954.8,6936.75
2017-12-29,6903.39,6952.61,6954.98,6903.39
2017-12-30,6903.39,6952.61,6954.98,6903.39
2017-12-31,6903.39,6952.61,6954.98,6903.39
2018-01-01,6903.39,6952.61,6954.98,6903.39
2018-01-02,7006.9,6937.65,7006.91,6924.08
2018-01-03,7065.53,7017.07,7069.15,7016.7
2018-01-04,7077.91,7089.5,7098.05,7072.38
2018-01-05,7136.56,7105.74,7137.04,7097.08
2018-01-06,7136.56,7105.74,7137.04,7097.08
2018-01-07,7136.56,7105.74,7137.04,7097.08
2018-01-08,7157.39,7135.38,7161.35,7124.09
2018-01-09,7163.58,7174.19,7181.14,7148.3
2018-01-10,7153.57,7129.83,7154.24,7111.52
2018-01-11,7211.78,7168.73,7211.78,7163.23
2018-01-12,7261.06,7208.17,7265.26,7205.18
2018-01-13,7261.06,7208.17,7265.26,7205.18
2018-01-14,7261.06,7208.17,7265.26,7205.18
2018-01-15,7261.06,7208.17,7265.26,7205.18
2018-01-16,7223.69,7307.19,7330.33,7205.93
2018-01-17,7298.28,7257.77,7309.36,7229.32
2018-01-18,7296.05,7293.65,7313.89,7276.11
2018-01-19,7336.38,7312.0,7336.38,7297.28
2018-01-20,7336.38,7312.0,7336.38,7297.28
2018-01-21,7336.38,7312.0,7336.38,7297.28
2018-01-22,7408.03,7338.04,7408.03,7332.81
2018-01-23,7460.29,7424.95,7465.39,7423.18
2018-01-24,7415.06,7474.16,7486.32,7376.75
2018-01-25,7411.16,7457.94,7458.53,7388.58
2018-01-26,7505.77,7448.33,7505.77,7431.22
2018-01-27,7505.77,7448.33,7505.77,7431.22
2018-01-28,7505.77,7448.33,7505.77,7431.22
2018-01-29,7466.51,7484.47,7500.61,7455.55
2018-01-30,7402.48,7388.89,7433.65,7373.99
2018-01-31,7411.48,7443.25,7453.99,7381.12
2018-02-01,7385.86,7377.17,7441.09,7362.28
2018-02-02,7240.95,7347.59,7364.43,7238.18
2018-02-03,7240.95,7347.59,7364.43,7238.18
2018-02-04,7240.95,7347.59,7364.43,7238.18
2018-02-05,6967.53,7165.96,7277.36,6967.53
2018-02-06,7115.88,6837.56,7126.55,6824.82
2018-02-07,7051.98,7086.2,7170.33,7051.53
2018-02-08,6777.16,7067.3,7073.99,6776.77
2018-02-09,6874.49,6863.34,6917.01,6630.67
2018-02-10,6874.49,6863.34,6917.01,6630.67
2018-02-11,6874.49,6863.34,6917.01,6630.67
2018-02-12,6981.96,6936.68,7023.62,6879.69
2018-02-13,7013.51,6942.16,7025.68,6938.16
2018-02-14,7143.62,6979.24,7152.05,6977.07
2018-02-15,7256.43,7200.75,7256.93,7130.39
2018-02-16,7239.47,7236.51,7303.26,7226.38
2018-02-17,7239.47,7236.51,7303.26,7226.38
2018-02-18,7239.47,7236.51,7303.26,7226.38
2018-02-19,7239.47,7236.51,7303.26,7226.38
2018-02-20,7234.31,7209.03,7295.95,7206.0
2018-02-21,7218.23,7258.48,7338.64,7218.11
2018-02-22,7210.09,7252.46,7280.93,7194.84
2018-02-23,7337.39,7261.35,7337.83,7232.5
2018-02-24,7337.39,7261.35,7337.83,7232.5
2018-02-25,7337.39,7261.35,7337.83,7232.5
2018-02-26,7421.46,7373.3,7421.85,7360.25
2018-02-27,7330.35,7416.17,7438.09,7330.35
2018-02-28,7273.01,7371.41,7386.8,7273.01
2018-03-01,7180.56,7274.75,7307.84,7117.66
2018-03-02,7257.87,7099.54,7267.19,7084.83
2018-03-03,7257.87,7099.54,7267.19,7084.83
2018-03-04,7257.87,7099.54,7267.19,7084.83
2018-03-05,7330.7,7222.89,7350.07,7205.31
2018-03-06,7372.01,7366.61,7378.03,7319.68
2018-03-07,7396.65,7311.74,7403.79,7311.74
2018-03-08,7427.95,7422.77,7435.01,7391.5
2018-03-09,7560.81,7475.98,7560.81,7469.03
2018-03-10,7560.81,7475.98,7560.81,7469.03
2018-03-11,7560.81,7475.98,7560.81,7469.03
2018-03-12,7588.32,7581.04,7609.1,7563.44
2018-03-13,7511.01,7627.52,7637.27,7492.98
2018-03-14,7496.81,7539.78,7544.89,7473.9
2018-03-15,7481.74,7509.24,7525.44,7463.18
2018-03-16,7481.99,7504.37,7514.21,7473.68
2018-03-17,7481.99,7504.37,7514.21,7473.68
2018-03-18,7481.99,7504.37,7514.21,7473.68
2018-03-19,7344.24,7419.2,7421.23,7285.27
2018-03-20,7364.3,7353.25,7380.74,7331.24
2018-03-21,7345.29,7347.5,7415.66,7325.35
2018-03-22,7166.68,7257.55,7303.19,7164.38
2018-03-23,6992.67,7170.68,7194.31,6992.67
2018-03-24,6992.67,7170.68,7194.31,6992.67
2018-03-25,6992.67,7170.68,7194.31,6992.67
2018-03-26,7220.54,7125.2,7225.83,7022.34
2018-03-27,7008.81,7255.47,7255.54,6963.68
2018-03-28,6949.23,6978.3,7036.09,6901.07
2018-03-29,7063.44,6984.65,7120.46,6935.78
2018-03-30,7063.44,6984.65,7120.46,6935.78
2018-03-31,7063.44,6984.65,7120.46,6935.78
2018-04-01,7063.44,6984.65,7120.46,6935.78
2018-04-02,6870.12,7016.17,7044.71,6805.96
2018-04-03,6941.28,6924.35,6963.71,6835.23
2018-04-04,7042.11,6811.77,7059.29,6811.77
2018-04-05,7076.55,7099.25,7112.38,7036.62
2018-04-06,6915.11,6999.57,7066.64,6877.76
2018-04-07,6915.11,6999.57,7066.64,6877.76
2018-04-08,6915.11,6999.57,7066.64,6877.76
2018-04-09,6950.34,6971.45,7074.95,6944.96
2018-04-10,7094.3,7060.99,7117.98,7014.88
2018-04-11,7069.03,7055.0,7128.54,7055.0
2018-04-12,7140.25,7112.02,7166.0,7105.09
2018-04-13,7106.65,7179.62,7183.62,7078.14
2018-04-14,7106.65,7179.62,7183.62,7078.14
2018-04-15,7106.65,7179.62,7183.62,7078.14
2018-04-16,7156.28,7153.87,7178.51,7115.85
2018-04-17,7281.1,7215.12,7298.59,7206.55
2018-04-18,7295.24,7292.38,7319.58,7259.9
2018-04-19,7238.06,7258.61,7277.45,7215.17
2018-04-20,7146.13,7220.64,7222.99,7123.49
2018-04-21,7146.13,7220.64,7222.99,7123.49
2018-04-22,7146.13,7220.64,7222.99,7123.49
2018-04-23,7128.6,7173.99,7195.72,7094.43
2018-04-24,7007.35,7160.77,7171.67,6961.52
2018-04-25,7003.74,7009.99,7030.74,6926.97
2018-04-26,7118.68,7080.49,7143.94,7055.66
2018-04-27,7119.8,7195.52,7197.15,7083.95
2018-04-28,7119.8,7195.52,7197.15,7083.95
2018-04-29,7119.8,7195.52,7197.15,7083.95
2018-04-30,7066.27,7133.95,7169.8,7065.41
2018-05-01,7130.7,7053.65,7133.27,7036.18
2018-05-02,7100.9,7138.45,7169.46,7094.72
2018-05-03,7088.15,7065.03,7112.59,6991.14
2018-05-04,7209.62,7065.67,7228.26,7057.89
2018-05-05,7209.62,7065.67,7228.26,7057.89
2018-05-06,7209.62,7065.67,7228.26,7057.89
2018-05-07,7265.21,7241.82,7291.74,7235.76
2018-05-08,7266.9,7255.34,7278.81,7224.7
2018-05-09,7339.91,7281.53,7344.8,7259.05
2018-05-10,7404.97,7355.9,7414.15,7353.63
2018-05-11,7402.88,7393.96,7417.67,7372.26
2018-05-12,7402.88,7393.96,7417.67,7372.26
2018-05-13,7402.88,7393.96,7417.67,7372.26
2018-05-14,7411.32,7429.45,7458.42,7401.89
2018-05-15,7351.63,7361.3,7363.52,7320.97
2018-05-16,7398.3,7356.22,7413.32,7356.16
2018-05-17,7382.47,7379.58,7425.39,7350.46
2018-05-18,7354.34,7364.34,7381.16,7343.97
2018-05-19,7354.34,7364.34,7381.16,7343.97
2018-05-20,7354.34,7364.34,7381.16,7343.97
2018-05-21,7394.04,7406.33,7431.83,7368.21
2018-05-22,7378.46,7420.85,7432.53,7370.33
2018-05-23,7425.96,7335.03,7426.78,7334.62
2018-05-24,7424.43,7421.99,7435.38,7357.5
2018-05-25,7433.85,7422.2,7452.85,7415.58
2018-05-26,7433.85,7422.2,7452.85,7415.58
2018-05-27,7433.85,7422.2,7452.85,7415.58
2018-05-28,7433.85,7422.2,7452.85,7415.58
2018-05-29,7396.59,7398.51,7435.13,7354.29
2018-05-30,7462.45,7428.41,7473.81,7423.67
2018-05-31,7442.12,7455.58,7492.42,7431.41
2018-06-01,7554.33,7487.66,7557.38,7487.23
2018-06-02,7554.33,7487.66,7557.38,7487.23
2018-06-03,7554.33,7487.66,7557.38,7487.23
2018-06-04,7606.46,7570.08,7607.17,7561.2
2018-06-05,7637.86,7621.36,7644.48,7602.38
2018-06-06,7689.24,7652.8,7691.65,7622.31
2018-06-07,7635.07,7697.41,7697.41,7597.66
2018-06-08,7645.51,7607.74,7653.58,7595.14
2018-06-09,7645.51,7607.74,7653.58,7595.14
2018-06-10,7645.51,7607.74,7653.58,7595.14
2018-06-11,7659.93,7647.24,7677.29,7642.87
2018-06-12,7703.79,7673.87,7708.25,7669.53
2018-06-13,7695.7,7713.9,7748.96,7686.65
2018-06-14,7761.04,7723.53,7768.6,7723.53
2018-06-15,7746.38,7725.03,7755.72,7704.34
2018-06-16,7746.38,7725.03,7755.72,7704.34
2018-06-17,7746.38,7725.03,7755.72,7704.34
2018-06-18,7747.03,7692.96,7749.36,7676.83
2018-06-19,7725.59,7658.47,7727.41,7635.73
2018-06-20,7781.51,7764.15,7806.6,7755.48
2018-06-21,7712.95,7800.3,7803.45,7699.2
2018-06-22,7692.82,7739.69,7739.71,7679.12
2018-06-23,7692.82,7739.69,7739.71,7679.12
2018-06-24,7692.82,7739.69,7739.71,7679.12
2018-06-25,7532.01,7631.12,7639.73,7477.73
2018-06-26,7561.63,7553.74,7597.49,7527.0
2018-06-27,7445.08,7586.33,7610.67,7444.17
2018-06-28,7503.68,7438.11,7526.07,7419.56
2018-06-29,7510.3,7544.13,7573.59,7502.95
2018-06-30,7510.3,7544.13,7573.59,7502.95
2018-07-01,7510.3,7544.13,7573.59,7502.95
2018-07-02,7567.69,7451.9,7568.1,7443.1
2018-07-03,7502.67,7593.63,7594.33,7498.5
2018-07-04,7502.67,7593.63,7594.33,7498.5
2018-07-05,7586.43,7550.66,7589.19,7511.43
2018-07-06,7688.39,7595.93,7695.81,7588.65
2018-07-07,7688.39,7595.93,7695.81,7588.65
2018-07-08,7688.39,7595.93,7695.81,7588.65
2018-07-09,7756.2,7731.74,7757.28,7702.06
2018-07-10,7759.2,7770.63,7777.48,7731.98
2018-07-11,7716.61,7698.51,7748.16,7696.58
2018-07-12,7823.92,7752.71,7825.67,7746.76
2018-07-13,7825.98,7827.62,7843.52,7803.34
2018-07-14,7825.98,7827.62,7843.52,7803.34
2018-07-15,7825.98,7827.62,7843.52,7803.34
2018-07-16,7805.72,7831.74,7838.82,7791.98
2018-07-17,7855.12,7751.97,7867.15,7749.61
2018-07-18,7854.44,7859.43,7863.77,7822.83
2018-07-19,7825.3,7829.8,7849.85,7811.15
2018-07-20,7820.2,7843.08,7860.25,7815.86
2018-07-21,7820.2,7843.08,7860.25,7815.86
2018-07-22,7820.2,7843.08,7860.25,7815.86
2018-07-23,7841.87,7806.93,7846.76,7776.55
2018-07-24,7840.77,7914.35,7928.79,7814.33
2018-07-25,7932.24,7839.09,7933.31,7838.76
2018-07-26,7852.18,7848.04,7881.3,7834.08
2018-07-27,7737.42,7889.75,7889.75,7698.96
2018-07-28,7737.42,7889.75,7889.75,7698.96
2018-07-29,7737.42,7889.75,7889.75,7698.96
2018-07-30,7630.0,7735.27,7740.26,7604.24
2018-07-31,7671.79,7654.59,7709.49,7614.84
2018-08-01,7707.29,7701.82,7732.68,7670.71
2018-08-02,7802.69,7659.52,7808.85,7659.52
2018-08-03,7812.01,7819.23,7824.06,7783.3
2018-08-04,7812.01,7819.23,7824.06,7783.3
2018-08-05,7812.01,7819.23,7824.06,7783.3
2018-08-06,7859.68,7809.54,7859.68,7801.88
2018-08-07,7883.66,7878.62,7898.2,7868.65
2018-08-08,7888.33,7880.0,7901.69,7864.46
2018-08-09,7891.78,7886.51,7923.35,7881.06
2018-08-10,7839.11,7834.71,7866.19,7818.37
2018-08-11,7839.11,7834.71,7866.19,7818.37
2018-08-12,7839.11,7834.71,7866.19,7818.37
2018-08-13,7819.71,7848.0,7888.66,7814.27
2018-08-14,7870.89,7847.88,7878.23,7815.5
2018-08-15,7774.12,7810.02,7832.66,7732.69
2018-08-16,7806.52,7826.95,7849.67,7795.74
2018-08-17,7816.33,7786.64,7830.78,7752.68
2018-08-18,7816.33,7786.64,7830.78,7752.68
2018-08-19,7816.33,7786.64,7830.78,7752.68
2018-08-20,7821.01,7834.37,7837.14,7787.9
2018-08-21,7859.17,7840.09,7897.68,7836.79
2018-08-22,7889.1,7844.04,7897.63,7840.84
2018-08-23,7878.46,7886.47,7926.32,7866.53
2018-08-24,7945.98,7907.81,7949.71,7907.1
2018-08-25,7945.98,7907.81,7949.71,7907.1
2018-08-26,7945.98,7907.81,7949.71,7907.1
2018-08-27,8017.9,7989.64,8024.94,7976.6
2018-08-28,8030.04,8039.01,8046.31,8009.59
2018-08-29,8109.69,8044.34,8113.56,8042.1
2018-08-30,8088.36,8094.2,8133.3,8069.57
2018-08-31,8109.54,8079.31,8119.82,8079.31
2018-09-01,8109.54,8079.31,8119.82,8079.31
2018-09-02,8109.54,8079.31,8119.82,8079.31
2018-09-03,8109.54,8079.31,8119.82,8079.31
2018-09-04,8091.25,8087.95,8104.07,8042.14
2018-09-05,7995.17,8073.53,8077.84,7962.35
2018-09-06,7922.73,7998.27,8001.97,7885.49
2018-09-07,7902.54,7878.79,7962.53,7873.93
2018-09-08,7902.54,7878.79,7962.53,7873.93
2018-09-09,7902.54,7878.79,7962.53,7873.93
2018-09-10,7924.16,7939.57,7945.03,7890.39
2018-09-11,7972.47,7894.87,7986.32,7880.92
2018-09-12,7954.23,7958.87,7965.39,7884.05
2018-09-13,8013.71,7999.93,8037.51,7989.85
2018-09-14,8010.04,8026.16,8040.83,7979.78
2018-09-15,8010.04,8026.16,8040.83,7979.78
2018-09-16,8010.04,8026.16,8040.83,7979.78
2018-09-17,7895.79,7992.21,8002.78,7890.07
2018-09-18,7956.11,7903.57,7986.1,7901.01
2018-09-19,7950.04,7962.54,7976.12,7917.73
2018-09-20,8028.23,7993.53,8039.06,7986.4
2018-09-21,7986.96,8041.69,8057.26,7979.67
2018-09-22,7986.96,8041.69,8057.26,7979.67
2018-09-23,7986.96,8041.69,8057.26,7979.67
2018-09-24,7993.25,7939.38,7997.9,7912.47
2018-09-25,8007.47,8001.59,8014.12,7979.29
2018-09-26,7990.37,8011.68,8067.03,7982.76
2018-09-27,8041.97,8021.22,8071.56,8017.91
2018-09-28,8046.35,8024.5,8065.06,8015.87
2018-09-29,8046.35,8024.5,8065.06,8015.87
2018-09-30,8046.35,8024.5,8065.06,8015.87
2018-10-01,8037.3,8091.5,8107.38,8019.77
2018-10-02,7999.55,8024.47,8054.15,7983.99
2018-10-03,8025.09,8034.65,8053.93,8012.03
2018-10-04,7879.51,7993.33,7997.17,7833.16
2018-10-05,7788.45,7874.76,7902.67,7715.97
2018-10-06,7788.45,7874.76,7902.67,7715.97
2018-10-07,7788.45,7874.76,7902.67,7715.97
2018-10-08,7735.95,7747.1,7797.32,7654.84
2018-10-09,7738.02,7728.51,7799.75,7718.95
2018-10-10,7422.05,7694.08,7701.2,7420.56
2018-10-11,7329.06,7388.07,7493.21,7274.04
2018-10-12,7496.89,7507.84,7516.69,7368.33
2018-10-13,7496.89,7507.84,7516.69,7368.33
2018-10-14,7496.89,7507.84,7516.69,7368.33
2018-10-15,7430.74,7473.33,7500.93,7400.07
2018-10-16,7645.49,7501.78,7658.14,7493.44
2018-10-17,7642.7,7669.26,7670.49,7563.09
2018-10-18,7485.14,7616.47,7616.86,7452.46
2018-10-19,7449.03,7530.15,7582.89,7428.3
2018-10-20,7449.03,7530.15,7582.89,7428.3
2018-10-21,7449.03,7530.15,7582.89,7428.3
2018-10-22,7468.63,7486.74,7520.54,7424.74
2018-10-23,7437.54,7328.55,7472.58,7260.13
2018-10-24,7108.4,7423.21,7435.69,7099.0
2018-10-25,7318.34,7197.49,7364.82,7178.54
2018-10-26,7167.21,7125.18,7283.32,7057.0
2018-10-27,7167.21,7125.18,7283.32,7057.0
2018-10-28,7167.21,7125.18,7283.32,7057.0
2018-10-29,7050.29,7272.42,7295.61,6922.83
2018-10-30,7161.65,7017.87,7166.84,7001.48
2018-10-31,7305.9,7276.62,7368.49,7270.63
2018-11-01,7434.06,7327.82,7435.88,7286.5
2018-11-02,7356.99,7424.02,7466.53,7298.68
2018-11-03,7356.99,7424.02,7466.53,7298.68
2018-11-04,7356.99,7424.02,7466.53,7298.68
2018-11-05,7328.85,7344.08,7349.23,7255.88
2018-11-06,7375.96,7326.07,7400.64,7320.89
2018-11-07,7570.75,7446.09,7572.93,7435.87
2018-11-08,7530.88,7544.17,7566.93,7499.71
2018-11-09,7406.9,7468.51,7474.34,7349.48
2018-11-10,7406.9,7468.51,7474.34,7349.48
2018-11-11,7406.9,7468.51,7474.34,7349.48
2018-11-12,7200.87,7364.05,7371.09,7193.77
2018-11-13,7200.87,7230.69,7319.12,7182.86
2018-11-14,7136.39,7265.39,7285.57,7101.17
2018-11-15,7259.03,7112.83,7274.26,7072.36
2018-11-16,7247.87,7193.6,7274.86,7171.7
2018-11-17,7247.87,7193.6,7274.86,7171.7
2018-11-18,7247.87,7193.6,7274.86,7171.7
2018-11-19,7028.48,7217.24,7224.12,7011.4
2018-11-20,6908.82,6867.43,6994.75,6830.76
2018-11-21,6972.25,6985.51,7029.92,6951.62
2018-11-22,6972.25,6985.51,7029.92,6951.62
2018-11-23,6938.98,6919.52,6987.89,6919.16
2018-11-24,6938.98,6919.52,6987.89,6919.16
2018-11-25,6938.98,6919.52,6987.89,6919.16
2018-11-26,7081.85,7026.5,7083.93,7003.12
2018-11-27,7082.7,7041.23,7105.14,7014.36
2018-11-28,7291.59,7135.08,7292.71,7090.98
2018-11-29,7273.08,7267.37,7319.96,7217.69
2018-11-30,7330.54,7279.3,7332.79,7255.68
2018-12-01,7330.54,7279.3,7332.79,7255.68
2018-12-02,7330.54,7279.3,7332.79,7255.68
2018-12-03,7441.51,7486.13,7486.51,7392.22
2018-12-04,7158.43,7407.95,7421.11,7150.11
2018-12-05,7158.43,7407.95,7421.11,7150.11
2018-12-06,7188.26,7017.05,7189.52,6984.34
2018-12-07,6969.25,7163.49,7205.37,6945.27
2018-12-08,6969.25,7163.49,7205.37,6945.27
2018-12-09,6969.25,7163.49,7205.37,6945.27
2018-12-10,7020.52,6959.63,7047.62,6878.98
2018-12-11,7031.83,7121.66,7129.83,6983.01
2018-12-12,7098.31,7127.0,7197.29,7096.56
2018-12-13,7070.33,7135.28,7154.64,7034.82
2018-12-14,6910.66,6986.37,7027.17,6898.99
2018-12-15,6910.66,6986.37,7027.17,6898.99
2018-12-16,6910.66,6986.37,7027.17,6898.99
2018-12-17,6753.73,6886.46,6931.81,6710.01
2018-12-18,6783.91,6809.82,6847.27,6733.71
2018-12-19,6636.83,6777.59,6868.86,6586.5
2018-12-20,6528.41,6607.76,6666.2,6447.91
2018-12-21,6332.99,6573.49,6586.68,6304.63
2018-12-22,6332.99,6573.49,6586.68,6304.63
2018-12-23,6332.99,6573.49,6586.68,6304.63
2018-12-24,6192.92,6278.49,6355.18,6190.17
2018-12-25,6192.92,6278.49,6355.18,6190.17
2018-12-26,6554.36,6257.86,6555.53,6214.34
2018-12-27,6579.49,6457.19,6583.01,6336.97
2018-12-28,6584.52,6616.79,6684.18,6529.22
2018-12-29,6584.52,6616.79,6684.18,6529.22
2018-12-30,6584.52,6616.79,6684.18,6529.22
2018-12-31,6635.28,6649.52,6659.96,6570.06
2019-01-01,6635.28,6649.52,6659.96,6570.06
2019-01-02,6665.94,6506.91,6693.71,6506.88
2019-01-03,6463.5,6584.77,6600.21,6457.13
2019-01-04,6738.86,6567.14,6760.69,6554.24
2019-01-05,6738.86,6567.14,6760.69,6554.24
2019-01-06,6738.86,6567.14,6760.69,6554.24
2019-01-07,6823.47,6757.53,6855.6,6741.4
2019-01-08,6897.0,6893.44,6909.58,6795.86
2019-01-09,6957.08,6923.06,6985.22,6899.56
2019-01-10,6986.07,6908.65,6991.37,6877.08
2019-01-11,6971.48,6947.46,6975.65,6933.6
2019-01-12,6971.48,6947.46,6975.65,6933.6
2019-01-13,6971.48,6947.46,6975.65,6933.6
2019-01-14,6905.92,6908.03,6936.22,6887.48
2019-01-15,7023.83,6931.39,7025.85,6928.12
2019-01-16,7034.69,7033.75,7079.63,7028.12
2019-01-17,7084.46,7010.13,7113.95,7003.62
2019-01-18,7157.23,7134.09,7185.38,7096.62
2019-01-19,7157.23,7134.09,7185.38,7096.62
2019-01-20,7157.23,7134.09,7185.38,7096.62
2019-01-21,7157.23,7134.09,7185.38,7096.62
2019-01-22,7020.36,7109.57,7110.16,6979.81
2019-01-23,7025.77,7061.65,7084.85,6953.23
2019-01-24,7073.46,7042.25,7078.96,7029.95
2019-01-25,7164.86,7128.18,7174.56,7111.09
2019-01-26,7164.86,7128.18,7174.56,7111.09
2019-01-27,7164.86,7128.18,7174.56,7111.09
2019-01-28,7085.68,7075.01,7086.3,7034.25
2019-01-29,7028.29,7087.49,7092.29,7011.47
2019-01-30,7183.08,7094.79,7201.31,7065.57
2019-01-31,7281.74,7208.17,7303.12,7205.95
2019-02-01,7263.87,7256.37,7299.94,7243.41
2019-02-02,7263.87,7256.37,7299.94,7243.41
2019-02-03,7263.87,7256.37,7299.94,7243.41
2019-02-04,7347.54,7266.28,7348.23,7261.07
2019-02-05,7402.08,7356.34,7408.68,7355.36
2019-02-06,7375.28,7400.44,7410.77,7346.72
2019-02-07,7288.35,7316.5,7336.74,7235.05
2019-02-08,7298.2,7232.3,7299.44,7225.14
2019-02-09,7298.2,7232.3,7299.44,7225.14
2019-02-10,7298.2,7232.3,7299.44,7225.14
2019-02-11,7307.9,7327.37,7343.56,7290.03
2019-02-12,7414.62,7358.85,7419.43,7349.8
2019-02-13,7420.38,7437.46,7461.66,7413.84
2019-02-14,7426.95,7390.25,7454.42,7375.71
2019-02-15,7472.41,7468.57,7477.28,7440.26
2019-02-16,7472.41,7468.57,7477.28,7440.26
2019-02-17,7472.41,7468.57,7477.28,7440.26
2019-02-18,7472.41,7468.57,7477.28,7440.26
2019-02-19,7486.77,7450.75,7507.79,7450.27
2019-02-20,7489.07,7490.31,7513.7,7455.25
2019-02-21,7459.71,7475.41,7485.75,7430.89
2019-02-22,7527.54,7481.63,7527.54,7479.01
2019-02-23,7527.54,7481.63,7527.54,7479.01
2019-02-24,7527.54,7481.63,7527.54,7479.01
2019-02-25,7554.46,7585.3,7602.69,7551.61
2019-02-26,7549.3,7535.29,7573.22,7524.31
2019-02-27,7554.51,7526.42,7562.29,7485.39
2019-02-28,7532.53,7533.31,7561.9,7516.48
2019-03-01,7595.35,7587.45,7603.04,7540.75
2019-03-02,7595.35,7587.45,7603.04,7540.75
2019-03-03,7595.35,7587.45,7603.04,7540.75
2019-03-04,7577.57,7636.62,7643.66,7501.56
2019-03-05,7576.36,7582.29,7598.66,7543.54
2019-03-06,7505.92,7575.38,7579.02,7499.87
2019-03-07,7421.46,7483.79,7489.08,7397.19
2019-03-08,7408.14,7334.35,7411.52,7332.92
2019-03-09,7408.14,7334.35,7411.52,7332.92
2019-03-10,7408.14,7334.35,7411.52,7332.92
2019-03-11,7558.06,7442.56,7558.23,7442.4
2019-03-12,7591.03,7571.85,7611.13,7560.46
2019-03-13,7643.41,7621.38,7677.07,7619.46
2019-03-14,7630.91,7644.79,7653.1,7627.02
2019-03-15,7688.53,7658.41,7714.96,7652.04
2019-03-16,7688.53,7658.41,7714.96,7652.04
2019-03-17,7688.53,7658.41,7714.96,7652.04
2019-03-18,7714.48,7696.38,7737.67,7677.74
2019-03-19,7723.95,7747.4,7767.89,7699.15
2019-03-20,7728.97,7721.95,7779.24,7674.04
2019-03-21,7838.96,7705.43,7850.11,7705.43
2019-03-22,7642.67,7800.25,7817.83,7642.57
2019-03-23,7642.67,7800.25,7817.83,7642.57
2019-03-24,7642.67,7800.25,7817.83,7642.57
2019-03-25,7637.54,7618.98,7662.38,7579.29
2019-03-26,7691.52,7700.0,7738.17,7649.21
2019-03-27,7643.38,7702.05,7712.84,7582.09
2019-03-28,7669.17,7660.07,7689.16,7619.82
2019-03-29,7729.32,7726.71,7733.62,7688.51
2019-03-30,7729.32,7726.71,7733.62,7688.51
2019-03-31,7729.32,7726.71,7733.62,7688.51
2019-04-01,7828.91,7800.24,7831.45,7777.09
2019-04-02,7848.69,7824.61,7854.92,7811.28
2019-04-03,7895.55,7891.18,7938.26,7870.9
2019-04-04,7891.78,7894.26,7917.65,7844.96
2019-04-05,7938.69,7914.51,7940.45,7909.14
2019-04-06,7938.69,7914.51,7940.45,7909.14
2019-04-07,7938.69,7914.51,7940.45,7909.14
2019-04-08,7953.88,7924.89,7955.9,7891.85
2019-04-09,7909.28,7924.77,7945.55,7897.61
2019-04-10,7964.24,7922.73,7965.33,7916.9
2019-04-11,7947.36,7975.2,7975.2,7933.41
2019-04-12,7984.16,7984.15,7992.09,7952.61
2019-04-13,7984.16,7984.15,7992.09,7952.61
2019-04-14,7984.16,7984.15,7992.09,7952.61
2019-04-15,7976.01,7987.16,7993.33,7933.56
2019-04-16,8000.23,8000.57,8017.56,7978.81
2019-04-17,7996.08,8044.97,8052.4,7973.38
2019-04-18,7998.06,7998.45,8002.31,7950.97
2019-04-19,7998.06,7998.45,8002.31,7950.97
2019-04-20,7998.06,7998.45,8002.31,7950.97
2019-04-21,7998.06,7998.45,8002.31,7950.97
2019-04-22,8015.27,7969.37,8017.15,7965.9
2019-04-23,8120.82,8026.75,8128.87,8023.81
2019-04-24,8102.01,8122.88,8139.55,8101.7
2019-04-25,8118.68,8150.85,8151.84,8075.41
2019-04-26,8146.4,8100.28,8146.42,8060.89
2019-04-27,8146.4,8100.28,8146.42,8060.89
2019-04-28,8146.4,8100.28,8146.42,8060.89
2019-04-29,8161.85,8147.65,8176.08,8136.41
2019-04-30,8095.39,8104.91,8124.61,8050.55
2019-05-01,8049.64,8132.93,8146.0,8048.23
2019-05-02,8036.77,8046.48,8094.06,7976.77
2019-05-03,8164.0,8092.88,8164.71,8084.8
2019-05-04,8164.0,8092.88,8164.71,8084.8
2019-05-05,8164.0,8092.88,8164.71,8084.8
2019-05-06,8123.29,7981.85,8135.54,7981.85
2019-05-07,7963.76,8043.52,8070.97,7899.02
2019-05-08,7943.32,7946.24,8004.49,7923.35
2019-05-09,7910.59,7853.21,7929.78,7796.16
2019-05-10,7916.94,7881.31,7949.34,7759.34
2019-05-11,7916.94,7881.31,7949.34,7759.34
2019-05-12,7916.94,7881.31,7949.34,7759.34
2019-05-13,7647.02,7720.07,7760.83,7627.22
2019-05-14,7734.49,7689.66,7776.2,7665.3
2019-05-15,7822.15,7682.8,7838.72,7682.24
2019-05-16,7898.05,7832.58,7946.23,7826.67
2019-05-17,7816.28,7829.03,7918.71,7810.35
2019-05-18,7816.28,7829.03,7918.71,7810.35
2019-05-19,7816.28,7829.03,7918.71,7810.35
2019-05-20,7702.38,7714.06,7747.27,7678.35
2019-05-21,7785.72,7765.57,7804.44,7752.92
2019-05-22,7750.84,7749.8,7786.33,7738.35
2019-05-23,7628.28,7660.72,7665.15,7585.32
2019-05-24,7637.01,7675.57,7694.15,7631.25
2019-05-25,7637.01,7675.57,7694.15,7631.25
2019-05-26,7637.01,7675.57,7694.15,7631.25
2019-05-27,7637.01,7675.57,7694.15,7631.25
2019-05-28,7607.35,7655.66,7693.74,7603.76
2019-05-29,7547.31,7553.02,7581.11,7503.94
2019-05-30,7567.72,7565.46,7595.9,7527.66
2019-05-31,7453.15,7470.95,7506.86,7448.23
2019-06-01,7453.15,7470.95,7506.86,7448.23
2019-06-02,7453.15,7470.95,7506.86,7448.23
2019-06-03,7333.02,7441.21,7457.66,7292.22
2019-06-04,7527.12,7413.94,7529.5,7385.02
2019-06-05,7575.48,7585.68,7589.47,7498.17
2019-06-06,7615.55,7582.24,7634.12,7546.22
2019-06-07,7742.1,7652.97,7767.02,7647.91
2019-06-08,7742.1,7652.97,7767.02,7647.91
2019-06-09,7742.1,7652.97,7767.02,7647.91
2019-06-10,7823.17,7798.87,7895.44,7795.76
2019-06-11,7822.57,7901.04,7909.99,7798.63
2019-06-12,7792.72,7803.13,7819.16,7773.97
2019-06-13,7837.13,7822.56,7848.36,7813.6
2019-06-14,7796.66,7807.19,7819.21,7778.12
2019-06-15,7796.66,7807.19,7819.21,7778.12
2019-06-16,7796.66,7807.19,7819.21,7778.12
2019-06-17,7845.02,7819.43,7865.98,7812.61
2019-06-18,7953.88,7920.98,8005.21,7911.67
2019-06-19,7987.32,7970.26,7998.59,7930.38
2019-06-20,8051.34,8087.45,8088.88,7996.87
2019-06-21,8031.71,8028.69,8073.02,8011.2
2019-06-22,8031.71,8028.69,8073.02,8011.2
2019-06-23,8031.71,8028.69,8073.02,8011.2
2019-06-24,8005.7,8040.58,8047.56,8004.63
2019-06-25,7884.72,8005.27,8007.31,7879.15
2019-06-26,7909.97,7933.92,7974.28,7903.07
2019-06-27,7967.76,7939.36,7976.58,7935.47
2019-06-28,8006.24,7988.76,8010.15,7961.46
2019-06-29,8006.24,7988.76,8010.15,7961.46
2019-06-30,8006.24,7988.76,8010.15,7961.46
2019-07-01,8091.16,8145.85,8150.45,8059.29
2019-07-02,8109.09,8086.65,8109.37,8063.1
2019-07-03,8170.23,8129.57,8170.23,8122.34
2019-07-04,8170.23,8129.57,8170.23,8122.34
2019-07-05,8161.79,8123.28,8171.97,8093.66
2019-07-06,8161.79,8123.28,8171.97,8093.66
2019-07-07,8161.79,8123.28,8171.97,8093.66
2019-07-08,8098.38,8112.91,8112.91,8078.39
2019-07-09,8141.73,8061.41,8146.98,8061.32
2019-07-10,8202.53,8183.19,8228.6,8160.56
2019-07-11,8196.04,8219.28,8226.18,8171.63
2019-07-12,8244.14,8209.2,8245.66,8201.52
2019-07-13,8244.14,8209.2,8245.66,8201.52
2019-07-14,8244.14,8209.2,8245.66,8201.52
2019-07-15,8258.19,8263.18,8264.78,8236.27
2019-07-16,8222.8,8251.66,8259.75,8204.23
2019-07-17,8185.21,8224.0,8230.67,8184.66
2019-07-18,8207.24,8151.76,8215.58,8135.12
2019-07-19,8146.49,8241.34,8245.78,8144.63
2019-07-20,8146.49,8241.34,8245.78,8144.63
2019-07-21,8146.49,8241.34,8245.78,8144.63
2019-07-22,8204.14,8171.99,8218.42,8171.54
2019-07-23,8251.4,8242.5,8251.83,8193.89
2019-07-24,8321.5,8227.36,8321.81,8226.5
2019-07-25,8238.54,8294.68,8295.95,8233.4
2019-07-26,8330.21,8294.3,8339.64,8291.12
2019-07-27,8330.21,8294.3,8339.64,8291.12
2019-07-28,8330.21,8294.3,8339.64,8291.12
2019-07-29,8293.33,8325.1,8325.28,8247.37
2019-07-30,8273.61,8231.77,8295.46,8228.02
2019-07-31,8175.42,8290.8,8299.83,8110.02
2019-08-01,8111.12,8190.56,8311.04,8080.52
2019-08-02,8004.07,8056.42,8068.8,7953.67
2019-08-03,8004.07,8056.42,8068.8,7953.67
2019-08-04,8004.07,8056.42,8068.8,7953.67
2019-08-05,7726.04,7823.33,7836.45,7662.9
2019-08-06,7833.27,7804.51,7845.01,7739.57
2019-08-07,7862.83,7747.27,7881.38,7702.42
2019-08-08,8039.16,7921.59,8041.12,7896.15
2019-08-09,7959.14,7997.19,8020.56,7910.35
2019-08-10,7959.14,7997.19,8020.56,7910.35
2019-08-11,7959.14,7997.19,8020.56,7910.35
2019-08-12,7863.41,7907.49,7924.99,7833.79
2019-08-13,8016.36,7852.37,8065.24,7851.58
2019-08-14,7773.94,7877.33,7900.28,7762.87
2019-08-15,7766.62,7790.2,7805.93,7716.55
2019-08-16,7895.99,7828.35,7907.52,7828.35
2019-08-17,7895.99,7828.35,7907.52,7828.35
2019-08-18,7895.99,7828.35,7907.52,7828.35
2019-08-19,8002.81,8006.18,8026.75,7974.36
2019-08-20,7948.56,7989.36,8010.58,7948.09
2019-08-21,8020.21,8017.07,8036.94,7998.5
2019-08-22,7991.39,8038.79,8048.58,7937.12
2019-08-23,7751.77,7943.65,8005.34,7730.77
2019-08-24,7751.77,7943.65,8005.34,7730.77
2019-08-25,7751.77,7943.65,8005.34,7730.77
2019-08-26,7853.74,7829.58,7856.04,7789.05
2019-08-27,7826.95,7908.78,7916.83,7795.18
2019-08-28,7856.88,7798.35,7866.87,7766.67
2019-08-29,7973.39,7945.78,7992.29,7925.83
2019-08-30,7962.88,8015.16,8017.91,7914.74
2019-08-31,7962.88,8015.16,8017.91,7914.74
2019-09-01,7962.88,8015.16,8017.91,7914.74
2019-09-02,7962.88,8015.16,8017.91,7914.74
2019-09-03,7874.16,7906.44,7940.37,7847.32
2019-09-04,7976.88,7949.81,7981.41,7928.94
2019-09-05,8116.83,8061.29,8134.42,8061.29
2019-09-06,8103.07,8125.58,8134.39,8098.52
2019-09-07,8103.07,8125.58,8134.39,8098.52
2019-09-08,8103.07,8125.58,8134.39,8098.52
2019-09-09,8087.44,8130.91,8131.66,8052.34
2019-09-10,8084.16,8049.98,8086.53,8001.68
2019-09-11,8169.68,8091.68,8169.68,8081.56
2019-09-12,8194.47,8206.58,8243.8,8176.73
2019-09-13,8176.71,8190.57,8210.2,8165.47
2019-09-14,8176.71,8190.57,8210.2,8165.47
2019-09-15,8176.71,8190.57,8210.2,8165.47
2019-09-16,8153.54,8121.64,8165.33,8121.25
2019-09-17,8186.02,8148.65,8188.23,8139.82
2019-09-18,8177.39,8174.62,8179.87,8086.22
2019-09-19,8182.88,8193.59,8237.43,8174.32
2019-09-20,8117.67,8184.88,8202.82,8086.16
2019-09-21,8117.67,8184.88,8202.82,8086.16
2019-09-22,8117.67,8184.88,8202.82,8086.16
2019-09-23,8112.46,8106.49,8135.81,8085.34
2019-09-24,7993.63,8147.23,8158.83,7969.65
2019-09-25,8077.38,7990.66,8095.0,7935.57
2019-09-26,8030.66,8070.12,8072.11,7991.02
2019-09-27,7939.63,8047.11,8051.83,7890.28
2019-09-28,7939.63,8047.11,8051.83,7890.28
2019-09-29,7939.63,8047.11,8051.83,7890.28
2019-09-30,7999.34,7964.09,8012.16,7949.63
2019-10-01,7908.68,8026.83,8062.5,7906.29
2019-10-02,7785.25,7851.13,7852.7,7744.96
2019-10-03,7872.26,7787.02,7872.26,7700.0
2019-10-04,7982.47,7908.44,7986.62,7899.39
2019-10-05,7982.47,7908.44,7986.62,7899.39
2019-10-06,7982.47,7908.44,7986.62,7899.39
2019-10-07,7956.29,7956.41,8013.31,7942.08
2019-10-08,7823.78,7898.27,7921.88,7823.73
2019-10-09,7903.74,7895.96,7930.92,7873.52
2019-10-10,7950.78,7904.56,7982.84,7899.81
2019-10-11,8057.04,8085.2,8115.8,8046.8
2019-10-12,8057.04,8085.2,8115.8,8046.8
2019-10-13,8057.04,8085.2,8115.8,8046.8
2019-10-14,8048.65,8044.35,8069.85,8036.41
2019-10-15,8148.71,8074.85,8166.18,8071.81
2019-10-16,8124.18,8119.81,8146.15,8103.38
2019-10-17,8156.85,8176.91,8183.64,8131.25
2019-10-18,8089.54,8149.85,8157.36,8045.37
2019-10-19,8089.54,8149.85,8157.36,8045.37
2019-10-20,8089.54,8149.85,8157.36,8045.37
2019-10-21,8162.99,8137.42,8164.14,8117.26
2019-10-22,8104.3,8188.12,8194.62,8101.98
2019-10-23,8119.79,8090.24,8122.88,8078.35
2019-10-24,8185.8,8180.04,8187.84,8137.66
2019-10-25,8243.12,8150.59,8249.97,8150.59
2019-10-26,8243.12,8150.59,8249.97,8150.59
2019-10-27,8243.12,8150.59,8249.97,8150.59
2019-10-28,8325.99,8285.77,8335.56,8285.27
2019-10-29,8276.85,8313.35,8319.29,8275.14
2019-10-30,8303.98,8284.28,8315.5,8241.7
2019-10-31,8292.36,8314.38,8321.8,8248.81
2019-11-01,8386.4,8335.05,8386.75,8326.56
2019-11-02,8386.4,8335.05,8386.75,8326.56
2019-11-03,8386.4,8335.05,8386.75,8326.56
2019-11-04,8433.2,8445.5,8451.37,8421.3
2019-11-05,8434.68,8446.62,8457.39,8421.05
2019-11-06,8410.63,8426.57,8426.57,8379.33
2019-11-07,8434.52,8455.11,8483.16,8415.87
2019-11-08,8475.31,8422.67,8475.57,8405.89
2019-11-09,8475.31,8422.67,8475.57,8405.89
2019-11-10,8475.31,8422.67,8475.57,8405.89
2019-11-11,8464.28,8431.26,8467.29,8425.48
2019-11-12,8486.09,8471.07,8514.84,8462.99
2019-11-13,8482.1,8455.02,8496.9,8451.34
2019-11-14,8479.02,8461.06,8485.36,8441.58
2019-11-15,8540.83,8524.48,8540.83,8506.8
2019-11-16,8540.83,8524.48,8540.83,8506.8
2019-11-17,8540.83,8524.48,8540.83,8506.8
2019-11-18,8549.94,8529.16,8559.78,8503.62
2019-11-19,8570.66,8578.02,8589.76,8536.73
2019-11-20,8526.73,8543.57,8578.27,8468.63
2019-11-21,8506.21,8527.87,8530.73,8487.29
2019-11-22,8519.88,8530.54,8535.46,8477.49
2019-11-23,8519.88,8530.54,8535.46,8477.49
2019-11-24,8519.88,8530.54,8535.46,8477.49
2019-11-25,8632.49,8559.65,8633.15,8559.65
2019-11-26,8647.93,8635.4,8659.73,8625.62
2019-11-27,8705.18,8669.59,8705.91,8662.58
2019-11-28,8705.18,8669.59,8705.91,8662.58
2019-11-29,8665.47,8682.01,8697.32,8664.04
2019-11-30,8665.47,8682.01,8697.32,8664.04
2019-12-01,8665.47,8682.01,8697.32,8664.04
2019-12-02,8567.99,8672.84,8672.84,8540.16
2019-12-03,8520.64,8460.72,8523.98,8435.4
2019-12-04,8566.67,8557.45,8584.88,8552.38
2019-12-05,8570.7,8587.93,8588.89,8541.92
2019-12-06,8656.53,8634.25,8665.44,8630.57
2019-12-07,8656.53,8634.25,8665.44,8630.57
2019-12-08,8656.53,8634.25,8665.44,8630.57
2019-12-09,8621.83,8650.86,8678.85,8619.77
2019-12-10,8616.18,8623.56,8650.76,8600.82
2019-12-11,8654.05,8631.12,8658.48,8622.35
2019-12-12,8717.32,8645.36,8745.82,8633.6
2019-12-13,8734.88,8713.91,8768.87,8697.58
2019-12-14,8734.88,8713.91,8768.87,8697.58
2019-12-15,8734.88,8713.91,8768.87,8697.58
2019-12-16,8814.23,8791.31,8833.45,8789.77
2019-12-17,8823.36,8829.47,8831.99,8804.6
2019-12-18,8827.73,8834.65,8848.76,8820.42
2019-12-19,8887.22,8838.97,8888.13,8838.97
2019-12-20,8924.96,8911.84,8931.91,8901.87
2019-12-21,8924.96,8911.84,8931.91,8901.87
2019-12-22,8924.96,8911.84,8931.91,8901.87
2019-12-23,8945.65,8950.2,8956.64,8934.55
2019-12-24,8952.88,8955.01,8957.12,8934.36
2019-12-25,8952.88,8955.01,8957.12,8934.36
2019-12-26,9022.39,8970.21,9022.46,8968.45
2019-12-27,9006.62,9049.47,9052.0,8987.32
2019-12-28,9006.62,9049.47,9052.0,8987.32
2019-12-29,9006.62,9049.47,9052.0,8987.32
2019-12-30,8945.99,9004.45,9006.36,8909.19
2019-12-31,8972.6,8918.74,8975.35,8912.77
2020-01-01,8972.6,8918.74,8975.35,8912.77
2020-01-02,9092.19,9039.46,9093.43,9010.89
2020-01-03,9020.77,8976.43,9065.76,8976.43
2020-01-04,9020.77,8976.43,9065.76,8976.43
2020-01-05,9020.77,8976.43,9065.76,8976.43
2020-01-06,9071.46,8943.5,9072.41,8943.5
2020-01-07,9068.58,9076.64,9091.93,9042.55
2020-01-08,9129.24,9068.03,9168.89,9059.38
2020-01-09,9203.43,9202.27,9215.95,9158.5
2020-01-10,9178.86,9232.94,9235.2,9164.66
2020-01-11,9178.86,9232.94,9235.2,9164.66
2020-01-12,9178.86,9232.94,9235.2,9164.66
2020-01-13,9273.93,9213.72,9274.49,9193.06
2020-01-14,9251.33,9270.61,9298.33,9226.49
2020-01-15,9258.7,9253.76,9298.82,9231.14
2020-01-16,9357.13,9313.45,9357.92,9301.32
2020-01-17,9388.94,9392.37,9393.48,9346.81
2020-01-18,9388.94,9392.37,9393.48,9346.81
2020-01-19,9388.94,9392.37,9393.48,9346.81
2020-01-20,9388.94,9392.37,9393.48,9346.81
2020-01-21,9370.81,9361.07,9397.58,9350.2
2020-01-22,9383.77,9413.61,9439.29,9375.13
2020-01-23,9402.48,9377.72,9409.2,9334.13
2020-01-24,9314.91,9446.2,9451.43,9273.23
2020-01-25,9314.91,9446.2,9451.43,9273.23
2020-01-26,9314.91,9446.2,9451.43,9273.23
2020-01-27,9139.31,9092.46,9185.45,9088.04
2020-01-28,9269.68,9201.82,9288.87,9182.33
2020-01-29,9275.16,9318.26,9329.11,9249.04
2020-01-30,9298.93,9211.15,9303.0,9185.18
2020-01-31,9150.94,9284.93,9324.8,9123.22
2020-02-01,9150.94,9284.93,9324.8,9123.22
2020-02-02,9150.94,9284.93,9324.8,9123.22
2020-02-03,9273.4,9190.72,9299.85,9188.55
2020-02-04,9467.97,9398.39,9485.38,9374.05
2020-02-05,9508.68,9574.1,9574.94,9454.93
2020-02-06,9572.15,9540.98,9575.66,9505.68
2020-02-07,9520.51,9526.64,9570.09,9496.53
2020-02-08,9520.51,9526.64,9570.09,9496.53
2020-02-09,9520.51,9526.64,9570.09,9496.53
2020-02-10,9628.39,9493.63,9628.66,9493.63
2020-02-11,9638.94,9680.89,9714.74,9617.21
2020-02-12,9725.96,9688.6,9728.77,9666.68
2020-02-13,9711.97,9657.04,9748.32,9650.02
2020-02-14,9731.18,9728.9,9746.36,9693.05
2020-02-15,9731.18,9728.9,9746.36,9693.05
2020-02-16,9731.18,9728.9,9746.36,9693.05
2020-02-17,9731.18,9728.9,9746.36,9693.05
2020-02-18,9732.74,9679.04,9747.68,9675.8
2020-02-19,9817.18,9782.81,9838.37,9777.1