Datum,Senaste,Öppen,Högst,Lägst,+/- %
2016-01-01,"0,1090","0,1090","0,1092","0,1089","0,00%"
2016-01-02,"0,1090","0,1090","0,1092","0,1089","0,00%"
2016-01-03,"0,1090","0,1090","0,1092","0,1089","0,00%"
2016-01-04,"0,1086","0,1089","0,1094","0,1084","-0,37%"
2016-01-05,"0,1082","0,1086","0,1087","0,1080","-0,37%"
2016-01-06,"0,1081","0,1082","0,1086","0,1078","-0,09%"
2016-01-07,"0,1081","0,1080","0,1083","0,1076","0,00%"
2016-01-08,"0,1076","0,1080","0,1084","0,1075","-0,46%"
2016-01-09,"0,1076","0,1080","0,1084","0,1075","-0,46%"
2016-01-10,"0,1076","0,1080","0,1084","0,1075","-0,46%"
2016-01-11,"0,1079","0,1077","0,1081","0,1074","0,28%"
2016-01-12,"0,1080","0,1078","0,1082","0,1076","0,09%"
2016-01-13,"0,1078","0,1079","0,1084","0,1077","-0,19%"
2016-01-14,"0,1076","0,1077","0,1081","0,1073","-0,19%"
2016-01-15,"0,1066","0,1076","0,1079","0,1063","-0,93%"
2016-01-16,"0,1066","0,1076","0,1079","0,1063","-0,93%"
2016-01-17,"0,1066","0,1076","0,1079","0,1063","-0,93%"
2016-01-18,"0,1071","0,1066","0,1071","0,1064","0,47%"
2016-01-19,"0,1074","0,1070","0,1076","0,1068","0,28%"
2016-01-20,"0,1069","0,1073","0,1074","0,1065","-0,47%"
2016-01-21,"0,1074","0,1068","0,1079","0,1066","0,47%"
2016-01-22,"0,1079","0,1074","0,1079","0,1073","0,47%"
2016-01-23,"0,1079","0,1074","0,1079","0,1073","0,47%"
2016-01-24,"0,1079","0,1074","0,1079","0,1073","0,47%"
2016-01-25,"0,1076","0,1079","0,1080","0,1075","-0,28%"
2016-01-26,"0,1078","0,1076","0,1081","0,1072","0,19%"
2016-01-27,"0,1079","0,1077","0,1081","0,1075","0,09%"
2016-01-28,"0,1074","0,1078","0,1081","0,1072","-0,46%"
2016-01-29,"0,1076","0,1074","0,1079","0,1069","0,19%"
2016-01-30,"0,1076","0,1074","0,1079","0,1069","0,19%"
2016-01-31,"0,1076","0,1074","0,1079","0,1069","0,19%"
2016-02-01,"0,1077","0,1076","0,1079","0,1074","0,09%"
2016-02-02,"0,1071","0,1077","0,1078","0,1067","-0,56%"
2016-02-03,"0,1069","0,1070","0,1072","0,1064","-0,19%"
2016-02-04,"0,1063","0,1068","0,1069","0,1060","-0,56%"
2016-02-05,"0,1058","0,1062","0,1065","0,1056","-0,47%"
2016-02-06,"0,1058","0,1062","0,1065","0,1056","-0,47%"
2016-02-07,"0,1058","0,1062","0,1065","0,1056","-0,47%"
2016-02-08,"0,1058","0,1058","0,1064","0,1055","0,00%"
2016-02-09,"0,1052","0,1057","0,1058","0,1050","-0,57%"
2016-02-10,"0,1058","0,1052","0,1058","0,1048","0,57%"
2016-02-11,"0,1054","0,1057","0,1059","0,1040","-0,38%"
2016-02-12,"0,1055","0,1053","0,1060","0,1053","0,09%"
2016-02-13,"0,1055","0,1053","0,1060","0,1053","0,09%"
2016-02-14,"0,1055","0,1053","0,1060","0,1053","0,09%"
2016-02-15,"0,1056","0,1055","0,1059","0,1052","0,09%"
2016-02-16,"0,1054","0,1056","0,1058","0,1053","-0,19%"
2016-02-17,"0,1056","0,1054","0,1058","0,1052","0,19%"
2016-02-18,"0,1066","0,1055","0,1066","0,1054","0,95%"
2016-02-19,"0,1064","0,1066","0,1069","0,1062","-0,19%"
2016-02-20,"0,1064","0,1066","0,1069","0,1062","-0,19%"
2016-02-21,"0,1064","0,1066","0,1069","0,1062","-0,19%"
2016-02-22,"0,1066","0,1063","0,1071","0,1062","0,19%"
2016-02-23,"0,1069","0,1066","0,1070","0,1065","0,28%"
2016-02-24,"0,1069","0,1068","0,1071","0,1064","0,00%"
2016-02-25,"0,1066","0,1069","0,1071","0,1063","-0,28%"
2016-02-26,"0,1069","0,1066","0,1073","0,1065","0,28%"
2016-02-27,"0,1069","0,1066","0,1073","0,1065","0,28%"
2016-02-28,"0,1069","0,1066","0,1073","0,1065","0,28%"
2016-02-29,"0,1074","0,1069","0,1074","0,1067","0,47%"
2016-03-01,"0,1066","0,1073","0,1074","0,1065","-0,74%"
2016-03-02,"0,1069","0,1066","0,1071","0,1066","0,28%"
2016-03-03,"0,1071","0,1068","0,1071","0,1066","0,19%"
2016-03-04,"0,1073","0,1070","0,1075","0,1068","0,19%"
2016-03-05,"0,1073","0,1070","0,1075","0,1068","0,19%"
2016-03-06,"0,1073","0,1070","0,1075","0,1068","0,19%"
2016-03-07,"0,1071","0,1072","0,1074","0,1070","-0,19%"
2016-03-08,"0,1069","0,1071","0,1071","0,1066","-0,19%"
2016-03-09,"0,1076","0,1069","0,1079","0,1069","0,65%"
2016-03-10,"0,1068","0,1076","0,1089","0,1064","-0,74%"
2016-03-11,"0,1075","0,1067","0,1076","0,1066","0,66%"
2016-03-12,"0,1075","0,1067","0,1076","0,1066","0,66%"
2016-03-13,"0,1075","0,1067","0,1076","0,1066","0,66%"
2016-03-14,"0,1079","0,1074","0,1081","0,1073","0,37%"
2016-03-15,"0,1082","0,1079","0,1084","0,1077","0,28%"
2016-03-16,"0,1084","0,1082","0,1086","0,1078","0,18%"
2016-03-17,"0,1081","0,1084","0,1086","0,1074","-0,28%"
2016-03-18,"0,1078","0,1080","0,1081","0,1075","-0,28%"
2016-03-19,"0,1078","0,1080","0,1081","0,1075","-0,28%"
2016-03-20,"0,1078","0,1080","0,1081","0,1075","-0,28%"
2016-03-21,"0,1081","0,1078","0,1081","0,1076","0,28%"
2016-03-22,"0,1084","0,1080","0,1084","0,1077","0,28%"
2016-03-23,"0,1081","0,1083","0,1084","0,1080","-0,28%"
2016-03-24,"0,1079","0,1082","0,1083","0,1077","-0,19%"
2016-03-25,"0,1079","0,1079","0,1080","0,1077","0,00%"
2016-03-26,"0,1079","0,1079","0,1080","0,1077","0,00%"
2016-03-27,"0,1079","0,1079","0,1080","0,1077","0,00%"
2016-03-28,"0,1078","0,1078","0,1080","0,1075","-0,09%"
2016-03-29,"0,1081","0,1077","0,1083","0,1076","0,28%"
2016-03-30,"0,1085","0,1080","0,1085","0,1078","0,37%"
2016-03-31,"0,1082","0,1085","0,1085","0,1081","-0,28%"
2016-04-01,"0,1079","0,1082","0,1084","0,1077","-0,28%"
2016-04-02,"0,1079","0,1082","0,1084","0,1077","-0,28%"
2016-04-03,"0,1079","0,1082","0,1084","0,1077","-0,28%"
2016-04-04,"0,1079","0,1079","0,1083","0,1078","0,00%"
2016-04-05,"0,1080","0,1079","0,1082","0,1078","0,09%"
2016-04-06,"0,1076","0,1080","0,1083","0,1074","-0,37%"
2016-04-07,"0,1076","0,1076","0,1082","0,1074","0,00%"
2016-04-08,"0,1076","0,1076","0,1079","0,1075","0,00%"
2016-04-09,"0,1076","0,1076","0,1079","0,1075","0,00%"
2016-04-10,"0,1076","0,1076","0,1079","0,1075","0,00%"
2016-04-11,"0,1081","0,1075","0,1081","0,1074","0,46%"
2016-04-12,"0,1086","0,1080","0,1089","0,1079","0,46%"
2016-04-13,"0,1089","0,1086","0,1091","0,1085","0,28%"
2016-04-14,"0,1091","0,1089","0,1094","0,1086","0,18%"
2016-04-15,"0,1089","0,1091","0,1093","0,1086","-0,18%"
2016-04-16,"0,1089","0,1091","0,1093","0,1086","-0,18%"
2016-04-17,"0,1089","0,1091","0,1093","0,1086","-0,18%"
2016-04-18,"0,1089","0,1087","0,1090","0,1085","0,00%"
2016-04-19,"0,1089","0,1089","0,1091","0,1086","0,00%"
2016-04-20,"0,1089","0,1089","0,1094","0,1087","0,00%"
2016-04-21,"0,1088","0,1088","0,1097","0,1087","-0,09%"
2016-04-22,"0,1091","0,1088","0,1098","0,1087","0,28%"
2016-04-23,"0,1091","0,1088","0,1098","0,1087","0,28%"
2016-04-24,"0,1091","0,1088","0,1098","0,1087","0,28%"
2016-04-25,"0,1091","0,1091","0,1094","0,1089","0,00%"
2016-04-26,"0,1090","0,1091","0,1093","0,1088","-0,09%"
2016-04-27,"0,1091","0,1090","0,1096","0,1088","0,09%"
2016-04-28,"0,1091","0,1091","0,1096","0,1089","0,00%"
2016-04-29,"0,1086","0,1091","0,1094","0,1085","-0,46%"
2016-04-30,"0,1086","0,1091","0,1094","0,1085","-0,46%"
2016-05-01,"0,1086","0,1091","0,1094","0,1085","-0,46%"
2016-05-02,"0,1089","0,1087","0,1091","0,1085","0,28%"
2016-05-03,"0,1079","0,1089","0,1093","0,1078","-0,92%"
2016-05-04,"0,1079","0,1079","0,1082","0,1077","0,00%"
2016-05-05,"0,1081","0,1078","0,1082","0,1077","0,19%"
2016-05-06,"0,1078","0,1080","0,1083","0,1074","-0,28%"
2016-05-07,"0,1078","0,1080","0,1083","0,1074","-0,28%"
2016-05-08,"0,1078","0,1080","0,1083","0,1074","-0,28%"
2016-05-09,"0,1076","0,1076","0,1080","0,1074","-0,19%"
2016-05-10,"0,1078","0,1076","0,1081","0,1074","0,19%"
2016-05-11,"0,1076","0,1077","0,1079","0,1074","-0,19%"
2016-05-12,"0,1074","0,1075","0,1078","0,1071","-0,19%"
2016-05-13,"0,1072","0,1074","0,1075","0,1070","-0,19%"
2016-05-14,"0,1072","0,1074","0,1075","0,1070","-0,19%"
2016-05-15,"0,1072","0,1074","0,1075","0,1070","-0,19%"
2016-05-16,"0,1069","0,1071","0,1074","0,1068","-0,28%"
2016-05-17,"0,1071","0,1069","0,1073","0,1068","0,19%"
2016-05-18,"0,1068","0,1070","0,1074","0,1066","-0,28%"
2016-05-19,"0,1068","0,1067","0,1070","0,1066","0,00%"
2016-05-20,"0,1071","0,1068","0,1073","0,1067","0,28%"
2016-05-21,"0,1071","0,1068","0,1073","0,1067","0,28%"
2016-05-22,"0,1071","0,1068","0,1073","0,1067","0,28%"
2016-05-23,"0,1069","0,1071","0,1072","0,1067","-0,19%"
2016-05-24,"0,1079","0,1068","0,1081","0,1066","0,94%"
2016-05-25,"0,1081","0,1079","0,1083","0,1077","0,19%"
2016-05-26,"0,1079","0,1081","0,1082","0,1075","-0,19%"
2016-05-27,"0,1078","0,1078","0,1081","0,1076","-0,09%"
2016-05-28,"0,1078","0,1078","0,1081","0,1076","-0,09%"
2016-05-29,"0,1078","0,1078","0,1081","0,1076","-0,09%"
2016-05-30,"0,1076","0,1077","0,1081","0,1076","-0,19%"
2016-05-31,"0,1079","0,1077","0,1079","0,1074","0,28%"
2016-06-01,"0,1078","0,1078","0,1079","0,1075","-0,09%"
2016-06-02,"0,1076","0,1077","0,1079","0,1074","-0,19%"
2016-06-03,"0,1081","0,1077","0,1083","0,1073","0,46%"
2016-06-04,"0,1081","0,1077","0,1083","0,1073","0,46%"
2016-06-05,"0,1081","0,1077","0,1083","0,1073","0,46%"
2016-06-06,"0,1084","0,1082","0,1086","0,1078","0,28%"
2016-06-07,"0,1083","0,1084","0,1085","0,1081","-0,09%"
2016-06-08,"0,1082","0,1083","0,1084","0,1080","-0,09%"
2016-06-09,"0,1081","0,1081","0,1084","0,1078","-0,09%"
2016-06-10,"0,1069","0,1080","0,1081","0,1068","-1,11%"
2016-06-11,"0,1069","0,1080","0,1081","0,1068","-1,11%"
2016-06-12,"0,1069","0,1080","0,1081","0,1068","-1,11%"
2016-06-13,"0,1075","0,1070","0,1075","0,1069","0,56%"
2016-06-14,"0,1074","0,1075","0,1076","0,1070","-0,09%"
2016-06-15,"0,1069","0,1073","0,1074","0,1065","-0,47%"
2016-06-16,"0,1068","0,1068","0,1069","0,1063","-0,09%"
2016-06-17,"0,1064","0,1067","0,1069","0,1063","-0,37%"
2016-06-18,"0,1064","0,1067","0,1069","0,1063","-0,37%"
2016-06-19,"0,1064","0,1067","0,1069","0,1063","-0,37%"
2016-06-20,"0,1073","0,1064","0,1074","0,1060","0,85%"
2016-06-21,"0,1074","0,1072","0,1076","0,1069","0,09%"
2016-06-22,"0,1071","0,1074","0,1076","0,1069","-0,28%"
2016-06-23,"0,1076","0,1071","0,1079","0,1070","0,47%"
2016-06-24,"0,1063","0,1076","0,1081","0,1039","-1,21%"
2016-06-25,"0,1063","0,1076","0,1081","0,1039","-1,21%"
2016-06-26,"0,1063","0,1076","0,1081","0,1039","-1,21%"
2016-06-27,"0,1061","0,1061","0,1069","0,1056","-0,19%"
2016-06-28,"0,1063","0,1060","0,1064","0,1056","0,19%"
2016-06-29,"0,1063","0,1062","0,1065","0,1056","0,00%"
2016-06-30,"0,1064","0,1062","0,1066","0,1058","0,09%"
2016-07-01,"0,1064","0,1064","0,1066","0,1061","0,00%"
2016-07-02,"0,1064","0,1064","0,1066","0,1061","0,00%"
2016-07-03,"0,1064","0,1064","0,1066","0,1061","0,00%"
2016-07-04,"0,1064","0,1064","0,1066","0,1062","0,00%"
2016-07-05,"0,1059","0,1064","0,1065","0,1057","-0,47%"
2016-07-06,"0,1057","0,1059","0,1062","0,1052","-0,19%"
2016-07-07,"0,1054","0,1056","0,1058","0,1052","-0,28%"
2016-07-08,"0,1054","0,1053","0,1058","0,1050","0,00%"
2016-07-09,"0,1054","0,1053","0,1058","0,1050","0,00%"
2016-07-10,"0,1054","0,1053","0,1058","0,1050","0,00%"
2016-07-11,"0,1054","0,1054","0,1056","0,1053","0,00%"
2016-07-12,"0,1058","0,1054","0,1061","0,1053","0,38%"
2016-07-13,"0,1061","0,1058","0,1064","0,1055","0,28%"
2016-07-14,"0,1058","0,1060","0,1064","0,1057","-0,28%"
2016-07-15,"0,1056","0,1058","0,1059","0,1054","-0,19%"
2016-07-16,"0,1056","0,1058","0,1059","0,1054","-0,19%"
2016-07-17,"0,1056","0,1058","0,1059","0,1054","-0,19%"
2016-07-18,"0,1056","0,1056","0,1058","0,1053","0,00%"
2016-07-19,"0,1053","0,1056","0,1056","0,1052","-0,28%"
2016-07-20,"0,1056","0,1053","0,1058","0,1052","0,28%"
2016-07-21,"0,1056","0,1055","0,1058","0,1053","0,00%"
2016-07-22,"0,1053","0,1055","0,1056","0,1050","-0,28%"
2016-07-23,"0,1053","0,1055","0,1056","0,1050","-0,28%"
2016-07-24,"0,1053","0,1055","0,1056","0,1050","-0,28%"
2016-07-25,"0,1053","0,1052","0,1054","0,1051","0,00%"
2016-07-26,"0,1051","0,1053","0,1053","0,1050","-0,19%"
2016-07-27,"0,1048","0,1051","0,1053","0,1047","-0,29%"
2016-07-28,"0,1045","0,1048","0,1050","0,1042","-0,29%"
2016-07-29,"0,1046","0,1045","0,1051","0,1042","0,10%"
2016-07-30,"0,1046","0,1045","0,1051","0,1042","0,10%"
2016-07-31,"0,1046","0,1045","0,1051","0,1042","0,10%"
2016-08-01,"0,1043","0,1046","0,1048","0,1041","-0,29%"
2016-08-02,"0,1046","0,1042","0,1049","0,1040","0,29%"
2016-08-03,"0,1049","0,1047","0,1051","0,1045","0,29%"
2016-08-04,"0,1054","0,1049","0,1056","0,1048","0,48%"
2016-08-05,"0,1053","0,1054","0,1056","0,1050","-0,09%"
2016-08-06,"0,1053","0,1054","0,1056","0,1050","-0,09%"
2016-08-07,"0,1053","0,1054","0,1056","0,1050","-0,09%"
2016-08-08,"0,1051","0,1053","0,1054","0,1049","-0,19%"
2016-08-09,"0,1054","0,1051","0,1057","0,1049","0,29%"
2016-08-10,"0,1056","0,1054","0,1059","0,1052","0,19%"
2016-08-11,"0,1059","0,1056","0,1064","0,1056","0,28%"
2016-08-12,"0,1059","0,1059","0,1063","0,1057","0,00%"
2016-08-13,"0,1059","0,1059","0,1063","0,1057","0,00%"
2016-08-14,"0,1059","0,1059","0,1063","0,1057","0,00%"
2016-08-15,"0,1058","0,1059","0,1061","0,1054","-0,09%"
2016-08-16,"0,1053","0,1057","0,1059","0,1053","-0,47%"
2016-08-17,"0,1051","0,1053","0,1056","0,1050","-0,19%"
2016-08-18,"0,1056","0,1051","0,1056","0,1051","0,48%"
2016-08-19,"0,1053","0,1055","0,1056","0,1051","-0,28%"
2016-08-20,"0,1053","0,1055","0,1056","0,1051","-0,28%"
2016-08-21,"0,1053","0,1055","0,1056","0,1051","-0,28%"
2016-08-22,"0,1054","0,1054","0,1056","0,1051","0,09%"
2016-08-23,"0,1056","0,1054","0,1057","0,1053","0,19%"
2016-08-24,"0,1058","0,1055","0,1059","0,1054","0,19%"
2016-08-25,"0,1054","0,1057","0,1058","0,1052","-0,38%"
2016-08-26,"0,1053","0,1054","0,1058","0,1050","-0,09%"
2016-08-27,"0,1053","0,1054","0,1058","0,1050","-0,09%"
2016-08-28,"0,1053","0,1054","0,1058","0,1050","-0,09%"
2016-08-29,"0,1056","0,1052","0,1056","0,1051","0,28%"
2016-08-30,"0,1051","0,1055","0,1056","0,1048","-0,47%"
2016-08-31,"0,1046","0,1051","0,1053","0,1045","-0,48%"
2016-09-01,"0,1045","0,1047","0,1048","0,1042","-0,10%"
2016-09-02,"0,1045","0,1044","0,1045","0,1039","0,00%"
2016-09-03,"0,1045","0,1044","0,1045","0,1039","0,00%"
2016-09-04,"0,1045","0,1044","0,1045","0,1039","0,00%"
2016-09-05,"0,1047","0,1044","0,1048","0,1043","0,19%"
2016-09-06,"0,1049","0,1046","0,1051","0,1046","0,19%"
2016-09-07,"0,1053","0,1049","0,1054","0,1048","0,38%"
2016-09-08,"0,1051","0,1053","0,1056","0,1050","-0,19%"
2016-09-09,"0,1048","0,1052","0,1053","0,1047","-0,29%"
2016-09-10,"0,1048","0,1052","0,1053","0,1047","-0,29%"
2016-09-11,"0,1048","0,1052","0,1053","0,1047","-0,29%"
2016-09-12,"0,1049","0,1048","0,1049","0,1044","0,10%"
2016-09-13,"0,1046","0,1049","0,1051","0,1044","-0,29%"
2016-09-14,"0,1048","0,1045","0,1049","0,1043","0,19%"
2016-09-15,"0,1048","0,1047","0,1050","0,1044","0,00%"
2016-09-16,"0,1046","0,1048","0,1049","0,1044","-0,19%"
2016-09-17,"0,1046","0,1048","0,1049","0,1044","-0,19%"
2016-09-18,"0,1046","0,1048","0,1049","0,1044","-0,19%"
2016-09-19,"0,1045","0,1047","0,1047","0,1044","-0,10%"
2016-09-20,"0,1043","0,1044","0,1046","0,1042","-0,19%"
2016-09-21,"0,1045","0,1042","0,1045","0,1040","0,19%"
2016-09-22,"0,1043","0,1043","0,1046","0,1041","-0,19%"
2016-09-23,"0,1043","0,1043","0,1046","0,1041","0,00%"
2016-09-24,"0,1043","0,1043","0,1046","0,1041","0,00%"
2016-09-25,"0,1043","0,1043","0,1046","0,1041","0,00%"
2016-09-26,"0,1041","0,1042","0,1045","0,1038","-0,19%"
2016-09-27,"0,1037","0,1041","0,1043","0,1034","-0,38%"
2016-09-28,"0,1041","0,1037","0,1041","0,1035","0,39%"
2016-09-29,"0,1040","0,1041","0,1041","0,1038","-0,10%"
2016-09-30,"0,1038","0,1039","0,1041","0,1037","-0,19%"
2016-10-01,"0,1038","0,1039","0,1041","0,1037","-0,19%"
2016-10-02,"0,1038","0,1039","0,1041","0,1037","-0,19%"
2016-10-03,"0,1041","0,1038","0,1045","0,1036","0,29%"
2016-10-04,"0,1038","0,1041","0,1043","0,1037","-0,29%"
2016-10-05,"0,1039","0,1037","0,1042","0,1036","0,10%"
2016-10-06,"0,1039","0,1038","0,1040","0,1037","0,00%"
2016-10-07,"0,1036","0,1038","0,1041","0,1033","-0,29%"
2016-10-08,"0,1036","0,1038","0,1041","0,1033","-0,29%"
2016-10-09,"0,1036","0,1038","0,1041","0,1033","-0,29%"
2016-10-10,"0,1038","0,1035","0,1038","0,1031","0,19%"
2016-10-11,"0,1026","0,1037","0,1038","0,1024","-1,16%"
2016-10-12,"0,1028","0,1025","0,1028","0,1024","0,19%"
2016-10-13,"0,1028","0,1027","0,1031","0,1024","0,00%"
2016-10-14,"0,1031","0,1029","0,1033","0,1028","0,29%"
2016-10-15,"0,1031","0,1029","0,1033","0,1028","0,29%"
2016-10-16,"0,1031","0,1029","0,1033","0,1028","0,29%"
2016-10-17,"0,1031","0,1031","0,1033","0,1029","0,00%"
2016-10-18,"0,1031","0,1031","0,1033","0,1029","0,00%"
2016-10-19,"0,1031","0,1031","0,1033","0,1029","0,00%"
2016-10-20,"0,1031","0,1031","0,1033","0,1027","0,00%"
2016-10-21,"0,1031","0,1031","0,1033","0,1029","0,00%"
2016-10-22,"0,1031","0,1031","0,1033","0,1029","0,00%"
2016-10-23,"0,1031","0,1031","0,1033","0,1029","0,00%"
2016-10-24,"0,1031","0,1030","0,1033","0,1028","0,00%"
2016-10-25,"0,1028","0,1031","0,1033","0,1027","-0,29%"
2016-10-26,"0,1029","0,1028","0,1029","0,1025","0,10%"
2016-10-27,"0,1011","0,1028","0,1033","0,1010","-1,75%"
2016-10-28,"0,1009","0,1010","0,1017","0,1009","-0,20%"
2016-10-29,"0,1009","0,1010","0,1017","0,1009","-0,20%"
2016-10-30,"0,1009","0,1010","0,1017","0,1009","-0,20%"
2016-10-31,"0,1008","0,1009","0,1016","0,1007","-0,10%"
2016-11-01,"0,1009","0,1008","0,1016","0,1007","0,10%"
2016-11-02,"0,1010","0,1009","0,1012","0,1008","0,10%"
2016-11-03,"0,1004","0,1010","0,1014","0,1002","-0,59%"
2016-11-04,"0,1003","0,1004","0,1007","0,1001","-0,10%"
2016-11-05,"0,1003","0,1004","0,1007","0,1001","-0,10%"
2016-11-06,"0,1003","0,1004","0,1007","0,1001","-0,10%"
2016-11-07,"0,1003","0,1003","0,1008","0,0999","0,00%"
2016-11-08,"0,1008","0,1003","0,1009","0,1003","0,50%"
2016-11-09,"0,1011","0,1008","0,1013","0,0991","0,30%"
2016-11-10,"0,1016","0,1011","0,1017","0,1007","0,49%"
2016-11-11,"0,1013","0,1015","0,1017","0,1008","-0,30%"
2016-11-12,"0,1013","0,1015","0,1017","0,1008","-0,30%"
2016-11-13,"0,1013","0,1015","0,1017","0,1008","-0,30%"
2016-11-14,"0,1017","0,1013","0,1022","0,1012","0,39%"
2016-11-15,"0,1016","0,1017","0,1022","0,1013","-0,10%"
2016-11-16,"0,1017","0,1015","0,1019","0,1013","0,10%"
2016-11-17,"0,1019","0,1016","0,1020","0,1011","0,20%"
2016-11-18,"0,1019","0,1018","0,1022","0,1015","0,00%"
2016-11-19,"0,1019","0,1018","0,1022","0,1015","0,00%"
2016-11-20,"0,1019","0,1018","0,1022","0,1015","0,00%"
2016-11-21,"0,1021","0,1019","0,1022","0,1017","0,20%"
2016-11-22,"0,1021","0,1020","0,1022","0,1018","0,00%"
2016-11-23,"0,1021","0,1021","0,1023","0,1019","0,00%"
2016-11-24,"0,1024","0,1021","0,1027","0,1019","0,29%"
2016-11-25,"0,1022","0,1024","0,1025","0,1020","-0,20%"
2016-11-26,"0,1022","0,1024","0,1025","0,1020","-0,20%"
2016-11-27,"0,1022","0,1024","0,1025","0,1020","-0,20%"
2016-11-28,"0,1024","0,1021","0,1025","0,1019","0,20%"
2016-11-29,"0,1023","0,1024","0,1025","0,1022","-0,10%"
2016-11-30,"0,1023","0,1023","0,1028","0,1020","0,00%"
2016-12-01,"0,1017","0,1023","0,1023","0,1015","-0,59%"
2016-12-02,"0,1019","0,1017","0,1022","0,1016","0,20%"
2016-12-03,"0,1019","0,1017","0,1022","0,1016","0,20%"
2016-12-04,"0,1019","0,1017","0,1022","0,1016","0,20%"
2016-12-05,"0,1018","0,1019","0,1028","0,1017","-0,10%"
2016-12-06,"0,1022","0,1018","0,1024","0,1017","0,39%"
2016-12-07,"0,1025","0,1022","0,1026","0,1020","0,29%"
2016-12-08,"0,1032","0,1025","0,1033","0,1020","0,68%"
2016-12-09,"0,1031","0,1032","0,1033","0,1028","-0,10%"
2016-12-10,"0,1031","0,1032","0,1033","0,1028","-0,10%"
2016-12-11,"0,1031","0,1032","0,1033","0,1028","-0,10%"
2016-12-12,"0,1026","0,1030","0,1032","0,1025","-0,48%"
2016-12-13,"0,1027","0,1026","0,1031","0,1024","0,10%"
2016-12-14,"0,1025","0,1026","0,1028","0,1023","-0,19%"
2016-12-15,"0,1021","0,1025","0,1028","0,1020","-0,39%"
2016-12-16,"0,1022","0,1020","0,1024","0,1015","0,10%"
2016-12-17,"0,1022","0,1020","0,1024","0,1015","0,10%"
2016-12-18,"0,1022","0,1020","0,1024","0,1015","0,10%"
2016-12-19,"0,1024","0,1021","0,1026","0,1020","0,20%"
2016-12-20,"0,1029","0,1023","0,1031","0,1023","0,49%"
2016-12-21,"0,1039","0,1029","0,1040","0,1027","0,97%"
2016-12-22,"0,1038","0,1039","0,1043","0,1037","-0,10%"
2016-12-23,"0,1037","0,1038","0,1041","0,1036","-0,10%"
2016-12-24,"0,1037","0,1038","0,1041","0,1036","-0,10%"
2016-12-25,"0,1037","0,1038","0,1041","0,1036","-0,10%"
2016-12-26,"0,1038","0,1037","0,1042","0,1034","0,10%"
2016-12-27,"0,1037","0,1038","0,1041","0,1035","-0,10%"
2016-12-28,"0,1043","0,1036","0,1046","0,1035","0,58%"
2016-12-29,"0,1045","0,1043","0,1048","0,1042","0,19%"
2016-12-30,"0,1043","0,1045","0,1047","0,1040","-0,19%"
2016-12-31,"0,1043","0,1045","0,1047","0,1040","-0,19%"
2017-01-01,"0,1043","0,1045","0,1047","0,1040","-0,19%"
2017-01-02,"0,1046","0,1045","0,1050","0,1042","0,29%"
2017-01-03,"0,1048","0,1046","0,1051","0,1045","0,19%"
2017-01-04,"0,1047","0,1048","0,1051","0,1046","-0,10%"
2017-01-05,"0,1048","0,1047","0,1051","0,1044","0,10%"
2017-01-06,"0,1047","0,1048","0,1050","0,1043","-0,10%"
2017-01-07,"0,1047","0,1048","0,1050","0,1043","-0,10%"
2017-01-08,"0,1047","0,1048","0,1050","0,1043","-0,10%"
2017-01-09,"0,1046","0,1048","0,1048","0,1044","-0,10%"
2017-01-10,"0,1042","0,1045","0,1047","0,1042","-0,38%"
2017-01-11,"0,1047","0,1043","0,1048","0,1042","0,48%"
2017-01-12,"0,1052","0,1046","0,1053","0,1045","0,48%"
2017-01-13,"0,1056","0,1052","0,1057","0,1051","0,38%"
2017-01-14,"0,1056","0,1052","0,1057","0,1051","0,38%"
2017-01-15,"0,1056","0,1052","0,1057","0,1051","0,38%"
2017-01-16,"0,1053","0,1059","0,1060","0,1052","-0,28%"
2017-01-17,"0,1051","0,1054","0,1055","0,1047","-0,19%"
2017-01-18,"0,1051","0,1050","0,1052","0,1047","0,00%"
2017-01-19,"0,1047","0,1050","0,1051","0,1045","-0,38%"
2017-01-20,"0,1051","0,1047","0,1053","0,1046","0,38%"
2017-01-21,"0,1051","0,1047","0,1053","0,1046","0,38%"
2017-01-22,"0,1051","0,1047","0,1053","0,1046","0,38%"
2017-01-23,"0,1052","0,1051","0,1055","0,1048","0,10%"
2017-01-24,"0,1053","0,1052","0,1056","0,1051","0,10%"
2017-01-25,"0,1055","0,1053","0,1056","0,1051","0,19%"
2017-01-26,"0,1058","0,1055","0,1060","0,1054","0,28%"
2017-01-27,"0,1056","0,1058","0,1061","0,1055","-0,19%"
2017-01-28,"0,1056","0,1058","0,1061","0,1055","-0,19%"
2017-01-29,"0,1056","0,1058","0,1061","0,1055","-0,19%"
2017-01-30,"0,1058","0,1057","0,1061","0,1053","0,19%"
2017-01-31,"0,1060","0,1058","0,1061","0,1056","0,19%"
2017-02-01,"0,1061","0,1059","0,1064","0,1057","0,09%"
2017-02-02,"0,1062","0,1061","0,1063","0,1060","0,09%"
2017-02-03,"0,1058","0,1062","0,1062","0,1056","-0,38%"
2017-02-04,"0,1058","0,1062","0,1062","0,1056","-0,38%"
2017-02-05,"0,1058","0,1062","0,1062","0,1056","-0,38%"
2017-02-06,"0,1055","0,1058","0,1060","0,1052","-0,28%"
2017-02-07,"0,1055","0,1054","0,1058","0,1053","0,00%"
2017-02-08,"0,1057","0,1055","0,1060","0,1054","0,19%"
2017-02-09,"0,1053","0,1057","0,1058","0,1052","-0,38%"
2017-02-10,"0,1053","0,1054","0,1056","0,1052","0,00%"
2017-02-11,"0,1053","0,1054","0,1056","0,1052","0,00%"
2017-02-12,"0,1053","0,1054","0,1056","0,1052","0,00%"
2017-02-13,"0,1056","0,1054","0,1057","0,1053","0,28%"
2017-02-14,"0,1058","0,1055","0,1060","0,1055","0,19%"
2017-02-15,"0,1057","0,1058","0,1061","0,1055","-0,09%"
2017-02-16,"0,1057","0,1057","0,1060","0,1054","0,00%"
2017-02-17,"0,1057","0,1057","0,1060","0,1054","0,00%"
2017-02-18,"0,1057","0,1057","0,1060","0,1054","0,00%"
2017-02-19,"0,1057","0,1057","0,1060","0,1054","0,00%"
2017-02-20,"0,1055","0,1057","0,1058","0,1053","-0,19%"
2017-02-21,"0,1057","0,1054","0,1057","0,1053","0,19%"
2017-02-22,"0,1056","0,1057","0,1058","0,1053","-0,09%"
2017-02-23,"0,1051","0,1055","0,1056","0,1049","-0,47%"
2017-02-24,"0,1047","0,1051","0,1053","0,1047","-0,38%"
2017-02-25,"0,1047","0,1051","0,1053","0,1047","-0,38%"
2017-02-26,"0,1047","0,1051","0,1053","0,1047","-0,38%"
2017-02-27,"0,1042","0,1047","0,1048","0,1041","-0,48%"
2017-02-28,"0,1047","0,1042","0,1047","0,1041","0,48%"
2017-03-01,"0,1047","0,1046","0,1051","0,1045","0,00%"
2017-03-02,"0,1047","0,1048","0,1051","0,1047","0,00%"
2017-03-03,"0,1048","0,1047","0,1051","0,1046","0,10%"
2017-03-04,"0,1048","0,1047","0,1051","0,1046","0,10%"
2017-03-05,"0,1048","0,1047","0,1051","0,1046","0,10%"
2017-03-06,"0,1048","0,1048","0,1051","0,1046","0,00%"
2017-03-07,"0,1051","0,1047","0,1051","0,1047","0,29%"
2017-03-08,"0,1047","0,1050","0,1052","0,1047","-0,38%"
2017-03-09,"0,1046","0,1047","0,1048","0,1044","-0,10%"
2017-03-10,"0,1041","0,1045","0,1047","0,1038","-0,48%"
2017-03-11,"0,1041","0,1045","0,1047","0,1038","-0,48%"
2017-03-12,"0,1041","0,1045","0,1047","0,1038","-0,48%"
2017-03-13,"0,1050","0,1040","0,1051","0,1038","0,86%"
2017-03-14,"0,1051","0,1049","0,1055","0,1048","0,10%"
2017-03-15,"0,1051","0,1051","0,1052","0,1043","0,00%"
2017-03-16,"0,1053","0,1051","0,1056","0,1048","0,19%"
2017-03-17,"0,1055","0,1053","0,1057","0,1052","0,19%"
2017-03-18,"0,1055","0,1053","0,1057","0,1052","0,19%"
2017-03-19,"0,1055","0,1053","0,1057","0,1052","0,19%"
2017-03-20,"0,1056","0,1054","0,1056","0,1050","0,09%"
2017-03-21,"0,1051","0,1055","0,1056","0,1050","-0,47%"
2017-03-22,"0,1052","0,1051","0,1055","0,1048","0,10%"
2017-03-23,"0,1051","0,1052","0,1055","0,1048","-0,10%"
2017-03-24,"0,1051","0,1050","0,1052","0,1047","0,00%"
2017-03-25,"0,1051","0,1050","0,1052","0,1047","0,00%"
2017-03-26,"0,1051","0,1050","0,1052","0,1047","0,00%"
2017-03-27,"0,1047","0,1051","0,1051","0,1045","-0,38%"
2017-03-28,"0,1047","0,1047","0,1049","0,1046","0,00%"
2017-03-29,"0,1047","0,1047","0,1048","0,1044","0,00%"
2017-03-30,"0,1047","0,1047","0,1048","0,1044","0,00%"
2017-03-31,"0,1047","0,1047","0,1050","0,1045","0,00%"
2017-04-01,"0,1047","0,1047","0,1050","0,1045","0,00%"
2017-04-02,"0,1047","0,1047","0,1050","0,1045","0,00%"
2017-04-03,"0,1047","0,1045","0,1051","0,1045","0,00%"
2017-04-04,"0,1041","0,1046","0,1047","0,1039","-0,57%"
2017-04-05,"0,1043","0,1040","0,1046","0,1039","0,19%"
2017-04-06,"0,1041","0,1043","0,1044","0,1040","-0,19%"
2017-04-07,"0,1041","0,1041","0,1043","0,1037","0,00%"
2017-04-08,"0,1041","0,1041","0,1043","0,1037","0,00%"
2017-04-09,"0,1041","0,1041","0,1043","0,1037","0,00%"
2017-04-10,"0,1040","0,1040","0,1042","0,1039","-0,10%"
2017-04-11,"0,1041","0,1039","0,1043","0,1037","0,10%"
2017-04-12,"0,1045","0,1041","0,1047","0,1040","0,38%"
2017-04-13,"0,1042","0,1044","0,1047","0,1041","-0,29%"
2017-04-14,"0,1042","0,1042","0,1043","0,1041","0,00%"
2017-04-15,"0,1042","0,1042","0,1043","0,1041","0,00%"
2017-04-16,"0,1042","0,1042","0,1043","0,1041","0,00%"
2017-04-17,"0,1045","0,1043","0,1046","0,1041","0,29%"
2017-04-18,"0,1041","0,1044","0,1045","0,1039","-0,38%"
2017-04-19,"0,1041","0,1040","0,1043","0,1038","0,00%"
2017-04-20,"0,1038","0,1040","0,1042","0,1036","-0,29%"
2017-04-21,"0,1035","0,1038","0,1039","0,1033","-0,29%"
2017-04-22,"0,1035","0,1038","0,1039","0,1033","-0,29%"
2017-04-23,"0,1035","0,1038","0,1039","0,1033","-0,29%"
2017-04-24,"0,1039","0,1016","0,1046","0,1015","0,39%"
2017-04-25,"0,1043","0,1039","0,1044","0,1037","0,38%"
2017-04-26,"0,1047","0,1043","0,1047","0,1042","0,38%"
2017-04-27,"0,1041","0,1046","0,1047","0,1035","-0,57%"
2017-04-28,"0,1037","0,1041","0,1042","0,1035","-0,38%"
2017-04-29,"0,1037","0,1041","0,1042","0,1035","-0,38%"
2017-04-30,"0,1037","0,1041","0,1042","0,1035","-0,38%"
2017-05-01,"0,1037","0,1035","0,1039","0,1034","0,00%"
2017-05-02,"0,1040","0,1037","0,1040","0,1034","0,29%"
2017-05-03,"0,1038","0,1039","0,1041","0,1037","-0,19%"
2017-05-04,"0,1031","0,1038","0,1039","0,1029","-0,67%"
2017-05-05,"0,1035","0,1031","0,1037","0,1029","0,39%"
2017-05-06,"0,1035","0,1031","0,1037","0,1029","0,39%"
2017-05-07,"0,1035","0,1031","0,1037","0,1029","0,39%"
2017-05-08,"0,1035","0,1034","0,1037","0,1031","0,00%"
2017-05-09,"0,1035","0,1034","0,1037","0,1031","0,00%"
2017-05-10,"0,1032","0,1034","0,1036","0,1030","-0,29%"
2017-05-11,"0,1037","0,1031","0,1040","0,1030","0,48%"
2017-05-12,"0,1037","0,1036","0,1037","0,1033","0,00%"
2017-05-13,"0,1037","0,1036","0,1037","0,1033","0,00%"
2017-05-14,"0,1037","0,1036","0,1037","0,1033","0,00%"
2017-05-15,"0,1032","0,1036","0,1036","0,1031","-0,48%"
2017-05-16,"0,1027","0,1032","0,1033","0,1022","-0,48%"
2017-05-17,"0,1027","0,1026","0,1027","0,1023","0,00%"
2017-05-18,"0,1022","0,1026","0,1028","0,1022","-0,49%"
2017-05-19,"0,1022","0,1022","0,1026","0,1020","0,00%"
2017-05-20,"0,1022","0,1022","0,1026","0,1020","0,00%"
2017-05-21,"0,1022","0,1022","0,1026","0,1020","0,00%"
2017-05-22,"0,1023","0,1023","0,1027","0,1020","0,10%"
2017-05-23,"0,1027","0,1023","0,1027","0,1022","0,39%"
2017-05-24,"0,1028","0,1027","0,1029","0,1025","0,10%"
2017-05-25,"0,1027","0,1028","0,1029","0,1026","-0,10%"
2017-05-26,"0,1028","0,1027","0,1032","0,1026","0,10%"
2017-05-27,"0,1028","0,1027","0,1032","0,1026","0,10%"
2017-05-28,"0,1028","0,1027","0,1032","0,1026","0,10%"
2017-05-29,"0,1029","0,1028","0,1031","0,1027","0,10%"
2017-05-30,"0,1024","0,1029","0,1029","0,1022","-0,49%"
2017-05-31,"0,1023","0,1024","0,1027","0,1021","-0,10%"
2017-06-01,"0,1027","0,1024","0,1027","0,1021","0,39%"
2017-06-02,"0,1028","0,1026","0,1029","0,1023","0,10%"
2017-06-03,"0,1028","0,1026","0,1029","0,1023","0,10%"
2017-06-04,"0,1028","0,1026","0,1029","0,1023","0,10%"
2017-06-05,"0,1027","0,1028","0,1029","0,1023","-0,10%"
2017-06-06,"0,1023","0,1026","0,1027","0,1021","-0,39%"
2017-06-07,"0,1022","0,1023","0,1024","0,1019","-0,10%"
2017-06-08,"0,1023","0,1022","0,1024","0,1019","0,10%"
2017-06-09,"0,1024","0,1023","0,1026","0,1021","0,10%"
2017-06-10,"0,1024","0,1023","0,1026","0,1021","0,10%"
2017-06-11,"0,1024","0,1023","0,1026","0,1021","0,10%"
2017-06-12,"0,1021","0,1024","0,1026","0,1020","-0,29%"
2017-06-13,"0,1026","0,1020","0,1028","0,1020","0,49%"
2017-06-14,"0,1024","0,1026","0,1028","0,1023","-0,19%"
2017-06-15,"0,1026","0,1024","0,1028","0,1023","0,20%"
2017-06-16,"0,1026","0,1025","0,1028","0,1023","0,00%"
2017-06-17,"0,1026","0,1025","0,1028","0,1023","0,00%"
2017-06-18,"0,1026","0,1025","0,1028","0,1023","0,00%"
2017-06-19,"0,1026","0,1025","0,1027","0,1024","0,00%"
2017-06-20,"0,1022","0,1026","0,1027","0,1021","-0,39%"
2017-06-21,"0,1023","0,1022","0,1024","0,1021","0,10%"
2017-06-22,"0,1024","0,1023","0,1027","0,1023","0,10%"
2017-06-23,"0,1024","0,1024","0,1026","0,1021","0,00%"
2017-06-24,"0,1024","0,1024","0,1026","0,1021","0,00%"
2017-06-25,"0,1024","0,1024","0,1026","0,1021","0,00%"
2017-06-26,"0,1026","0,1023","0,1027","0,1023","0,20%"
2017-06-27,"0,1024","0,1025","0,1026","0,1021","-0,19%"
2017-06-28,"0,1028","0,1024","0,1029","0,1019","0,39%"
2017-06-29,"0,1033","0,1028","0,1035","0,1027","0,49%"
2017-06-30,"0,1038","0,1033","0,1041","0,1032","0,48%"
2017-07-01,"0,1038","0,1033","0,1041","0,1032","0,48%"
2017-07-02,"0,1038","0,1033","0,1041","0,1032","0,48%"
2017-07-03,"0,1037","0,1038","0,1041","0,1036","-0,10%"
2017-07-04,"0,1033","0,1036","0,1037","0,1030","-0,39%"
2017-07-05,"0,1038","0,1033","0,1039","0,1033","0,48%"
2017-07-06,"0,1037","0,1038","0,1041","0,1036","-0,10%"
2017-07-07,"0,1041","0,1036","0,1042","0,1036","0,39%"
2017-07-08,"0,1041","0,1036","0,1042","0,1036","0,39%"
2017-07-09,"0,1041","0,1036","0,1042","0,1036","0,39%"
2017-07-10,"0,1041","0,1041","0,1042","0,1038","0,00%"
2017-07-11,"0,1038","0,1040","0,1042","0,1036","-0,29%"
2017-07-12,"0,1041","0,1038","0,1041","0,1036","0,29%"
2017-07-13,"0,1050","0,1041","0,1051","0,1040","0,86%"
2017-07-14,"0,1050","0,1049","0,1051","0,1047","0,00%"
2017-07-15,"0,1050","0,1049","0,1051","0,1047","0,00%"
2017-07-16,"0,1050","0,1049","0,1051","0,1047","0,00%"
2017-07-17,"0,1051","0,1050","0,1051","0,1047","0,10%"
2017-07-18,"0,1042","0,1051","0,1052","0,1041","-0,86%"
2017-07-19,"0,1046","0,1042","0,1048","0,1041","0,38%"
2017-07-20,"0,1046","0,1045","0,1047","0,1041","0,00%"
2017-07-21,"0,1041","0,1045","0,1047","0,1038","-0,48%"
2017-07-22,"0,1041","0,1045","0,1047","0,1038","-0,48%"
2017-07-23,"0,1041","0,1045","0,1047","0,1038","-0,48%"
2017-07-24,"0,1046","0,1040","0,1047","0,1038","0,48%"
2017-07-25,"0,1046","0,1045","0,1049","0,1043","0,00%"
2017-07-26,"0,1043","0,1045","0,1046","0,1042","-0,29%"
2017-07-27,"0,1042","0,1043","0,1046","0,1039","-0,10%"
2017-07-28,"0,1048","0,1042","0,1051","0,1041","0,58%"
2017-07-29,"0,1048","0,1042","0,1051","0,1041","0,58%"
2017-07-30,"0,1048","0,1042","0,1051","0,1041","0,58%"
2017-07-31,"0,1047","0,1049","0,1051","0,1046","-0,10%"
2017-08-01,"0,1045","0,1046","0,1048","0,1043","-0,19%"
2017-08-02,"0,1042","0,1044","0,1046","0,1039","-0,29%"
2017-08-03,"0,1040","0,1042","0,1042","0,1039","-0,19%"
2017-08-04,"0,1043","0,1039","0,1045","0,1039","0,29%"
2017-08-05,"0,1043","0,1039","0,1045","0,1039","0,29%"
2017-08-06,"0,1043","0,1039","0,1045","0,1039","0,29%"
2017-08-07,"0,1041","0,1041","0,1043","0,1038","-0,19%"
2017-08-08,"0,1041","0,1040","0,1043","0,1039","0,00%"
2017-08-09,"0,1040","0,1041","0,1041","0,1037","-0,10%"
2017-08-10,"0,1045","0,1040","0,1047","0,1039","0,48%"
2017-08-11,"0,1042","0,1044","0,1046","0,1036","-0,29%"
2017-08-12,"0,1042","0,1044","0,1046","0,1036","-0,29%"
2017-08-13,"0,1042","0,1044","0,1046","0,1036","-0,29%"
2017-08-14,"0,1047","0,1043","0,1047","0,1040","0,48%"
2017-08-15,"0,1056","0,1047","0,1056","0,1046","0,86%"
2017-08-16,"0,1052","0,1056","0,1056","0,1051","-0,38%"
2017-08-17,"0,1048","0,1052","0,1054","0,1047","-0,38%"
2017-08-18,"0,1048","0,1048","0,1051","0,1047","0,00%"
2017-08-19,"0,1048","0,1048","0,1051","0,1047","0,00%"
2017-08-20,"0,1048","0,1048","0,1051","0,1047","0,00%"
2017-08-21,"0,1048","0,1048","0,1052","0,1047","0,00%"
2017-08-22,"0,1051","0,1048","0,1051","0,1047","0,29%"
2017-08-23,"0,1051","0,1051","0,1051","0,1047","0,00%"
2017-08-24,"0,1051","0,1051","0,1052","0,1050","0,00%"
2017-08-25,"0,1052","0,1051","0,1055","0,1050","0,10%"
2017-08-26,"0,1052","0,1051","0,1055","0,1050","0,10%"
2017-08-27,"0,1052","0,1051","0,1055","0,1050","0,10%"
2017-08-28,"0,1049","0,1052","0,1053","0,1048","-0,29%"
2017-08-29,"0,1052","0,1049","0,1052","0,1045","0,29%"
2017-08-30,"0,1055","0,1051","0,1056","0,1051","0,29%"
2017-08-31,"0,1057","0,1055","0,1058","0,1053","0,19%"
2017-09-01,"0,1056","0,1057","0,1058","0,1051","-0,09%"
2017-09-02,"0,1056","0,1057","0,1058","0,1051","-0,09%"
2017-09-03,"0,1056","0,1057","0,1058","0,1051","-0,09%"
2017-09-04,"0,1056","0,1055","0,1056","0,1052","0,00%"
2017-09-05,"0,1053","0,1056","0,1057","0,1051","-0,28%"
2017-09-06,"0,1051","0,1053","0,1056","0,1051","-0,19%"
2017-09-07,"0,1051","0,1051","0,1056","0,1047","0,00%"
2017-09-08,"0,1047","0,1051","0,1051","0,1046","-0,38%"
2017-09-09,"0,1047","0,1051","0,1051","0,1046","-0,38%"
2017-09-10,"0,1047","0,1051","0,1051","0,1046","-0,38%"
2017-09-11,"0,1044","0,1047","0,1049","0,1042","-0,29%"
2017-09-12,"0,1048","0,1045","0,1051","0,1043","0,38%"
2017-09-13,"0,1047","0,1048","0,1050","0,1046","-0,10%"
2017-09-14,"0,1051","0,1047","0,1051","0,1047","0,38%"
2017-09-15,"0,1051","0,1050","0,1052","0,1048","0,00%"
2017-09-16,"0,1051","0,1050","0,1052","0,1048","0,00%"
2017-09-17,"0,1051","0,1050","0,1052","0,1048","0,00%"
2017-09-18,"0,1051","0,1051","0,1052","0,1050","0,00%"
2017-09-19,"0,1048","0,1051","0,1051","0,1047","-0,29%"
2017-09-20,"0,1050","0,1048","0,1051","0,1047","0,19%"
2017-09-21,"0,1051","0,1050","0,1051","0,1048","0,10%"
2017-09-22,"0,1048","0,1051","0,1051","0,1047","-0,29%"
2017-09-23,"0,1048","0,1051","0,1051","0,1047","-0,29%"
2017-09-24,"0,1048","0,1051","0,1051","0,1047","-0,29%"
2017-09-25,"0,1050","0,1048","0,1051","0,1047","0,19%"
2017-09-26,"0,1045","0,1050","0,1050","0,1042","-0,48%"
2017-09-27,"0,1045","0,1045","0,1046","0,1041","0,00%"
2017-09-28,"0,1046","0,1045","0,1047","0,1042","0,10%"
2017-09-29,"0,1039","0,1045","0,1046","0,1034","-0,67%"
2017-09-30,"0,1039","0,1045","0,1046","0,1034","-0,67%"
2017-10-01,"0,1039","0,1045","0,1046","0,1034","-0,67%"
2017-10-02,"0,1043","0,1040","0,1045","0,1037","0,38%"
2017-10-03,"0,1047","0,1043","0,1047","0,1042","0,38%"
2017-10-04,"0,1050","0,1046","0,1051","0,1045","0,29%"
2017-10-05,"0,1048","0,1051","0,1051","0,1048","-0,19%"
2017-10-06,"0,1050","0,1048","0,1051","0,1046","0,19%"
2017-10-07,"0,1050","0,1048","0,1051","0,1046","0,19%"
2017-10-08,"0,1050","0,1048","0,1051","0,1046","0,19%"
2017-10-09,"0,1048","0,1051","0,1051","0,1048","-0,19%"
2017-10-10,"0,1049","0,1048","0,1051","0,1047","0,10%"
2017-10-11,"0,1047","0,1050","0,1051","0,1047","-0,19%"
2017-10-12,"0,1041","0,1047","0,1051","0,1040","-0,57%"
2017-10-13,"0,1042","0,1040","0,1044","0,1038","0,10%"
2017-10-14,"0,1042","0,1040","0,1044","0,1038","0,10%"
2017-10-15,"0,1042","0,1040","0,1044","0,1038","0,10%"
2017-10-16,"0,1046","0,1042","0,1046","0,1041","0,38%"
2017-10-17,"0,1042","0,1047","0,1047","0,1042","-0,38%"
2017-10-18,"0,1042","0,1042","0,1043","0,1040","0,00%"
2017-10-19,"0,1038","0,1042","0,1042","0,1036","-0,38%"
2017-10-20,"0,1040","0,1038","0,1041","0,1037","0,19%"
2017-10-21,"0,1040","0,1038","0,1041","0,1037","0,19%"
2017-10-22,"0,1040","0,1038","0,1041","0,1037","0,19%"
2017-10-23,"0,1038","0,1040","0,1041","0,1035","-0,19%"
2017-10-24,"0,1035","0,1038","0,1038","0,1033","-0,29%"
2017-10-25,"0,1030","0,1034","0,1035","0,1028","-0,48%"
2017-10-26,"0,1028","0,1030","0,1033","0,1026","-0,19%"
2017-10-27,"0,1032","0,1028","0,1032","0,1026","0,39%"
2017-10-28,"0,1032","0,1028","0,1032","0,1026","0,39%"
2017-10-29,"0,1032","0,1028","0,1032","0,1026","0,39%"
2017-10-30,"0,1027","0,1032","0,1032","0,1027","-0,48%"
2017-10-31,"0,1024","0,1027","0,1029","0,1024","-0,29%"
2017-11-01,"0,1024","0,1026","0,1027","0,1023","0,00%"
2017-11-02,"0,1022","0,1024","0,1026","0,1021","-0,20%"
2017-11-03,"0,1022","0,1022","0,1023","0,1017","0,00%"
2017-11-04,"0,1022","0,1022","0,1023","0,1017","0,00%"
2017-11-05,"0,1022","0,1022","0,1023","0,1017","0,00%"
2017-11-06,"0,1026","0,1022","0,1027","0,1021","0,39%"
2017-11-07,"0,1027","0,1026","0,1029","0,1024","0,10%"
2017-11-08,"0,1029","0,1027","0,1029","0,1026","0,19%"
2017-11-09,"0,1026","0,1029","0,1031","0,1024","-0,29%"
2017-11-10,"0,1026","0,1025","0,1027","0,1024","0,00%"
2017-11-11,"0,1026","0,1025","0,1027","0,1024","0,00%"
2017-11-12,"0,1026","0,1025","0,1027","0,1024","0,00%"
2017-11-13,"0,1022","0,1027","0,1027","0,1021","-0,39%"
2017-11-14,"0,1009","0,1022","0,1023","0,1008","-1,27%"
2017-11-15,"0,1006","0,1009","0,1010","0,1000","-0,30%"
2017-11-16,"0,1012","0,1007","0,1013","0,1006","0,60%"
2017-11-17,"0,1007","0,1012","0,1012","0,1003","-0,49%"
2017-11-18,"0,1007","0,1012","0,1012","0,1003","-0,49%"
2017-11-19,"0,1007","0,1012","0,1012","0,1003","-0,49%"
2017-11-20,"0,1004","0,1008","0,1012","0,1003","-0,30%"
2017-11-21,"0,1011","0,1004","0,1012","0,0998","0,70%"
2017-11-22,"0,1014","0,1011","0,1016","0,1007","0,30%"
2017-11-23,"0,1017","0,1014","0,1017","0,1012","0,30%"
2017-11-24,"0,1013","0,1017","0,1018","0,1012","-0,39%"
2017-11-25,"0,1013","0,1017","0,1018","0,1012","-0,39%"
2017-11-26,"0,1013","0,1017","0,1018","0,1012","-0,39%"
2017-11-27,"0,1013","0,1013","0,1013","0,1008","0,00%"
2017-11-28,"0,1012","0,1013","0,1013","0,1008","-0,10%"
2017-11-29,"0,1008","0,1012","0,1013","0,1008","-0,40%"
2017-11-30,"0,1003","0,1009","0,1010","0,1002","-0,50%"
2017-12-01,"0,1006","0,1003","0,1007","0,1000","0,30%"
2017-12-02,"0,1006","0,1003","0,1007","0,1000","0,30%"
2017-12-03,"0,1006","0,1003","0,1007","0,1000","0,30%"
2017-12-04,"0,1001","0,1007","0,1008","0,1000","-0,50%"
2017-12-05,"0,1011","0,1001","0,1013","0,0998","1,00%"
2017-12-06,"0,1005","0,1011","0,1016","0,1004","-0,59%"
2017-12-07,"0,1001","0,1006","0,1007","0,1000","-0,40%"
2017-12-08,"0,1006","0,1001","0,1006","0,0999","0,50%"
2017-12-09,"0,1006","0,1001","0,1006","0,0999","0,50%"
2017-12-10,"0,1006","0,1001","0,1006","0,0999","0,50%"
2017-12-11,"0,0999","0,1006","0,1006","0,0996","-0,70%"
2017-12-12,"0,1012","0,0999","0,1013","0,0997","1,30%"
2017-12-13,"0,1005","0,1011","0,1012","0,1004","-0,69%"
2017-12-14,"0,1006","0,1005","0,1012","0,1002","0,10%"
2017-12-15,"0,1001","0,1007","0,1008","0,0998","-0,50%"
2017-12-16,"0,1001","0,1007","0,1008","0,0998","-0,50%"
2017-12-17,"0,1001","0,1007","0,1008","0,0998","-0,50%"
2017-12-18,"0,1006","0,1000","0,1008","0,0999","0,50%"
2017-12-19,"0,1005","0,1006","0,1007","0,1002","-0,10%"
2017-12-20,"0,1003","0,1006","0,1014","0,1003","-0,20%"
2017-12-21,"0,1005","0,1003","0,1006","0,1000","0,20%"
2017-12-22,"0,1013","0,1006","0,1013","0,1004","0,80%"
2017-12-23,"0,1013","0,1006","0,1013","0,1004","0,80%"
2017-12-24,"0,1013","0,1006","0,1013","0,1004","0,80%"
2017-12-25,"0,1010","0,1013","0,1013","0,1008","-0,30%"
2017-12-26,"0,1010","0,1010","0,1011","0,1007","0,00%"
2017-12-27,"0,1017","0,1011","0,1017","0,1008","0,69%"
2017-12-28,"0,1016","0,1017","0,1017","0,1013","-0,10%"
2017-12-29,"0,1016","0,1015","0,1019","0,1013","0,00%"
2017-12-30,"0,1016","0,1015","0,1019","0,1013","0,00%"
2017-12-31,"0,1016","0,1015","0,1019","0,1013","0,00%"
2018-01-01,"0,1015","0,1015","0,1016","0,1014","-0,10%"
2018-01-02,"0,1016","0,1016","0,1019","0,1013","0,10%"
2018-01-03,"0,1017","0,1016","0,1019","0,1014","0,10%"
2018-01-04,"0,1018","0,1017","0,1021","0,1017","0,10%"
2018-01-05,"0,1021","0,1018","0,1022","0,1016","0,29%"
2018-01-06,"0,1021","0,1018","0,1022","0,1016","0,29%"
2018-01-07,"0,1021","0,1018","0,1022","0,1016","0,29%"
2018-01-08,"0,1019","0,1020","0,1021","0,1016","-0,20%"
2018-01-09,"0,1018","0,1019","0,1020","0,1016","-0,10%"
2018-01-10,"0,1021","0,1018","0,1026","0,1017","0,29%"
2018-01-11,"0,1022","0,1020","0,1023","0,1017","0,10%"
2018-01-12,"0,1019","0,1022","0,1024","0,1016","-0,29%"
2018-01-13,"0,1019","0,1022","0,1024","0,1016","-0,29%"
2018-01-14,"0,1019","0,1022","0,1024","0,1016","-0,29%"
2018-01-15,"0,1017","0,1018","0,1019","0,1014","-0,20%"
2018-01-16,"0,1014","0,1017","0,1019","0,1013","-0,29%"
2018-01-17,"0,1019","0,1014","0,1019","0,1013","0,49%"
2018-01-18,"0,1019","0,1019","0,1020","0,1016","0,00%"
2018-01-19,"0,1017","0,1019","0,1019","0,1016","-0,20%"
2018-01-20,"0,1017","0,1019","0,1019","0,1016","-0,20%"
2018-01-21,"0,1017","0,1019","0,1019","0,1016","-0,20%"
2018-01-22,"0,1017","0,1013","0,1018","0,1013","0,00%"
2018-01-23,"0,1016","0,1017","0,1018","0,1013","-0,10%"
2018-01-24,"0,1017","0,1016","0,1018","0,1014","0,10%"
2018-01-25,"0,1018","0,1016","0,1021","0,1016","0,10%"
2018-01-26,"0,1022","0,1018","0,1024","0,1017","0,39%"
2018-01-27,"0,1022","0,1018","0,1024","0,1017","0,39%"
2018-01-28,"0,1022","0,1018","0,1024","0,1017","0,39%"
2018-01-29,"0,1023","0,1022","0,1027","0,1022","0,10%"
2018-01-30,"0,1022","0,1023","0,1024","0,1021","-0,10%"
2018-01-31,"0,1022","0,1021","0,1026","0,1021","0,00%"
2018-02-01,"0,1019","0,1022","0,1023","0,1018","-0,29%"
2018-02-02,"0,1015","0,1019","0,1020","0,1014","-0,39%"
2018-02-03,"0,1015","0,1019","0,1020","0,1014","-0,39%"
2018-02-04,"0,1015","0,1019","0,1020","0,1014","-0,39%"
2018-02-05,"0,1013","0,1016","0,1018","0,1012","-0,20%"
2018-02-06,"0,1016","0,1013","0,1016","0,1011","0,30%"
2018-02-07,"0,1008","0,1017","0,1017","0,1008","-0,79%"
2018-02-08,"0,1006","0,1008","0,1013","0,1003","-0,20%"
2018-02-09,"0,1008","0,1007","0,1011","0,0999","0,20%"
2018-02-10,"0,1008","0,1007","0,1011","0,0999","0,20%"
2018-02-11,"0,1008","0,1007","0,1011","0,0999","0,20%"
2018-02-12,"0,1009","0,1009","0,1010","0,1006","0,10%"
2018-02-13,"0,1008","0,1008","0,1009","0,1004","-0,10%"
2018-02-14,"0,1009","0,1008","0,1013","0,1003","0,10%"
2018-02-15,"0,1008","0,1009","0,1012","0,1006","-0,10%"
2018-02-16,"0,1012","0,1008","0,1013","0,1008","0,40%"
2018-02-17,"0,1012","0,1008","0,1013","0,1008","0,40%"
2018-02-18,"0,1012","0,1008","0,1013","0,1008","0,40%"
2018-02-19,"0,1009","0,1013","0,1013","0,1008","-0,30%"
2018-02-20,"0,1001","0,1009","0,1010","0,1000","-0,79%"
2018-02-21,"0,1003","0,1002","0,1004","0,1001","0,20%"
2018-02-22,"0,0999","0,1003","0,1003","0,0998","-0,40%"
2018-02-23,"0,0995","0,0999","0,1000","0,0993","-0,40%"
2018-02-24,"0,0995","0,0999","0,1000","0,0993","-0,40%"
2018-02-25,"0,0995","0,0999","0,1000","0,0993","-0,40%"
2018-02-26,"0,0996","0,0994","0,0998","0,0994","0,10%"
2018-02-27,"0,0994","0,0997","0,0997","0,0991","-0,20%"
2018-02-28,"0,0989","0,0993","0,0994","0,0986","-0,50%"
2018-03-01,"0,0988","0,0989","0,0992","0,0987","-0,10%"
2018-03-02,"0,0984","0,0988","0,0989","0,0980","-0,40%"
2018-03-03,"0,0984","0,0988","0,0989","0,0980","-0,40%"
2018-03-04,"0,0984","0,0988","0,0989","0,0980","-0,40%"
2018-03-05,"0,0981","0,0983","0,0987","0,0980","-0,30%"
2018-03-06,"0,0983","0,0982","0,0983","0,0979","0,20%"
2018-03-07,"0,0979","0,0982","0,0982","0,0975","-0,41%"
2018-03-08,"0,0983","0,0980","0,0984","0,0977","0,41%"
2018-03-09,"0,0985","0,0983","0,0987","0,0982","0,20%"
2018-03-10,"0,0985","0,0983","0,0987","0,0982","0,20%"
2018-03-11,"0,0985","0,0983","0,0987","0,0982","0,20%"
2018-03-12,"0,0984","0,0985","0,0987","0,0984","-0,10%"
2018-03-13,"0,0983","0,0984","0,0988","0,0982","-0,10%"
2018-03-14,"0,0988","0,0982","0,0989","0,0981","0,51%"
2018-03-15,"0,0993","0,0988","0,0994","0,0987","0,51%"
2018-03-16,"0,0993","0,0993","0,0994","0,0990","0,00%"
2018-03-17,"0,0993","0,0993","0,0994","0,0990","0,00%"
2018-03-18,"0,0993","0,0993","0,0994","0,0990","0,00%"
2018-03-19,"0,0993","0,0993","0,0994","0,0990","0,00%"
2018-03-20,"0,0993","0,0993","0,0995","0,0990","0,00%"
2018-03-21,"0,0990","0,0993","0,0994","0,0988","-0,30%"
2018-03-22,"0,0984","0,0990","0,0990","0,0984","-0,61%"
2018-03-23,"0,0982","0,0984","0,0987","0,0979","-0,20%"
2018-03-24,"0,0982","0,0984","0,0987","0,0979","-0,20%"
2018-03-25,"0,0982","0,0984","0,0987","0,0979","-0,20%"
2018-03-26,"0,0981","0,0982","0,0985","0,0979","-0,10%"
2018-03-27,"0,0979","0,0982","0,0983","0,0979","-0,20%"
2018-03-28,"0,0973","0,0979","0,0980","0,0971","-0,61%"
2018-03-29,"0,0973","0,0974","0,0974","0,0969","0,00%"
2018-03-30,"0,0973","0,0973","0,0974","0,0970","0,00%"
2018-03-31,"0,0973","0,0973","0,0974","0,0970","0,00%"
2018-04-01,"0,0973","0,0973","0,0974","0,0970","0,00%"
2018-04-02,"0,0969","0,0973","0,0974","0,0968","-0,41%"
2018-04-03,"0,0971","0,0968","0,0973","0,0966","0,21%"
2018-04-04,"0,0969","0,0972","0,0973","0,0966","-0,21%"
2018-04-05,"0,0970","0,0969","0,0973","0,0968","0,10%"
2018-04-06,"0,0970","0,0970","0,0973","0,0968","0,00%"
2018-04-07,"0,0970","0,0970","0,0973","0,0968","0,00%"
2018-04-08,"0,0970","0,0970","0,0973","0,0968","0,00%"
2018-04-09,"0,0971","0,0970","0,0973","0,0969","0,10%"
2018-04-10,"0,0975","0,0971","0,0975","0,0969","0,41%"
2018-04-11,"0,0972","0,0975","0,0975","0,0969","-0,31%"
2018-04-12,"0,0965","0,0971","0,0971","0,0961","-0,72%"
2018-04-13,"0,0957","0,0965","0,0965","0,0954","-0,83%"
2018-04-14,"0,0957","0,0965","0,0965","0,0954","-0,83%"
2018-04-15,"0,0957","0,0965","0,0965","0,0954","-0,83%"
2018-04-16,"0,0959","0,0958","0,0963","0,0955","0,21%"
2018-04-17,"0,0962","0,0959","0,0963","0,0957","0,31%"
2018-04-18,"0,0961","0,0963","0,0964","0,0960","-0,10%"
2018-04-19,"0,0964","0,0961","0,0965","0,0961","0,31%"
2018-04-20,"0,0964","0,0964","0,0965","0,0963","0,00%"
2018-04-21,"0,0964","0,0964","0,0965","0,0963","0,00%"
2018-04-22,"0,0964","0,0964","0,0965","0,0963","0,00%"
2018-04-23,"0,0961","0,0964","0,0965","0,0961","-0,31%"
2018-04-24,"0,0961","0,0961","0,0964","0,0959","0,00%"
2018-04-25,"0,0960","0,0961","0,0961","0,0959","-0,10%"
2018-04-26,"0,0954","0,0960","0,0963","0,0950","-0,63%"
2018-04-27,"0,0952","0,0953","0,0955","0,0947","-0,21%"
2018-04-28,"0,0952","0,0953","0,0955","0,0947","-0,21%"
2018-04-29,"0,0952","0,0953","0,0955","0,0947","-0,21%"
2018-04-30,"0,0946","0,0953","0,0954","0,0944","-0,63%"
2018-05-01,"0,0942","0,0946","0,0947","0,0938","-0,42%"
2018-05-02,"0,0939","0,0943","0,0945","0,0936","-0,32%"
2018-05-03,"0,0946","0,0939","0,0949","0,0935","0,75%"
2018-05-04,"0,0950","0,0946","0,0952","0,0944","0,42%"
2018-05-05,"0,0950","0,0946","0,0952","0,0944","0,42%"
2018-05-06,"0,0950","0,0946","0,0952","0,0944","0,42%"
2018-05-07,"0,0950","0,0950","0,0953","0,0946","0,00%"
2018-05-08,"0,0955","0,0950","0,0959","0,0949","0,53%"
2018-05-09,"0,0969","0,0955","0,0970","0,0954","1,47%"
2018-05-10,"0,0970","0,0969","0,0974","0,0968","0,10%"
2018-05-11,"0,0974","0,0970","0,0976","0,0969","0,41%"
2018-05-12,"0,0974","0,0970","0,0976","0,0969","0,41%"
2018-05-13,"0,0974","0,0970","0,0976","0,0969","0,41%"
2018-05-14,"0,0970","0,0974","0,0975","0,0969","-0,41%"
2018-05-15,"0,0973","0,0970","0,0974","0,0965","0,31%"
2018-05-16,"0,0973","0,0972","0,0975","0,0967","0,00%"
2018-05-17,"0,0970","0,0974","0,0974","0,0969","-0,31%"
2018-05-18,"0,0970","0,0970","0,0972","0,0968","0,00%"
2018-05-19,"0,0970","0,0970","0,0972","0,0968","0,00%"
2018-05-20,"0,0970","0,0970","0,0972","0,0968","0,00%"
2018-05-21,"0,0978","0,0971","0,0978","0,0969","0,82%"
2018-05-22,"0,0977","0,0978","0,0981","0,0976","-0,10%"
2018-05-23,"0,0976","0,0977","0,0978","0,0971","-0,10%"
2018-05-24,"0,0974","0,0976","0,0977","0,0972","-0,20%"
2018-05-25,"0,0979","0,0974","0,0984","0,0972","0,51%"
2018-05-26,"0,0979","0,0974","0,0984","0,0972","0,51%"
2018-05-27,"0,0979","0,0974","0,0984","0,0972","0,51%"
2018-05-28,"0,0975","0,0977","0,0980","0,0974","-0,41%"
2018-05-29,"0,0968","0,0975","0,0975","0,0965","-0,72%"
2018-05-30,"0,0974","0,0968","0,0975","0,0965","0,62%"
2018-05-31,"0,0970","0,0974","0,0977","0,0969","-0,41%"
2018-06-01,"0,0972","0,0970","0,0973","0,0968","0,21%"
2018-06-02,"0,0972","0,0970","0,0973","0,0968","0,21%"
2018-06-03,"0,0972","0,0970","0,0973","0,0968","0,21%"
2018-06-04,"0,0976","0,0973","0,0977","0,0971","0,41%"
2018-06-05,"0,0975","0,0976","0,0979","0,0974","-0,10%"
2018-06-06,"0,0973","0,0975","0,0978","0,0972","-0,21%"
2018-06-07,"0,0974","0,0973","0,0978","0,0973","0,10%"
2018-06-08,"0,0975","0,0974","0,0977","0,0969","0,10%"
2018-06-09,"0,0975","0,0974","0,0977","0,0969","0,10%"
2018-06-10,"0,0975","0,0974","0,0977","0,0969","0,10%"
2018-06-11,"0,0979","0,0977","0,0980","0,0973","0,41%"
2018-06-12,"0,0985","0,0979","0,0987","0,0979","0,61%"
2018-06-13,"0,0985","0,0985","0,0988","0,0984","0,00%"
2018-06-14,"0,0988","0,0985","0,0990","0,0982","0,30%"
2018-06-15,"0,0980","0,0989","0,0989","0,0977","-0,81%"
2018-06-16,"0,0980","0,0989","0,0989","0,0977","-0,81%"
2018-06-17,"0,0980","0,0989","0,0989","0,0977","-0,81%"
2018-06-18,"0,0976","0,0980","0,0982","0,0972","-0,41%"
2018-06-19,"0,0970","0,0976","0,0976","0,0966","-0,61%"
2018-06-20,"0,0973","0,0970","0,0974","0,0969","0,31%"
2018-06-21,"0,0969","0,0973","0,0975","0,0966","-0,41%"
2018-06-22,"0,0969","0,0969","0,0972","0,0967","0,00%"
2018-06-23,"0,0969","0,0969","0,0972","0,0967","0,00%"
2018-06-24,"0,0969","0,0969","0,0972","0,0967","0,00%"
2018-06-25,"0,0965","0,0969","0,0970","0,0963","-0,41%"
2018-06-26,"0,0966","0,0965","0,0969","0,0964","0,10%"
2018-06-27,"0,0964","0,0966","0,0969","0,0963","-0,21%"
2018-06-28,"0,0959","0,0964","0,0965","0,0958","-0,52%"
2018-06-29,"0,0956","0,0959","0,0961","0,0955","-0,31%"
2018-06-30,"0,0956","0,0959","0,0961","0,0955","-0,31%"
2018-07-01,"0,0956","0,0959","0,0961","0,0955","-0,31%"
2018-07-02,"0,0958","0,0959","0,0961","0,0954","0,21%"
2018-07-03,"0,0972","0,0959","0,0974","0,0958","1,46%"
2018-07-04,"0,0976","0,0971","0,0978","0,0969","0,41%"
2018-07-05,"0,0975","0,0977","0,0979","0,0974","-0,10%"
2018-07-06,"0,0976","0,0975","0,0977","0,0970","0,10%"
2018-07-07,"0,0976","0,0975","0,0977","0,0970","0,10%"
2018-07-08,"0,0976","0,0975","0,0977","0,0970","0,10%"
2018-07-09,"0,0975","0,0977","0,0979","0,0972","-0,10%"
2018-07-10,"0,0974","0,0975","0,0978","0,0974","-0,10%"
2018-07-11,"0,0971","0,0974","0,0975","0,0970","-0,31%"
2018-07-12,"0,0966","0,0971","0,0973","0,0964","-0,51%"
2018-07-13,"0,0964","0,0966","0,0968","0,0963","-0,21%"
2018-07-14,"0,0964","0,0966","0,0968","0,0963","-0,21%"
2018-07-15,"0,0964","0,0966","0,0968","0,0963","-0,21%"
2018-07-16,"0,0968","0,0964","0,0969","0,0963","0,41%"
2018-07-17,"0,0970","0,0967","0,0971","0,0966","0,21%"
2018-07-18,"0,0969","0,0970","0,0971","0,0967","-0,10%"
2018-07-19,"0,0964","0,0969","0,0970","0,0964","-0,52%"
2018-07-20,"0,0964","0,0964","0,0964","0,0960","0,00%"
2018-07-21,"0,0964","0,0964","0,0964","0,0960","0,00%"
2018-07-22,"0,0964","0,0964","0,0964","0,0960","0,00%"
2018-07-23,"0,0965","0,0964","0,0968","0,0961","0,10%"
2018-07-24,"0,0970","0,0965","0,0970","0,0964","0,52%"
2018-07-25,"0,0974","0,0970","0,0974","0,0969","0,41%"
2018-07-26,"0,0974","0,0974","0,0975","0,0973","0,00%"
2018-07-27,"0,0970","0,0974","0,0975","0,0969","-0,41%"
2018-07-28,"0,0970","0,0974","0,0975","0,0969","-0,41%"
2018-07-29,"0,0970","0,0974","0,0975","0,0969","-0,41%"
2018-07-30,"0,0976","0,0970","0,0977","0,0969","0,62%"
2018-07-31,"0,0973","0,0977","0,0977","0,0972","-0,31%"
2018-08-01,"0,0974","0,0973","0,0974","0,0970","0,10%"
2018-08-02,"0,0970","0,0974","0,0974","0,0969","-0,41%"
2018-08-03,"0,0970","0,0970","0,0971","0,0966","0,00%"
2018-08-04,"0,0970","0,0970","0,0971","0,0966","0,00%"
2018-08-05,"0,0970","0,0970","0,0971","0,0966","0,00%"
2018-08-06,"0,0969","0,0969","0,0972","0,0968","-0,10%"
2018-08-07,"0,0967","0,0969","0,0970","0,0967","-0,21%"
2018-08-08,"0,0963","0,0966","0,0968","0,0961","-0,41%"
2018-08-09,"0,0963","0,0962","0,0963","0,0959","0,00%"
2018-08-10,"0,0960","0,0964","0,0965","0,0955","-0,31%"
2018-08-11,"0,0960","0,0964","0,0965","0,0955","-0,31%"
2018-08-12,"0,0960","0,0964","0,0965","0,0955","-0,31%"
2018-08-13,"0,0961","0,0963","0,0964","0,0958","0,10%"
2018-08-14,"0,0964","0,0961","0,0966","0,0960","0,31%"
2018-08-15,"0,0958","0,0964","0,0964","0,0955","-0,62%"
2018-08-16,"0,0956","0,0958","0,0959","0,0954","-0,21%"
2018-08-17,"0,0955","0,0956","0,0958","0,0953","-0,10%"
2018-08-18,"0,0955","0,0956","0,0958","0,0953","-0,10%"
2018-08-19,"0,0955","0,0956","0,0958","0,0953","-0,10%"
2018-08-20,"0,0951","0,0955","0,0958","0,0950","-0,42%"
2018-08-21,"0,0950","0,0951","0,0954","0,0949","-0,11%"
2018-08-22,"0,0951","0,0950","0,0953","0,0949","0,11%"
2018-08-23,"0,0948","0,0951","0,0953","0,0947","-0,32%"
2018-08-24,"0,0943","0,0948","0,0950","0,0943","-0,53%"
2018-08-25,"0,0943","0,0948","0,0950","0,0943","-0,53%"
2018-08-26,"0,0943","0,0948","0,0950","0,0943","-0,53%"
2018-08-27,"0,0941","0,0943","0,0945","0,0940","-0,21%"
2018-08-28,"0,0935","0,0941","0,0943","0,0932","-0,64%"
2018-08-29,"0,0935","0,0935","0,0938","0,0932","0,00%"
2018-08-30,"0,0940","0,0935","0,0941","0,0935","0,53%"
2018-08-31,"0,0942","0,0939","0,0943","0,0938","0,21%"
2018-09-01,"0,0942","0,0939","0,0943","0,0938","0,21%"
2018-09-02,"0,0942","0,0939","0,0943","0,0938","0,21%"
2018-09-03,"0,0945","0,0943","0,0948","0,0940","0,32%"
2018-09-04,"0,0950","0,0945","0,0950","0,0945","0,53%"
2018-09-05,"0,0950","0,0950","0,0951","0,0949","0,00%"
2018-09-06,"0,0945","0,0950","0,0950","0,0942","-0,53%"
2018-09-07,"0,0955","0,0945","0,0956","0,0944","1,06%"
2018-09-08,"0,0955","0,0945","0,0956","0,0944","1,06%"
2018-09-09,"0,0955","0,0945","0,0956","0,0944","1,06%"
2018-09-10,"0,0951","0,0955","0,0959","0,0951","-0,42%"
2018-09-11,"0,0953","0,0951","0,0954","0,0950","0,21%"
2018-09-12,"0,0958","0,0954","0,0959","0,0953","0,52%"
2018-09-13,"0,0955","0,0958","0,0959","0,0954","-0,31%"
2018-09-14,"0,0950","0,0955","0,0956","0,0946","-0,52%"
2018-09-15,"0,0950","0,0955","0,0956","0,0946","-0,52%"
2018-09-16,"0,0950","0,0955","0,0956","0,0946","-0,52%"
2018-09-17,"0,0960","0,0950","0,0961","0,0950","1,05%"
2018-09-18,"0,0962","0,0960","0,0962","0,0958","0,21%"
2018-09-19,"0,0965","0,0963","0,0966","0,0960","0,31%"
2018-09-20,"0,0968","0,0965","0,0970","0,0962","0,31%"
2018-09-21,"0,0969","0,0968","0,0970","0,0965","0,10%"
2018-09-22,"0,0969","0,0968","0,0970","0,0965","0,10%"
2018-09-23,"0,0969","0,0968","0,0970","0,0965","0,10%"
2018-09-24,"0,0968","0,0969","0,0970","0,0964","-0,10%"
2018-09-25,"0,0964","0,0967","0,0970","0,0963","-0,41%"
2018-09-26,"0,0967","0,0964","0,0967","0,0963","0,31%"
2018-09-27,"0,0969","0,0966","0,0972","0,0965","0,21%"
2018-09-28,"0,0969","0,0969","0,0972","0,0967","0,00%"
2018-09-29,"0,0969","0,0969","0,0972","0,0967","0,00%"
2018-09-30,"0,0969","0,0969","0,0972","0,0967","0,00%"
2018-10-01,"0,0965","0,0969","0,0970","0,0964","-0,41%"
2018-10-02,"0,0961","0,0965","0,0966","0,0961","-0,41%"
2018-10-03,"0,0963","0,0961","0,0964","0,0959","0,21%"
2018-10-04,"0,0959","0,0963","0,0964","0,0958","-0,42%"
2018-10-05,"0,0957","0,0958","0,0960","0,0955","-0,21%"
2018-10-06,"0,0957","0,0958","0,0960","0,0955","-0,21%"
2018-10-07,"0,0957","0,0958","0,0960","0,0955","-0,21%"
2018-10-08,"0,0958","0,0958","0,0959","0,0955","0,10%"
2018-10-09,"0,0956","0,0957","0,0959","0,0954","-0,21%"
2018-10-10,"0,0950","0,0955","0,0959","0,0950","-0,63%"
2018-10-11,"0,0961","0,0949","0,0964","0,0948","1,16%"
2018-10-12,"0,0965","0,0961","0,0966","0,0960","0,42%"
2018-10-13,"0,0965","0,0961","0,0966","0,0960","0,42%"
2018-10-14,"0,0965","0,0961","0,0966","0,0960","0,42%"
2018-10-15,"0,0964","0,0964","0,0968","0,0961","-0,10%"
2018-10-16,"0,0970","0,0964","0,0971","0,0963","0,62%"
2018-10-17,"0,0969","0,0970","0,0973","0,0968","-0,10%"
2018-10-18,"0,0965","0,0969","0,0970","0,0964","-0,41%"
2018-10-19,"0,0966","0,0965","0,0969","0,0964","0,10%"
2018-10-20,"0,0966","0,0965","0,0969","0,0964","0,10%"
2018-10-21,"0,0966","0,0965","0,0969","0,0964","0,10%"
2018-10-22,"0,0969","0,0967","0,0970","0,0965","0,31%"
2018-10-23,"0,0965","0,0969","0,0970","0,0964","-0,41%"
2018-10-24,"0,0962","0,0966","0,0970","0,0961","-0,31%"
2018-10-25,"0,0964","0,0963","0,0966","0,0959","0,21%"
2018-10-26,"0,0960","0,0964","0,0965","0,0958","-0,41%"
2018-10-27,"0,0960","0,0964","0,0965","0,0958","-0,41%"
2018-10-28,"0,0960","0,0964","0,0965","0,0958","-0,41%"
2018-10-29,"0,0961","0,0960","0,0963","0,0959","0,10%"
2018-10-30,"0,0961","0,0960","0,0963","0,0958","0,00%"
2018-10-31,"0,0964","0,0960","0,0966","0,0959","0,31%"
2018-11-01,"0,0969","0,0964","0,0973","0,0964","0,52%"
2018-11-02,"0,0969","0,0969","0,0973","0,0968","0,00%"
2018-11-03,"0,0969","0,0969","0,0973","0,0968","0,00%"
2018-11-04,"0,0969","0,0969","0,0973","0,0968","0,00%"
2018-11-05,"0,0968","0,0969","0,0970","0,0966","-0,10%"
2018-11-06,"0,0968","0,0969","0,0969","0,0965","0,00%"
2018-11-07,"0,0969","0,0968","0,0970","0,0966","0,10%"
2018-11-08,"0,0975","0,0969","0,0977","0,0969","0,62%"
2018-11-09,"0,0972","0,0975","0,0977","0,0972","-0,31%"
2018-11-10,"0,0972","0,0975","0,0977","0,0972","-0,31%"
2018-11-11,"0,0972","0,0975","0,0977","0,0972","-0,31%"
2018-11-12,"0,0974","0,0973","0,0975","0,0972","0,21%"
2018-11-13,"0,0979","0,0974","0,0979","0,0974","0,51%"
2018-11-14,"0,0974","0,0979","0,0979","0,0972","-0,51%"
2018-11-15,"0,0974","0,0973","0,0977","0,0971","0,00%"
2018-11-16,"0,0973","0,0974","0,0975","0,0972","-0,10%"
2018-11-17,"0,0973","0,0974","0,0975","0,0972","-0,10%"
2018-11-18,"0,0973","0,0974","0,0975","0,0972","-0,10%"
2018-11-19,"0,0969","0,0973","0,0974","0,0969","-0,41%"
2018-11-20,"0,0967","0,0969","0,0971","0,0966","-0,21%"
2018-11-21,"0,0972","0,0968","0,0973","0,0965","0,52%"
2018-11-22,"0,0969","0,0972","0,0973","0,0968","-0,31%"
2018-11-23,"0,0969","0,0970","0,0972","0,0969","0,00%"
2018-11-24,"0,0969","0,0970","0,0972","0,0969","0,00%"
2018-11-25,"0,0969","0,0970","0,0972","0,0969","0,00%"
2018-11-26,"0,0970","0,0969","0,0974","0,0969","0,10%"
2018-11-27,"0,0973","0,0971","0,0975","0,0970","0,31%"
2018-11-28,"0,0973","0,0972","0,0976","0,0971","0,00%"
2018-11-29,"0,0968","0,0974","0,0975","0,0967","-0,51%"
2018-11-30,"0,0970","0,0968","0,0971","0,0966","0,21%"
2018-12-01,"0,0970","0,0968","0,0971","0,0966","0,21%"
2018-12-02,"0,0970","0,0968","0,0971","0,0966","0,21%"
2018-12-03,"0,0977","0,0971","0,0978","0,0966","0,72%"
2018-12-04,"0,0977","0,0978","0,0979","0,0976","0,00%"
2018-12-05,"0,0981","0,0978","0,0984","0,0976","0,41%"
2018-12-06,"0,0978","0,0981","0,0983","0,0975","-0,31%"
2018-12-07,"0,0972","0,0978","0,0979","0,0970","-0,61%"
2018-12-08,"0,0972","0,0978","0,0979","0,0970","-0,61%"
2018-12-09,"0,0972","0,0978","0,0979","0,0970","-0,61%"
2018-12-10,"0,0968","0,0973","0,0973","0,0967","-0,41%"
2018-12-11,"0,0972","0,0969","0,0973","0,0967","0,41%"
2018-12-12,"0,0968","0,0972","0,0974","0,0962","-0,41%"
2018-12-13,"0,0971","0,0968","0,0974","0,0966","0,31%"
2018-12-14,"0,0976","0,0971","0,0976","0,0970","0,51%"
2018-12-15,"0,0976","0,0971","0,0976","0,0970","0,51%"
2018-12-16,"0,0976","0,0971","0,0976","0,0970","0,51%"
2018-12-17,"0,0973","0,0976","0,0976","0,0971","-0,31%"
2018-12-18,"0,0970","0,0973","0,0975","0,0970","-0,31%"
2018-12-19,"0,0966","0,0971","0,0971","0,0965","-0,41%"
2018-12-20,"0,0973","0,0966","0,0977","0,0965","0,72%"
2018-12-21,"0,0972","0,0974","0,0978","0,0970","-0,10%"
2018-12-22,"0,0972","0,0974","0,0978","0,0970","-0,10%"
2018-12-23,"0,0972","0,0974","0,0978","0,0970","-0,10%"
2018-12-24,"0,0970","0,0972","0,0975","0,0966","-0,21%"
2018-12-25,"0,0972","0,0970","0,0972","0,0966","0,21%"
2018-12-26,"0,0967","0,0972","0,0973","0,0964","-0,51%"
2018-12-27,"0,0971","0,0967","0,0975","0,0966","0,41%"
2018-12-28,"0,0975","0,0971","0,0976","0,0970","0,41%"
2018-12-29,"0,0975","0,0971","0,0976","0,0970","0,41%"
2018-12-30,"0,0975","0,0971","0,0976","0,0970","0,41%"
2018-12-31,"0,0984","0,0975","0,0988","0,0971","0,92%"
2019-01-01,"0,0983","0,0985","0,0988","0,0978","-0,10%"
2019-01-02,"0,0977","0,0984","0,0984","0,0975","-0,61%"
2019-01-03,"0,0975","0,0978","0,0979","0,0971","-0,20%"
2019-01-04,"0,0979","0,0975","0,0981","0,0974","0,41%"
2019-01-05,"0,0979","0,0975","0,0981","0,0974","0,41%"
2019-01-06,"0,0979","0,0975","0,0981","0,0974","0,41%"
2019-01-07,"0,0979","0,0980","0,0980","0,0976","0,00%"
2019-01-08,"0,0978","0,0979","0,0984","0,0978","-0,10%"
2019-01-09,"0,0977","0,0979","0,0981","0,0975","-0,10%"
2019-01-10,"0,0976","0,0977","0,0979","0,0975","-0,10%"
2019-01-11,"0,0975","0,0976","0,0980","0,0975","-0,10%"
2019-01-12,"0,0975","0,0976","0,0980","0,0975","-0,10%"
2019-01-13,"0,0975","0,0976","0,0980","0,0975","-0,10%"
2019-01-14,"0,0973","0,0976","0,0979","0,0974","-0,21%"
2019-01-15,"0,0977","0,0975","0,0979","0,0973","0,41%"
2019-01-16,"0,0974","0,0976","0,0979","0,0974","-0,31%"
2019-01-17,"0,0973","0,0975","0,0976","0,0971","-0,10%"
2019-01-18,"0,0975","0,0972","0,0978","0,0971","0,21%"
2019-01-19,"0,0975","0,0972","0,0978","0,0971","0,21%"
2019-01-20,"0,0975","0,0972","0,0978","0,0971","0,21%"
2019-01-21,"0,0975","0,0975","0,0976","0,0972","0,00%"
2019-01-22,"0,0975","0,0976","0,0976","0,0974","0,00%"
2019-01-23,"0,0974","0,0975","0,0976","0,0974","-0,10%"
2019-01-24,"0,0973","0,0975","0,0975","0,0971","-0,10%"
2019-01-25,"0,0969","0,0974","0,0975","0,0967","-0,41%"
2019-01-26,"0,0969","0,0974","0,0975","0,0967","-0,41%"
2019-01-27,"0,0969","0,0974","0,0975","0,0967","-0,41%"
2019-01-28,"0,0966","0,0969","0,0970","0,0965","-0,31%"
2019-01-29,"0,0964","0,0966","0,0967","0,0963","-0,21%"
2019-01-30,"0,0963","0,0965","0,0966","0,0961","-0,10%"
2019-01-31,"0,0965","0,0963","0,0966","0,0962","0,21%"
2019-02-01,"0,0963","0,0966","0,0966","0,0962","-0,21%"
2019-02-02,"0,0963","0,0966","0,0966","0,0962","-0,21%"
2019-02-03,"0,0963","0,0966","0,0966","0,0962","-0,21%"
2019-02-04,"0,0960","0,0963","0,0965","0,0958","-0,31%"
2019-02-05,"0,0961","0,0961","0,0963","0,0958","0,10%"
2019-02-06,"0,0956","0,0962","0,0962","0,0956","-0,52%"
2019-02-07,"0,0951","0,0956","0,0957","0,0952","-0,52%"
2019-02-08,"0,0951","0,0952","0,0953","0,0950","0,00%"
2019-02-09,"0,0951","0,0952","0,0953","0,0950","0,00%"
2019-02-10,"0,0951","0,0952","0,0953","0,0950","0,00%"
2019-02-11,"0,0953","0,0952","0,0956","0,0951","0,21%"
2019-02-12,"0,0953","0,0953","0,0957","0,0952","0,00%"
2019-02-13,"0,0958","0,0953","0,0962","0,0952","0,52%"
2019-02-14,"0,0953","0,0958","0,0959","0,0950","-0,52%"
2019-02-15,"0,0955","0,0953","0,0956","0,0950","0,21%"
2019-02-16,"0,0955","0,0953","0,0956","0,0950","0,21%"
2019-02-17,"0,0955","0,0953","0,0956","0,0950","0,21%"
2019-02-18,"0,0955","0,0956","0,0957","0,0953","0,00%"
2019-02-19,"0,0947","0,0956","0,0957","0,0941","-0,84%"
2019-02-20,"0,0946","0,0947","0,0949","0,0944","-0,11%"
2019-02-21,"0,0941","0,0947","0,0948","0,0940","-0,53%"
2019-02-22,"0,0943","0,0941","0,0945","0,0940","0,21%"
2019-02-23,"0,0943","0,0941","0,0945","0,0940","0,21%"
2019-02-24,"0,0943","0,0941","0,0945","0,0940","0,21%"
2019-02-25,"0,0946","0,0944","0,0948","0,0943","0,32%"
2019-02-26,"0,0945","0,0945","0,0947","0,0944","-0,11%"
2019-02-27,"0,0948","0,0945","0,0950","0,0944","0,32%"
2019-02-28,"0,0952","0,0949","0,0956","0,0947","0,42%"
2019-03-01,"0,0948","0,0953","0,0954","0,0948","-0,42%"
2019-03-02,"0,0948","0,0953","0,0954","0,0948","-0,42%"
2019-03-03,"0,0948","0,0953","0,0954","0,0948","-0,42%"
2019-03-04,"0,0944","0,0949","0,0950","0,0944","-0,42%"
2019-03-05,"0,0950","0,0944","0,0950","0,0940","0,64%"
2019-03-06,"0,0951","0,0949","0,0953","0,0948","0,11%"
2019-03-07,"0,0944","0,0951","0,0952","0,0944","-0,74%"
2019-03-08,"0,0943","0,0944","0,0945","0,0939","-0,11%"
2019-03-09,"0,0943","0,0944","0,0945","0,0939","-0,11%"
2019-03-10,"0,0943","0,0944","0,0945","0,0939","-0,11%"
2019-03-11,"0,0947","0,0944","0,0949","0,0944","0,42%"
2019-03-12,"0,0946","0,0948","0,0949","0,0944","-0,11%"
2019-03-13,"0,0950","0,0946","0,0952","0,0944","0,42%"
2019-03-14,"0,0951","0,0950","0,0952","0,0947","0,11%"
2019-03-15,"0,0956","0,0951","0,0957","0,0950","0,53%"
2019-03-16,"0,0956","0,0951","0,0957","0,0950","0,53%"
2019-03-17,"0,0956","0,0951","0,0957","0,0950","0,53%"
2019-03-18,"0,0956","0,0957","0,0957","0,0953","0,00%"
2019-03-19,"0,0957","0,0956","0,0958","0,0953","0,10%"
2019-03-20,"0,0958","0,0957","0,0961","0,0956","0,10%"
2019-03-21,"0,0958","0,0958","0,0961","0,0957","0,00%"
2019-03-22,"0,0952","0,0958","0,0960","0,0953","-0,63%"
2019-03-23,"0,0952","0,0958","0,0960","0,0953","-0,63%"
2019-03-24,"0,0952","0,0958","0,0960","0,0953","-0,63%"
2019-03-25,"0,0956","0,0953","0,0959","0,0953","0,42%"
2019-03-26,"0,0960","0,0957","0,0961","0,0956","0,42%"
2019-03-27,"0,0958","0,0960","0,0961","0,0957","-0,21%"
2019-03-28,"0,0958","0,0958","0,0959","0,0952","0,00%"
2019-03-29,"0,0959","0,0959","0,0962","0,0957","0,10%"
2019-03-30,"0,0959","0,0959","0,0962","0,0957","0,10%"
2019-03-31,"0,0959","0,0959","0,0962","0,0957","0,10%"
2019-04-01,"0,0961","0,0959","0,0963","0,0957","0,21%"
2019-04-02,"0,0956","0,0961","0,0962","0,0956","-0,52%"
2019-04-03,"0,0960","0,0957","0,0961","0,0956","0,42%"
2019-04-04,"0,0960","0,0961","0,0962","0,0958","0,00%"
2019-04-05,"0,0958","0,0960","0,0962","0,0957","-0,21%"
2019-04-06,"0,0958","0,0960","0,0962","0,0957","-0,21%"
2019-04-07,"0,0958","0,0960","0,0962","0,0957","-0,21%"
2019-04-08,"0,0959","0,0958","0,0961","0,0957","0,10%"
2019-04-09,"0,0959","0,0958","0,0961","0,0957","0,00%"
2019-04-10,"0,0957","0,0959","0,0962","0,0957","-0,21%"
2019-04-11,"0,0956","0,0957","0,0961","0,0956","-0,10%"
2019-04-12,"0,0954","0,0957","0,0957","0,0953","-0,21%"
2019-04-13,"0,0954","0,0957","0,0957","0,0953","-0,21%"
2019-04-14,"0,0954","0,0957","0,0957","0,0953","-0,21%"
2019-04-15,"0,0954","0,0955","0,0957","0,0954","0,00%"
2019-04-16,"0,0957","0,0954","0,0958","0,0953","0,31%"
2019-04-17,"0,0957","0,0957","0,0958","0,0956","0,00%"
2019-04-18,"0,0956","0,0957","0,0958","0,0952","-0,10%"
2019-04-19,"0,0955","0,0956","0,0957","0,0955","-0,10%"
2019-04-20,"0,0955","0,0956","0,0957","0,0955","-0,10%"
2019-04-21,"0,0955","0,0956","0,0957","0,0955","-0,10%"
2019-04-22,"0,0954","0,0955","0,0957","0,0953","-0,10%"
2019-04-23,"0,0952","0,0954","0,0956","0,0950","-0,21%"
2019-04-24,"0,0950","0,0953","0,0953","0,0949","-0,21%"
2019-04-25,"0,0941","0,0949","0,0953","0,0938","-0,95%"
2019-04-26,"0,0943","0,0941","0,0948","0,0940","0,21%"
2019-04-27,"0,0943","0,0941","0,0948","0,0940","0,21%"
2019-04-28,"0,0943","0,0941","0,0948","0,0940","0,21%"
2019-04-29,"0,0940","0,0942","0,0944","0,0940","-0,32%"
2019-04-30,"0,0939","0,0940","0,0941","0,0938","-0,11%"
2019-05-01,"0,0936","0,0940","0,0940","0,0935","-0,32%"
2019-05-02,"0,0934","0,0935","0,0938","0,0934","-0,21%"
2019-05-03,"0,0935","0,0934","0,0937","0,0933","0,11%"
2019-05-04,"0,0935","0,0934","0,0937","0,0933","0,11%"
2019-05-05,"0,0935","0,0934","0,0937","0,0933","0,11%"
2019-05-06,"0,0933","0,0935","0,0939","0,0931","-0,21%"
2019-05-07,"0,0931","0,0934","0,0936","0,0931","-0,21%"
2019-05-08,"0,0929","0,0931","0,0934","0,0928","-0,21%"
2019-05-09,"0,0923","0,0929","0,0930","0,0922","-0,65%"
2019-05-10,"0,0926","0,0923","0,0927","0,0922","0,33%"
2019-05-11,"0,0926","0,0923","0,0927","0,0922","0,33%"
2019-05-12,"0,0926","0,0923","0,0927","0,0922","0,33%"
2019-05-13,"0,0924","0,0926","0,0926","0,0922","-0,22%"
2019-05-14,"0,0928","0,0925","0,0931","0,0923","0,43%"
2019-05-15,"0,0930","0,0928","0,0931","0,0927","0,22%"
2019-05-16,"0,0928","0,0930","0,0931","0,0927","-0,22%"
2019-05-17,"0,0929","0,0928","0,0931","0,0926","0,11%"
2019-05-18,"0,0929","0,0928","0,0931","0,0926","0,11%"
2019-05-19,"0,0929","0,0928","0,0931","0,0926","0,11%"
2019-05-20,"0,0926","0,0930","0,0931","0,0926","-0,32%"
2019-05-21,"0,0928","0,0926","0,0929","0,0926","0,22%"
2019-05-22,"0,0930","0,0927","0,0931","0,0927","0,22%"
2019-05-23,"0,0930","0,0931","0,0932","0,0929","0,00%"
2019-05-24,"0,0935","0,0930","0,0936","0,0928","0,54%"
2019-05-25,"0,0935","0,0930","0,0936","0,0928","0,54%"
2019-05-26,"0,0935","0,0930","0,0936","0,0928","0,54%"
2019-05-27,"0,0932","0,0935","0,0936","0,0931","-0,32%"
2019-05-28,"0,0933","0,0932","0,0937","0,0931","0,11%"
2019-05-29,"0,0940","0,0934","0,0941","0,0932","0,75%"
2019-05-30,"0,0942","0,0940","0,0944","0,0939","0,21%"
2019-05-31,"0,0941","0,0941","0,0944","0,0938","-0,11%"
2019-06-01,"0,0941","0,0941","0,0944","0,0938","-0,11%"
2019-06-02,"0,0941","0,0941","0,0944","0,0938","-0,11%"
2019-06-03,"0,0942","0,0943","0,0944","0,0940","0,11%"
2019-06-04,"0,0942","0,0942","0,0944","0,0940","0,00%"
2019-06-05,"0,0943","0,0942","0,0944","0,0940","0,11%"
2019-06-06,"0,0941","0,0944","0,0944","0,0940","-0,21%"
2019-06-07,"0,0939","0,0941","0,0942","0,0936","-0,21%"
2019-06-08,"0,0939","0,0941","0,0942","0,0936","-0,21%"
2019-06-09,"0,0939","0,0941","0,0942","0,0936","-0,21%"
2019-06-10,"0,0938","0,0940","0,0940","0,0938","-0,11%"
2019-06-11,"0,0933","0,0939","0,0939","0,0934","-0,53%"
2019-06-12,"0,0935","0,0935","0,0937","0,0933","0,21%"
2019-06-13,"0,0935","0,0935","0,0935","0,0934","0,00%"
2019-06-14,"0,0940","0,0935","0,0941","0,0934","0,53%"
2019-06-15,"0,0940","0,0935","0,0941","0,0934","0,53%"
2019-06-16,"0,0940","0,0935","0,0941","0,0934","0,53%"
2019-06-17,"0,0940","0,0940","0,0940","0,0938","0,00%"
2019-06-18,"0,0936","0,0940","0,0943","0,0936","-0,43%"
2019-06-19,"0,0938","0,0937","0,0940","0,0935","0,21%"
2019-06-20,"0,0941","0,0939","0,0943","0,0938","0,32%"
2019-06-21,"0,0940","0,0941","0,0943","0,0940","-0,11%"
2019-06-22,"0,0940","0,0941","0,0943","0,0940","-0,11%"
2019-06-23,"0,0940","0,0941","0,0943","0,0940","-0,11%"
2019-06-24,"0,0945","0,0940","0,0946","0,0940","0,53%"
2019-06-25,"0,0948","0,0945","0,0951","0,0944","0,32%"
2019-06-26,"0,0949","0,0948","0,0950","0,0947","0,11%"
2019-06-27,"0,0948","0,0949","0,0950","0,0947","-0,11%"
2019-06-28,"0,0947","0,0948","0,0949","0,0945","-0,11%"
2019-06-29,"0,0947","0,0948","0,0949","0,0945","-0,11%"
2019-06-30,"0,0947","0,0948","0,0949","0,0945","-0,11%"
2019-07-01,"0,0946","0,0948","0,0950","0,0946","-0,11%"
2019-07-02,"0,0949","0,0947","0,0950","0,0946","0,32%"
2019-07-03,"0,0952","0,0949","0,0953","0,0947","0,32%"
2019-07-04,"0,0950","0,0952","0,0953","0,0949","-0,21%"
2019-07-05,"0,0943","0,0950","0,0951","0,0943","-0,74%"
2019-07-06,"0,0943","0,0950","0,0951","0,0943","-0,74%"
2019-07-07,"0,0943","0,0950","0,0951","0,0943","-0,74%"
2019-07-08,"0,0942","0,0944","0,0945","0,0942","-0,11%"
2019-07-09,"0,0942","0,0943","0,0944","0,0940","0,00%"
2019-07-10,"0,0943","0,0942","0,0944","0,0940","0,11%"
2019-07-11,"0,0947","0,0944","0,0948","0,0943","0,42%"
2019-07-12,"0,0946","0,0948","0,0949","0,0945","-0,11%"
2019-07-13,"0,0946","0,0948","0,0949","0,0945","-0,11%"
2019-07-14,"0,0946","0,0948","0,0949","0,0945","-0,11%"
2019-07-15,"0,0949","0,0947","0,0950","0,0946","0,32%"
2019-07-16,"0,0950","0,0949","0,0952","0,0948","0,11%"
2019-07-17,"0,0951","0,0950","0,0952","0,0949","0,11%"
2019-07-18,"0,0953","0,0951","0,0953","0,0949","0,21%"
2019-07-19,"0,0949","0,0953","0,0953","0,0949","-0,42%"
2019-07-20,"0,0949","0,0953","0,0953","0,0949","-0,42%"
2019-07-21,"0,0949","0,0953","0,0953","0,0949","-0,42%"
2019-07-22,"0,0947","0,0950","0,0950","0,0947","-0,21%"
2019-07-23,"0,0947","0,0948","0,0948","0,0945","0,00%"
2019-07-24,"0,0952","0,0947","0,0953","0,0946","0,53%"
2019-07-25,"0,0949","0,0952","0,0953","0,0948","-0,32%"
2019-07-26,"0,0945","0,0949","0,0950","0,0944","-0,42%"
2019-07-27,"0,0945","0,0949","0,0950","0,0944","-0,42%"
2019-07-28,"0,0945","0,0949","0,0950","0,0944","-0,42%"
2019-07-29,"0,0945","0,0946","0,0948","0,0944","0,00%"
2019-07-30,"0,0936","0,0945","0,0947","0,0936","-0,95%"
2019-07-31,"0,0935","0,0936","0,0939","0,0932","-0,11%"
2019-08-01,"0,0934","0,0935","0,0938","0,0933","-0,11%"
2019-08-02,"0,0934","0,0935","0,0935","0,0931","0,00%"
2019-08-03,"0,0934","0,0935","0,0935","0,0931","0,00%"
2019-08-04,"0,0934","0,0935","0,0935","0,0931","0,00%"
2019-08-05,"0,0929","0,0935","0,0935","0,0928","-0,54%"
2019-08-06,"0,0931","0,0930","0,0935","0,0928","0,22%"
2019-08-07,"0,0926","0,0931","0,0932","0,0922","-0,54%"
2019-08-08,"0,0931","0,0926","0,0934","0,0926","0,54%"
2019-08-09,"0,0935","0,0931","0,0938","0,0931","0,43%"
2019-08-10,"0,0935","0,0931","0,0938","0,0931","0,43%"
2019-08-11,"0,0935","0,0931","0,0938","0,0931","0,43%"
2019-08-12,"0,0932","0,0935","0,0936","0,0931","-0,32%"
2019-08-13,"0,0938","0,0932","0,0939","0,0931","0,64%"
2019-08-14,"0,0932","0,0939","0,0940","0,0931","-0,64%"
2019-08-15,"0,0933","0,0931","0,0935","0,0931","0,11%"
2019-08-16,"0,0933","0,0934","0,0935","0,0931","0,00%"
2019-08-17,"0,0933","0,0934","0,0935","0,0931","0,00%"
2019-08-18,"0,0933","0,0934","0,0935","0,0931","0,00%"
2019-08-19,"0,0932","0,0934","0,0935","0,0931","-0,11%"
2019-08-20,"0,0930","0,0932","0,0932","0,0927","-0,21%"
2019-08-21,"0,0937","0,0930","0,0938","0,0930","0,75%"
2019-08-22,"0,0932","0,0938","0,0939","0,0931","-0,53%"
2019-08-23,"0,0934","0,0932","0,0935","0,0931","0,21%"
2019-08-24,"0,0934","0,0932","0,0935","0,0931","0,21%"
2019-08-25,"0,0934","0,0932","0,0935","0,0931","0,21%"
2019-08-26,"0,0931","0,0934","0,0934","0,0930","-0,32%"
2019-08-27,"0,0932","0,0931","0,0935","0,0930","0,11%"
2019-08-28,"0,0928","0,0932","0,0933","0,0927","-0,43%"
2019-08-29,"0,0925","0,0928","0,0928","0,0925","-0,32%"
2019-08-30,"0,0926","0,0925","0,0927","0,0921","0,11%"
2019-08-31,"0,0926","0,0925","0,0927","0,0921","0,11%"
2019-09-01,"0,0926","0,0925","0,0927","0,0921","0,11%"
2019-09-02,"0,0927","0,0926","0,0931","0,0925","0,11%"
2019-09-03,"0,0928","0,0927","0,0928","0,0924","0,11%"
2019-09-04,"0,0931","0,0928","0,0932","0,0927","0,32%"
2019-09-05,"0,0935","0,0931","0,0938","0,0930","0,43%"
2019-09-06,"0,0940","0,0935","0,0943","0,0935","0,53%"
2019-09-07,"0,0940","0,0935","0,0943","0,0935","0,53%"
2019-09-08,"0,0940","0,0935","0,0943","0,0935","0,53%"
2019-09-09,"0,0937","0,0940","0,0941","0,0936","-0,32%"
2019-09-10,"0,0935","0,0938","0,0938","0,0928","-0,21%"
2019-09-11,"0,0939","0,0935","0,0939","0,0935","0,43%"
2019-09-12,"0,0939","0,0939","0,0943","0,0935","0,00%"
2019-09-13,"0,0939","0,0940","0,0941","0,0936","0,00%"
2019-09-14,"0,0939","0,0940","0,0941","0,0936","0,00%"
2019-09-15,"0,0939","0,0940","0,0941","0,0936","0,00%"
2019-09-16,"0,0941","0,0939","0,0941","0,0936","0,21%"
2019-09-17,"0,0934","0,0941","0,0941","0,0933","-0,74%"
2019-09-18,"0,0931","0,0934","0,0935","0,0931","-0,32%"
2019-09-19,"0,0935","0,0931","0,0935","0,0930","0,43%"
2019-09-20,"0,0936","0,0935","0,0936","0,0932","0,11%"
2019-09-21,"0,0936","0,0935","0,0936","0,0932","0,11%"
2019-09-22,"0,0936","0,0935","0,0936","0,0932","0,11%"
2019-09-23,"0,0937","0,0936","0,0938","0,0931","0,11%"
2019-09-24,"0,0938","0,0937","0,0940","0,0934","0,11%"
2019-09-25,"0,0936","0,0939","0,0940","0,0935","-0,21%"
2019-09-26,"0,0937","0,0936","0,0939","0,0935","0,11%"
2019-09-27,"0,0933","0,0938","0,0939","0,0931","-0,43%"
2019-09-28,"0,0933","0,0938","0,0939","0,0931","-0,43%"
2019-09-29,"0,0933","0,0938","0,0939","0,0931","-0,43%"
2019-09-30,"0,0932","0,0934","0,0935","0,0931","-0,11%"
2019-10-01,"0,0926","0,0932","0,0933","0,0925","-0,64%"
2019-10-02,"0,0924","0,0926","0,0928","0,0922","-0,22%"
2019-10-03,"0,0924","0,0925","0,0926","0,0922","0,00%"
2019-10-04,"0,0925","0,0924","0,0926","0,0923","0,11%"
2019-10-05,"0,0925","0,0924","0,0926","0,0923","0,11%"
2019-10-06,"0,0925","0,0924","0,0926","0,0923","0,11%"
2019-10-07,"0,0919","0,0926","0,0926","0,0918","-0,65%"
2019-10-08,"0,0917","0,0919","0,0922","0,0918","-0,22%"
2019-10-09,"0,0915","0,0918","0,0918","0,0914","-0,22%"
2019-10-10,"0,0923","0,0916","0,0923","0,0914","0,87%"
2019-10-11,"0,0923","0,0923","0,0926","0,0921","0,00%"
2019-10-12,"0,0923","0,0923","0,0926","0,0921","0,00%"
2019-10-13,"0,0923","0,0923","0,0926","0,0921","0,00%"
2019-10-14,"0,0923","0,0924","0,0925","0,0920","0,00%"
2019-10-15,"0,0924","0,0923","0,0926","0,0922","0,11%"
2019-10-16,"0,0924","0,0924","0,0926","0,0922","0,00%"
2019-10-17,"0,0925","0,0924","0,0928","0,0918","0,11%"
2019-10-18,"0,0928","0,0925","0,0930","0,0925","0,32%"
2019-10-19,"0,0928","0,0925","0,0930","0,0925","0,32%"
2019-10-20,"0,0928","0,0925","0,0930","0,0925","0,32%"
2019-10-21,"0,0930","0,0931","0,0934","0,0926","0,22%"
2019-10-22,"0,0931","0,0931","0,0932","0,0930","0,11%"
2019-10-23,"0,0932","0,0931","0,0933","0,0930","0,11%"
2019-10-24,"0,0932","0,0932","0,0939","0,0931","0,00%"
2019-10-25,"0,0932","0,0932","0,0934","0,0930","0,00%"
2019-10-26,"0,0932","0,0932","0,0934","0,0930","0,00%"
2019-10-27,"0,0932","0,0932","0,0934","0,0930","0,00%"
2019-10-28,"0,0928","0,0931","0,0932","0,0928","-0,43%"
2019-10-29,"0,0927","0,0928","0,0928","0,0925","-0,11%"
2019-10-30,"0,0929","0,0927","0,0930","0,0924","0,22%"
2019-10-31,"0,0929","0,0929","0,0932","0,0927","0,00%"
2019-11-01,"0,0936","0,0929","0,0938","0,0928","0,75%"
2019-11-02,"0,0936","0,0929","0,0938","0,0928","0,75%"
2019-11-03,"0,0936","0,0929","0,0938","0,0928","0,75%"
2019-11-04,"0,0934","0,0936","0,0939","0,0933","-0,21%"
2019-11-05,"0,0935","0,0934","0,0937","0,0933","0,11%"
2019-11-06,"0,0939","0,0935","0,0940","0,0934","0,43%"
2019-11-07,"0,0939","0,0939","0,0943","0,0938","0,00%"
2019-11-08,"0,0935","0,0940","0,0940","0,0934","-0,43%"
2019-11-09,"0,0935","0,0940","0,0940","0,0934","-0,43%"
2019-11-10,"0,0935","0,0940","0,0940","0,0934","-0,43%"
2019-11-11,"0,0935","0,0935","0,0936","0,0932","0,00%"
2019-11-12,"0,0934","0,0935","0,0936","0,0934","-0,11%"
2019-11-13,"0,0934","0,0935","0,0935","0,0930","0,00%"
2019-11-14,"0,0937","0,0934","0,0938","0,0931","0,32%"
2019-11-15,"0,0938","0,0937","0,0940","0,0936","0,11%"
2019-11-16,"0,0938","0,0937","0,0940","0,0936","0,11%"
2019-11-17,"0,0938","0,0937","0,0940","0,0936","0,11%"
2019-11-18,"0,0937","0,0939","0,0940","0,0937","-0,11%"
2019-11-19,"0,0937","0,0938","0,0940","0,0935","0,00%"
2019-11-20,"0,0937","0,0938","0,0939","0,0930","0,00%"
2019-11-21,"0,0939","0,0938","0,0940","0,0935","0,21%"
2019-11-22,"0,0942","0,0940","0,0943","0,0939","0,32%"
2019-11-23,"0,0942","0,0940","0,0943","0,0939","0,32%"
2019-11-24,"0,0942","0,0940","0,0943","0,0939","0,32%"
2019-11-25,"0,0941","0,0943","0,0948","0,0941","-0,11%"
2019-11-26,"0,0946","0,0941","0,0947","0,0941","0,53%"
2019-11-27,"0,0949","0,0946","0,0950","0,0945","0,32%"
2019-11-28,"0,0950","0,0949","0,0951","0,0946","0,11%"
2019-11-29,"0,0948","0,0950","0,0953","0,0947","-0,21%"
2019-11-30,"0,0948","0,0950","0,0953","0,0947","-0,21%"
2019-12-01,"0,0948","0,0950","0,0953","0,0947","-0,21%"
2019-12-02,"0,0946","0,0948","0,0950","0,0945","-0,21%"
2019-12-03,"0,0946","0,0946","0,0950","0,0945","0,00%"
2019-12-04,"0,0949","0,0947","0,0949","0,0944","0,32%"
2019-12-05,"0,0949","0,0949","0,0950","0,0948","0,00%"
2019-12-06,"0,0952","0,0949","0,0954","0,0948","0,32%"
2019-12-07,"0,0952","0,0949","0,0954","0,0948","0,32%"
2019-12-08,"0,0952","0,0949","0,0954","0,0948","0,32%"
2019-12-09,"0,0948","0,0953","0,0953","0,0948","-0,42%"
2019-12-10,"0,0949","0,0948","0,0950","0,0945","0,11%"
2019-12-11,"0,0956","0,0949","0,0957","0,0949","0,74%"
2019-12-12,"0,0956","0,0957","0,0958","0,0956","0,00%"
2019-12-13,"0,0957","0,0957","0,0958","0,0952","0,10%"
2019-12-14,"0,0957","0,0957","0,0958","0,0952","0,10%"
2019-12-15,"0,0957","0,0957","0,0958","0,0952","0,10%"
2019-12-16,"0,0958","0,0957","0,0961","0,0957","0,10%"
2019-12-17,"0,0956","0,0958","0,0959","0,0953","-0,21%"
2019-12-18,"0,0955","0,0956","0,0958","0,0953","-0,10%"
2019-12-19,"0,0955","0,0955","0,0958","0,0953","0,00%"
2019-12-20,"0,0959","0,0956","0,0961","0,0954","0,42%"
2019-12-21,"0,0959","0,0956","0,0961","0,0954","0,42%"
2019-12-22,"0,0959","0,0956","0,0961","0,0954","0,42%"
2019-12-23,"0,0956","0,0959","0,0961","0,0954","-0,31%"
2019-12-24,"0,0957","0,0956","0,0959","0,0955","0,10%"
2019-12-25,"0,0960","0,0957","0,0962","0,0957","0,31%"
2019-12-26,"0,0957","0,0961","0,0961","0,0954","-0,31%"
2019-12-27,"0,0959","0,0957","0,0961","0,0954","0,21%"
2019-12-28,"0,0959","0,0957","0,0961","0,0954","0,21%"
2019-12-29,"0,0959","0,0957","0,0961","0,0954","0,21%"
2019-12-30,"0,0955","0,0959","0,0959","0,0954","-0,42%"
2019-12-31,"0,0952","0,0956","0,0959","0,0950","-0,31%"
2020-01-01,"0,0952","0,0952","0,0953","0,0951","0,00%"
2020-01-02,"0,0956","0,0953","0,0957","0,0952","0,42%"
2020-01-03,"0,0953","0,0956","0,0957","0,0949","-0,31%"
2020-01-04,"0,0953","0,0956","0,0957","0,0949","-0,31%"
2020-01-05,"0,0953","0,0956","0,0957","0,0949","-0,31%"
2020-01-06,"0,0950","0,0953","0,0954","0,0949","-0,31%"
2020-01-07,"0,0948","0,0950","0,0952","0,0947","-0,21%"
2020-01-08,"0,0951","0,0949","0,0953","0,0944","0,32%"
2020-01-09,"0,0949","0,0952","0,0953","0,0948","-0,21%"
2020-01-10,"0,0946","0,0949","0,0949","0,0945","-0,32%"
2020-01-11,"0,0946","0,0949","0,0949","0,0945","-0,32%"
2020-01-12,"0,0946","0,0949","0,0949","0,0945","-0,32%"
2020-01-13,"0,0949","0,0947","0,0949","0,0944","0,32%"
2020-01-14,"0,0949","0,0949","0,0952","0,0947","0,00%"
2020-01-15,"0,0947","0,0949","0,0950","0,0947","-0,21%"
2020-01-16,"0,0946","0,0948","0,0949","0,0945","-0,11%"
2020-01-17,"0,0947","0,0947","0,0949","0,0945","0,11%"
2020-01-18,"0,0947","0,0947","0,0949","0,0945","0,11%"
2020-01-19,"0,0947","0,0947","0,0949","0,0945","0,11%"
2020-01-20,"0,0946","0,0947","0,0949","0,0946","-0,11%"
2020-01-21,"0,0947","0,0947","0,0949","0,0945","0,11%"
2020-01-22,"0,0949","0,0947","0,0949","0,0947","0,21%"
2020-01-23,"0,0949","0,0949","0,0949","0,0948","0,00%"
2020-01-24,"0,0948","0,0949","0,0950","0,0947","-0,11%"
2020-01-25,"0,0948","0,0949","0,0950","0,0947","-0,11%"
2020-01-26,"0,0948","0,0949","0,0950","0,0947","-0,11%"
2020-01-27,"0,0943","0,0949","0,0949","0,0943","-0,53%"
2020-01-28,"0,0944","0,0943","0,0945","0,0941","0,11%"
2020-01-29,"0,0944","0,0944","0,0947","0,0944","0,00%"
2020-01-30,"0,0940","0,0944","0,0944","0,0939","-0,42%"
2020-01-31,"0,0936","0,0941","0,0941","0,0935","-0,43%"
2020-02-01,"0,0936","0,0941","0,0941","0,0935","-0,43%"
2020-02-02,"0,0936","0,0941","0,0941","0,0935","-0,43%"
2020-02-03,"0,0937","0,0936","0,0940","0,0935","0,11%"
2020-02-04,"0,0944","0,0937","0,0944","0,0936","0,75%"
2020-02-05,"0,0948","0,0944","0,0950","0,0944","0,42%"
2020-02-06,"0,0946","0,0949","0,0949","0,0944","-0,21%"
2020-02-07,"0,0946","0,0946","0,0949","0,0944","0,00%"
2020-02-08,"0,0946","0,0946","0,0949","0,0944","0,00%"
2020-02-09,"0,0946","0,0946","0,0949","0,0944","0,00%"
2020-02-10,"0,0948","0,0945","0,0949","0,0944","0,21%"
2020-02-11,"0,0950","0,0949","0,0952","0,0948","0,21%"
2020-02-12,"0,0954","0,0950","0,0955","0,0950","0,42%"
2020-02-13,"0,0953","0,0954","0,0955","0,0952","-0,10%"
2020-02-14,"0,0949","0,0953","0,0954","0,0949","-0,42%"
2020-02-15,"0,0949","0,0953","0,0954","0,0949","-0,42%"
2020-02-16,"0,0949","0,0953","0,0954","0,0949","-0,42%"
2020-02-17,"0,0952","0,0949","0,0953","0,0948","0,32%"
2020-02-18,"0,0947","0,0952","0,0953","0,0945","-0,53%"
2020-02-19,"0,0945","0,0947","0,0948","0,0944","-0,21%"
