,Price,Open,High,Low,Change %
2016-01-01,0.1184,0.1184,0.1184,0.1183,0.00%
2016-01-02,0.1184,0.1184,0.1184,0.1183,0.00%
2016-01-03,0.1184,0.1184,0.1184,0.1183,0.00%
2016-01-04,0.1177,0.1184,0.1191,0.1173,-0.59%
2016-01-05,0.1163,0.1177,0.1177,0.1158,-1.19%
2016-01-06,0.1164,0.1163,0.1167,0.1161,0.09%
2016-01-07,0.1182,0.1164,0.1182,0.1163,1.55%
2016-01-08,0.1177,0.1181,0.1182,0.1165,-0.42%
2016-01-09,0.1177,0.1181,0.1182,0.1165,-0.42%
2016-01-10,0.1177,0.1181,0.1182,0.1165,-0.42%
2016-01-11,0.1171,0.1176,0.1178,0.117,-0.51%
2016-01-12,0.1172,0.1171,0.1175,0.1167,0.09%
2016-01-13,0.1172,0.1172,0.1175,0.1167,0.00%
2016-01-14,0.1169,0.1172,0.1177,0.1167,-0.26%
2016-01-15,0.1164,0.1167,0.1174,0.1163,-0.43%
2016-01-16,0.1164,0.1167,0.1174,0.1163,-0.43%
2016-01-17,0.1164,0.1167,0.1174,0.1163,-0.43%
2016-01-18,0.1166,0.1165,0.1167,0.1161,0.17%
2016-01-19,0.1171,0.1166,0.1174,0.1163,0.43%
2016-01-20,0.1164,0.1171,0.1175,0.1161,-0.60%
2016-01-21,0.1168,0.1164,0.117,0.1155,0.34%
2016-01-22,0.1166,0.1168,0.1172,0.1162,-0.17%
2016-01-23,0.1166,0.1168,0.1172,0.1162,-0.17%
2016-01-24,0.1166,0.1168,0.1172,0.1162,-0.17%
2016-01-25,0.1167,0.1165,0.1169,0.1163,0.09%
2016-01-26,0.1172,0.1168,0.1172,0.1166,0.43%
2016-01-27,0.1175,0.1171,0.1179,0.1168,0.26%
2016-01-28,0.1175,0.1175,0.1177,0.117,0.00%
2016-01-29,0.1166,0.1175,0.1178,0.116,-0.77%
2016-01-30,0.1166,0.1175,0.1178,0.116,-0.77%
2016-01-31,0.1166,0.1175,0.1178,0.116,-0.77%
2016-02-01,0.1173,0.1166,0.1175,0.1162,0.60%
2016-02-02,0.1169,0.1172,0.1174,0.1164,-0.34%
2016-02-03,0.1186,0.1168,0.1188,0.1165,1.45%
2016-02-04,0.119,0.1186,0.1197,0.1182,0.34%
2016-02-05,0.1181,0.119,0.1193,0.1178,-0.76%
2016-02-06,0.1181,0.119,0.1193,0.1178,-0.76%
2016-02-07,0.1181,0.119,0.1193,0.1178,-0.76%
2016-02-08,0.1184,0.1182,0.119,0.1176,0.25%
2016-02-09,0.1188,0.1184,0.1192,0.1178,0.34%
2016-02-10,0.1194,0.1188,0.1195,0.1177,0.51%
2016-02-11,0.1194,0.1194,0.1199,0.1179,0.00%
2016-02-12,0.1188,0.1194,0.1196,0.1183,-0.50%
2016-02-13,0.1188,0.1194,0.1196,0.1183,-0.50%
2016-02-14,0.1188,0.1194,0.1196,0.1183,-0.50%
2016-02-15,0.1179,0.1187,0.119,0.1174,-0.76%
2016-02-16,0.1175,0.1178,0.1182,0.1173,-0.34%
2016-02-17,0.1174,0.1175,0.1182,0.1171,-0.09%
2016-02-18,0.1184,0.1174,0.1185,0.1173,0.85%
2016-02-19,0.1184,0.1184,0.1187,0.1178,0.00%
2016-02-20,0.1184,0.1184,0.1187,0.1178,0.00%
2016-02-21,0.1184,0.1184,0.1187,0.1178,0.00%
2016-02-22,0.1177,0.1183,0.1184,0.1174,-0.59%
2016-02-23,0.1178,0.1176,0.1181,0.1175,0.08%
2016-02-24,0.1178,0.1177,0.1181,0.1169,0.00%
2016-02-25,0.1175,0.1178,0.118,0.117,-0.25%
2016-02-26,0.1169,0.1175,0.1182,0.1167,-0.51%
2016-02-27,0.1169,0.1175,0.1182,0.1167,-0.51%
2016-02-28,0.1169,0.1175,0.1182,0.1167,-0.51%
2016-02-29,0.1167,0.1169,0.1174,0.1163,-0.17%
2016-03-01,0.1159,0.1167,0.1169,0.1156,-0.69%
2016-03-02,0.1162,0.116,0.1164,0.1156,0.26%
2016-03-03,0.1173,0.1161,0.1174,0.1159,0.95%
2016-03-04,0.118,0.1173,0.1182,0.1168,0.60%
2016-03-05,0.118,0.1173,0.1182,0.1168,0.60%
2016-03-06,0.118,0.1173,0.1182,0.1168,0.60%
2016-03-07,0.118,0.118,0.118,0.1171,0.00%
2016-03-08,0.1177,0.118,0.1182,0.1173,-0.25%
2016-03-09,0.1185,0.1177,0.1188,0.1174,0.68%
2016-03-10,0.1194,0.1184,0.12,0.117,0.76%
2016-03-11,0.1199,0.1193,0.1201,0.1189,0.42%
2016-03-12,0.1199,0.1193,0.1201,0.1189,0.42%
2016-03-13,0.1199,0.1193,0.1201,0.1189,0.42%
2016-03-14,0.1199,0.1197,0.1202,0.1195,0.00%
2016-03-15,0.1202,0.1198,0.1205,0.1195,0.25%
2016-03-16,0.1217,0.1202,0.122,0.1197,1.25%
2016-03-17,0.1222,0.1217,0.123,0.1213,0.41%
2016-03-18,0.1215,0.1222,0.1225,0.1213,-0.57%
2016-03-19,0.1215,0.1222,0.1225,0.1213,-0.57%
2016-03-20,0.1215,0.1222,0.1225,0.1213,-0.57%
2016-03-21,0.1215,0.1214,0.1219,0.1211,0.00%
2016-03-22,0.1215,0.1214,0.1218,0.1206,0.00%
2016-03-23,0.121,0.1215,0.1217,0.1207,-0.41%
2016-03-24,0.1206,0.121,0.121,0.1203,-0.33%
2016-03-25,0.1204,0.1205,0.1206,0.1202,-0.17%
2016-03-26,0.1204,0.1205,0.1206,0.1202,-0.17%
2016-03-27,0.1204,0.1205,0.1206,0.1202,-0.17%
2016-03-28,0.1207,0.1205,0.121,0.1202,0.25%
2016-03-29,0.122,0.1207,0.1221,0.1204,1.08%
2016-03-30,0.123,0.1219,0.123,0.1219,0.82%
2016-03-31,0.1232,0.123,0.1237,0.1225,0.16%
2016-04-01,0.1229,0.1232,0.1238,0.1226,-0.24%
2016-04-02,0.1229,0.1232,0.1238,0.1226,-0.24%
2016-04-03,0.1229,0.1232,0.1238,0.1226,-0.24%
2016-04-04,0.123,0.123,0.1233,0.1227,0.08%
2016-04-05,0.123,0.123,0.1232,0.1224,0.00%
2016-04-06,0.1227,0.1229,0.123,0.1222,-0.24%
2016-04-07,0.1224,0.1227,0.1232,0.1223,-0.24%
2016-04-08,0.1227,0.1224,0.123,0.1222,0.25%
2016-04-09,0.1227,0.1224,0.123,0.1222,0.25%
2016-04-10,0.1227,0.1224,0.123,0.1222,0.25%
2016-04-11,0.1232,0.1227,0.1237,0.1225,0.41%
2016-04-12,0.1237,0.1232,0.1245,0.1231,0.41%
2016-04-13,0.1229,0.1237,0.1238,0.1227,-0.65%
2016-04-14,0.123,0.1228,0.1232,0.1221,0.08%
2016-04-15,0.123,0.1229,0.1235,0.1225,0.00%
2016-04-16,0.123,0.1229,0.1235,0.1225,0.00%
2016-04-17,0.123,0.1229,0.1235,0.1225,0.00%
2016-04-18,0.1232,0.1228,0.1234,0.1227,0.16%
2016-04-19,0.1237,0.1232,0.1239,0.1231,0.41%
2016-04-20,0.123,0.1236,0.1244,0.1229,-0.57%
2016-04-21,0.1228,0.123,0.1241,0.1227,-0.16%
2016-04-22,0.1227,0.1228,0.1237,0.1224,-0.08%
2016-04-23,0.1227,0.1228,0.1237,0.1224,-0.08%
2016-04-24,0.1227,0.1228,0.1237,0.1224,-0.08%
2016-04-25,0.123,0.1225,0.1231,0.1224,0.24%
2016-04-26,0.1232,0.123,0.1238,0.1227,0.16%
2016-04-27,0.1235,0.1231,0.124,0.1229,0.24%
2016-04-28,0.1239,0.1235,0.1245,0.1234,0.32%
2016-04-29,0.1245,0.1239,0.1252,0.1238,0.48%
2016-04-30,0.1245,0.1239,0.1252,0.1238,0.48%
2016-05-01,0.1245,0.1239,0.1252,0.1238,0.48%
2016-05-02,0.1256,0.1245,0.1258,0.1244,0.88%
2016-05-03,0.124,0.1256,0.1268,0.124,-1.27%
2016-05-04,0.1239,0.1241,0.1245,0.1237,-0.08%
2016-05-05,0.1233,0.1239,0.1241,0.1231,-0.48%
2016-05-06,0.1229,0.1233,0.1237,0.1226,-0.32%
2016-05-07,0.1229,0.1233,0.1237,0.1226,-0.32%
2016-05-08,0.1229,0.1233,0.1237,0.1226,-0.32%
2016-05-09,0.1225,0.1227,0.1231,0.1224,-0.33%
2016-05-10,0.1225,0.1225,0.123,0.1223,0.00%
2016-05-11,0.1229,0.1225,0.1232,0.1225,0.33%
2016-05-12,0.1222,0.1228,0.123,0.122,-0.57%
2016-05-13,0.1212,0.1222,0.1222,0.1208,-0.82%
2016-05-14,0.1212,0.1222,0.1222,0.1208,-0.82%
2016-05-15,0.1212,0.1222,0.1222,0.1208,-0.82%
2016-05-16,0.121,0.1212,0.1217,0.1209,-0.17%
2016-05-17,0.1211,0.121,0.1216,0.1208,0.08%
2016-05-18,0.1197,0.1211,0.1211,0.1196,-1.16%
2016-05-19,0.1197,0.1197,0.12,0.1193,0.00%
2016-05-20,0.1203,0.1196,0.1203,0.1196,0.50%
2016-05-21,0.1203,0.1196,0.1203,0.1196,0.50%
2016-05-22,0.1203,0.1196,0.1203,0.1196,0.50%
2016-05-23,0.1199,0.1201,0.1205,0.1195,-0.33%
2016-05-24,0.1202,0.1198,0.1205,0.1194,0.25%
2016-05-25,0.1206,0.1203,0.1207,0.1201,0.33%
2016-05-26,0.1207,0.1205,0.121,0.1202,0.08%
2016-05-27,0.1197,0.1207,0.121,0.1197,-0.83%
2016-05-28,0.1197,0.1207,0.121,0.1197,-0.83%
2016-05-29,0.1197,0.1207,0.121,0.1197,-0.83%
2016-05-30,0.12,0.1197,0.1202,0.1195,0.25%
2016-05-31,0.12,0.1199,0.1204,0.1196,0.00%
2016-06-01,0.1205,0.12,0.1207,0.1198,0.42%
2016-06-02,0.1201,0.1204,0.1208,0.1198,-0.33%
2016-06-03,0.1229,0.12,0.1229,0.12,2.33%
2016-06-04,0.1229,0.12,0.1229,0.12,2.33%
2016-06-05,0.1229,0.12,0.1229,0.12,2.33%
2016-06-06,0.1231,0.1227,0.1233,0.1223,0.16%
2016-06-07,0.123,0.1231,0.1233,0.1227,-0.08%
2016-06-08,0.1233,0.123,0.1236,0.1229,0.24%
2016-06-09,0.1223,0.1233,0.1235,0.1222,-0.81%
2016-06-10,0.1203,0.1223,0.1223,0.1202,-1.64%
2016-06-11,0.1203,0.1223,0.1223,0.1202,-1.64%
2016-06-12,0.1203,0.1223,0.1223,0.1202,-1.64%
2016-06-13,0.1214,0.1204,0.1215,0.1202,0.91%
2016-06-14,0.1203,0.1214,0.1214,0.1202,-0.91%
2016-06-15,0.1203,0.1203,0.1207,0.1197,0.00%
2016-06-16,0.1199,0.1203,0.1207,0.1184,-0.33%
2016-06-17,0.12,0.1199,0.1205,0.1197,0.08%
2016-06-18,0.12,0.1199,0.1205,0.1197,0.08%
2016-06-19,0.12,0.1199,0.1205,0.1197,0.08%
2016-06-20,0.1213,0.1201,0.1217,0.1201,1.08%
2016-06-21,0.1207,0.1213,0.1219,0.1206,-0.49%
2016-06-22,0.121,0.1207,0.1215,0.1206,0.25%
2016-06-23,0.1226,0.121,0.1228,0.121,1.32%
2016-06-24,0.1182,0.1226,0.1235,0.1139,-3.59%
2016-06-25,0.1182,0.1226,0.1235,0.1139,-3.59%
2016-06-26,0.1182,0.1226,0.1235,0.1139,-3.59%
2016-06-27,0.1169,0.1176,0.1182,0.1162,-1.10%
2016-06-28,0.1175,0.1168,0.1179,0.1166,0.51%
2016-06-29,0.1182,0.1175,0.1184,0.1171,0.60%
2016-06-30,0.1182,0.1182,0.1184,0.1171,0.00%
2016-07-01,0.1185,0.1181,0.119,0.1178,0.25%
2016-07-02,0.1185,0.1181,0.119,0.1178,0.25%
2016-07-03,0.1185,0.1181,0.119,0.1178,0.25%
2016-07-04,0.1188,0.1186,0.1188,0.118,0.25%
2016-07-05,0.1173,0.1188,0.1189,0.1171,-1.26%
2016-07-06,0.1173,0.1173,0.1176,0.1164,0.00%
2016-07-07,0.1166,0.1173,0.1173,0.1164,-0.60%
2016-07-08,0.1166,0.1165,0.1171,0.116,0.00%
2016-07-09,0.1166,0.1165,0.1171,0.116,0.00%
2016-07-10,0.1166,0.1165,0.1171,0.116,0.00%
2016-07-11,0.1166,0.1165,0.1169,0.1162,0.00%
2016-07-12,0.1171,0.1166,0.1176,0.1164,0.43%
2016-07-13,0.1177,0.1171,0.118,0.1166,0.51%
2016-07-14,0.1177,0.1177,0.1182,0.1175,0.00%
2016-07-15,0.1164,0.1177,0.118,0.1163,-1.10%
2016-07-16,0.1164,0.1177,0.118,0.1163,-1.10%
2016-07-17,0.1164,0.1177,0.118,0.1163,-1.10%
2016-07-18,0.117,0.1166,0.117,0.1166,0.52%
2016-07-19,0.1161,0.117,0.117,0.1159,-0.77%
2016-07-20,0.1163,0.1161,0.1164,0.1157,0.17%
2016-07-21,0.1164,0.1162,0.1166,0.1159,0.09%
2016-07-22,0.1156,0.1164,0.1164,0.1152,-0.69%
2016-07-23,0.1156,0.1164,0.1164,0.1152,-0.69%
2016-07-24,0.1156,0.1164,0.1164,0.1152,-0.69%
2016-07-25,0.1157,0.1155,0.1157,0.1153,0.09%
2016-07-26,0.1155,0.1158,0.116,0.1154,-0.17%
2016-07-27,0.1159,0.1155,0.1161,0.1149,0.35%
2016-07-28,0.1157,0.1159,0.1167,0.1156,-0.17%
2016-07-29,0.1169,0.1157,0.1172,0.1156,1.04%
2016-07-30,0.1169,0.1157,0.1172,0.1156,1.04%
2016-07-31,0.1169,0.1157,0.1172,0.1156,1.04%
2016-08-01,0.1164,0.117,0.1171,0.1162,-0.43%
2016-08-02,0.1175,0.1163,0.1177,0.1163,0.95%
2016-08-03,0.117,0.1175,0.1178,0.1169,-0.43%
2016-08-04,0.1174,0.117,0.1177,0.1167,0.34%
2016-08-05,0.1167,0.1173,0.1175,0.1164,-0.60%
2016-08-06,0.1167,0.1173,0.1175,0.1164,-0.60%
2016-08-07,0.1167,0.1173,0.1175,0.1164,-0.60%
2016-08-08,0.1166,0.1168,0.1169,0.1162,-0.09%
2016-08-09,0.1172,0.1165,0.1174,0.1163,0.51%
2016-08-10,0.1181,0.1172,0.1184,0.117,0.77%
2016-08-11,0.118,0.1181,0.1188,0.1179,-0.08%
2016-08-12,0.1183,0.118,0.119,0.1179,0.25%
2016-08-13,0.1183,0.118,0.119,0.1179,0.25%
2016-08-14,0.1183,0.118,0.119,0.1179,0.25%
2016-08-15,0.1182,0.1183,0.1185,0.1179,-0.08%
2016-08-16,0.1189,0.1182,0.1199,0.1181,0.59%
2016-08-17,0.1187,0.1188,0.119,0.1183,-0.17%
2016-08-18,0.1198,0.1187,0.1199,0.1186,0.93%
2016-08-19,0.1192,0.1198,0.12,0.119,-0.50%
2016-08-20,0.1192,0.1198,0.12,0.119,-0.50%
2016-08-21,0.1192,0.1198,0.12,0.119,-0.50%
2016-08-22,0.1194,0.1193,0.1195,0.1186,0.17%
2016-08-23,0.1194,0.1194,0.1199,0.1192,0.00%
2016-08-24,0.1191,0.1193,0.1196,0.1187,-0.25%
2016-08-25,0.119,0.1191,0.1192,0.1188,-0.08%
2016-08-26,0.1179,0.1189,0.1196,0.1175,-0.92%
2016-08-27,0.1179,0.1189,0.1196,0.1175,-0.92%
2016-08-28,0.1179,0.1189,0.1196,0.1175,-0.92%
2016-08-29,0.1182,0.1179,0.1182,0.1175,0.25%
2016-08-30,0.1171,0.1181,0.1181,0.1167,-0.93%
2016-08-31,0.1169,0.1171,0.1174,0.1165,-0.17%
2016-09-01,0.1169,0.1167,0.117,0.1161,0.00%
2016-09-02,0.1165,0.1169,0.1174,0.1162,-0.34%
2016-09-03,0.1165,0.1169,0.1174,0.1162,-0.34%
2016-09-04,0.1165,0.1169,0.1174,0.1162,-0.34%
2016-09-05,0.1167,0.1165,0.117,0.1164,0.17%
2016-09-06,0.1182,0.1167,0.1182,0.1166,1.29%
2016-09-07,0.1184,0.1181,0.1187,0.1178,0.17%
2016-09-08,0.1184,0.1184,0.1193,0.1181,0.00%
2016-09-09,0.1177,0.1184,0.1187,0.1174,-0.59%
2016-09-10,0.1177,0.1184,0.1187,0.1174,-0.59%
2016-09-11,0.1177,0.1184,0.1187,0.1174,-0.59%
2016-09-12,0.1179,0.1177,0.1181,0.1171,0.17%
2016-09-13,0.1173,0.1179,0.118,0.117,-0.51%
2016-09-14,0.1179,0.1172,0.1182,0.1171,0.51%
2016-09-15,0.1179,0.1178,0.1181,0.1172,0.00%
2016-09-16,0.1167,0.1179,0.1179,0.1165,-1.02%
2016-09-17,0.1167,0.1179,0.1179,0.1165,-1.02%
2016-09-18,0.1167,0.1179,0.1179,0.1165,-1.02%
2016-09-19,0.1167,0.1169,0.1172,0.1166,0.00%
2016-09-20,0.1163,0.1167,0.1171,0.1163,-0.34%
2016-09-21,0.1169,0.1163,0.1169,0.116,0.52%
2016-09-22,0.117,0.1168,0.1175,0.1168,0.09%
2016-09-23,0.1171,0.1169,0.1172,0.1167,0.09%
2016-09-24,0.1171,0.1169,0.1172,0.1167,0.09%
2016-09-25,0.1171,0.1169,0.1172,0.1167,0.09%
2016-09-26,0.1172,0.117,0.1174,0.1168,0.09%
2016-09-27,0.1163,0.1172,0.1174,0.1158,-0.77%
2016-09-28,0.1168,0.1163,0.1168,0.116,0.43%
2016-09-29,0.1167,0.1167,0.1172,0.1163,-0.09%
2016-09-30,0.1167,0.1166,0.1169,0.1158,0.00%
2016-10-01,0.1167,0.1166,0.1169,0.1158,0.00%
2016-10-02,0.1167,0.1166,0.1169,0.1158,0.00%
2016-10-03,0.1167,0.1166,0.1174,0.1164,0.00%
2016-10-04,0.1162,0.1167,0.1169,0.1158,-0.43%
2016-10-05,0.1164,0.1162,0.1169,0.116,0.17%
2016-10-06,0.1159,0.1164,0.1166,0.1158,-0.43%
2016-10-07,0.1159,0.1158,0.1164,0.1152,0.00%
2016-10-08,0.1159,0.1158,0.1164,0.1152,0.00%
2016-10-09,0.1159,0.1158,0.1164,0.1152,0.00%
2016-10-10,0.1155,0.1158,0.1159,0.1153,-0.35%
2016-10-11,0.1134,0.1155,0.1156,0.1132,-1.82%
2016-10-12,0.1131,0.1133,0.1135,0.1129,-0.26%
2016-10-13,0.1137,0.1131,0.1139,0.1127,0.53%
2016-10-14,0.1131,0.1137,0.1139,0.113,-0.53%
2016-10-15,0.1131,0.1137,0.1139,0.113,-0.53%
2016-10-16,0.1131,0.1137,0.1139,0.113,-0.53%
2016-10-17,0.1135,0.1131,0.1135,0.113,0.35%
2016-10-18,0.1133,0.1135,0.1138,0.1132,-0.18%
2016-10-19,0.1132,0.1133,0.1136,0.1129,-0.09%
2016-10-20,0.1127,0.1132,0.1135,0.1125,-0.44%
2016-10-21,0.1121,0.1127,0.1128,0.1118,-0.53%
2016-10-22,0.1121,0.1127,0.1128,0.1118,-0.53%
2016-10-23,0.1121,0.1127,0.1128,0.1118,-0.53%
2016-10-24,0.1122,0.1121,0.1124,0.1119,0.09%
2016-10-25,0.112,0.1122,0.1123,0.1116,-0.18%
2016-10-26,0.1122,0.112,0.1124,0.1119,0.18%
2016-10-27,0.1101,0.1122,0.1127,0.11,-1.87%
2016-10-28,0.1109,0.1101,0.1113,0.1101,0.73%
2016-10-29,0.1109,0.1101,0.1113,0.1101,0.73%
2016-10-30,0.1109,0.1101,0.1113,0.1101,0.73%
2016-10-31,0.1107,0.1109,0.1112,0.1106,-0.18%
2016-11-01,0.1115,0.1107,0.1119,0.1105,0.72%
2016-11-02,0.1121,0.1116,0.1125,0.1115,0.54%
2016-11-03,0.1115,0.1121,0.1125,0.1114,-0.54%
2016-11-04,0.1118,0.1115,0.1119,0.1111,0.27%
2016-11-05,0.1118,0.1115,0.1119,0.1111,0.27%
2016-11-06,0.1118,0.1115,0.1119,0.1111,0.27%
2016-11-07,0.1108,0.1117,0.1117,0.1104,-0.89%
2016-11-08,0.1112,0.1108,0.1114,0.1107,0.36%
2016-11-09,0.1103,0.1112,0.1123,0.1096,-0.81%
2016-11-10,0.1106,0.1103,0.1108,0.1097,0.27%
2016-11-11,0.11,0.1106,0.1108,0.1097,-0.54%
2016-11-12,0.11,0.1106,0.1108,0.1097,-0.54%
2016-11-13,0.11,0.1106,0.1108,0.1097,-0.54%
2016-11-14,0.1092,0.1099,0.1101,0.1089,-0.73%
2016-11-15,0.1089,0.1092,0.1104,0.1087,-0.27%
2016-11-16,0.1087,0.1088,0.1092,0.1084,-0.18%
2016-11-17,0.1082,0.1087,0.1094,0.1081,-0.46%
2016-11-18,0.108,0.108,0.1085,0.1077,-0.18%
2016-11-19,0.108,0.108,0.1085,0.1077,-0.18%
2016-11-20,0.108,0.108,0.1085,0.1077,-0.18%
2016-11-21,0.1085,0.108,0.1086,0.1078,0.46%
2016-11-22,0.1085,0.1085,0.1088,0.1079,0.00%
2016-11-23,0.1078,0.1085,0.1086,0.1075,-0.65%
2016-11-24,0.1081,0.1077,0.1085,0.1074,0.28%
2016-11-25,0.1082,0.1081,0.1086,0.1079,0.09%
2016-11-26,0.1082,0.1081,0.1086,0.1079,0.09%
2016-11-27,0.1082,0.1081,0.1086,0.1079,0.09%
2016-11-28,0.1087,0.1083,0.109,0.108,0.46%
2016-11-29,0.109,0.1087,0.1091,0.1081,0.28%
2016-11-30,0.1084,0.1089,0.1094,0.1079,-0.55%
2016-12-01,0.1085,0.1083,0.1087,0.1079,0.09%
2016-12-02,0.1088,0.1084,0.1089,0.1083,0.28%
2016-12-03,0.1088,0.1084,0.1089,0.1083,0.28%
2016-12-04,0.1088,0.1084,0.1089,0.1083,0.28%
2016-12-05,0.1096,0.1089,0.11,0.1074,0.74%
2016-12-06,0.1096,0.1097,0.1098,0.1093,0.00%
2016-12-07,0.1102,0.1095,0.1104,0.1094,0.55%
2016-12-08,0.1096,0.1102,0.1112,0.1091,-0.54%
2016-12-09,0.1089,0.1096,0.1096,0.1085,-0.64%
2016-12-10,0.1089,0.1096,0.1096,0.1085,-0.64%
2016-12-11,0.1089,0.1096,0.1096,0.1085,-0.64%
2016-12-12,0.1091,0.1087,0.1092,0.1084,0.18%
2016-12-13,0.1091,0.1091,0.1095,0.1089,0.00%
2016-12-14,0.108,0.1091,0.1094,0.1076,-1.01%
2016-12-15,0.1063,0.108,0.108,0.106,-1.57%
2016-12-16,0.1069,0.1063,0.1071,0.1058,0.56%
2016-12-17,0.1069,0.1063,0.1071,0.1058,0.56%
2016-12-18,0.1069,0.1063,0.1071,0.1058,0.56%
2016-12-19,0.1065,0.1069,0.1072,0.1064,-0.37%
2016-12-20,0.107,0.1065,0.1071,0.1062,0.47%
2016-12-21,0.1083,0.1069,0.1085,0.1068,1.21%
2016-12-22,0.1084,0.1083,0.1093,0.1083,0.09%
2016-12-23,0.1085,0.1084,0.1089,0.1082,0.09%
2016-12-24,0.1085,0.1084,0.1089,0.1082,0.09%
2016-12-25,0.1085,0.1084,0.1089,0.1082,0.09%
2016-12-26,0.1086,0.1085,0.1088,0.1081,0.09%
2016-12-27,0.1084,0.1086,0.1086,0.1081,-0.18%
2016-12-28,0.1086,0.1084,0.1089,0.1083,0.18%
2016-12-29,0.1096,0.1086,0.1099,0.1086,0.92%
2016-12-30,0.1098,0.1096,0.1111,0.1095,0.18%
2016-12-31,0.1098,0.1096,0.1111,0.1095,0.18%
2017-01-01,0.1098,0.1096,0.1111,0.1095,0.18%
2017-01-02,0.1094,0.1099,0.1101,0.1093,-0.36%
2017-01-03,0.1091,0.1095,0.1098,0.1086,-0.27%
2017-01-04,0.1099,0.1091,0.11,0.1089,0.73%
2017-01-05,0.1112,0.1098,0.1112,0.1097,1.18%
2017-01-06,0.1103,0.1112,0.1112,0.1101,-0.81%
2017-01-07,0.1103,0.1112,0.1112,0.1101,-0.81%
2017-01-08,0.1103,0.1112,0.1112,0.1101,-0.81%
2017-01-09,0.1105,0.1105,0.1106,0.1099,0.18%
2017-01-10,0.1101,0.1105,0.111,0.1101,-0.36%
2017-01-11,0.1108,0.1101,0.111,0.1092,0.64%
2017-01-12,0.1117,0.1108,0.1123,0.1107,0.81%
2017-01-13,0.1123,0.1117,0.1124,0.1116,0.54%
2017-01-14,0.1123,0.1117,0.1124,0.1116,0.54%
2017-01-15,0.1123,0.1117,0.1124,0.1116,0.54%
2017-01-16,0.1117,0.1122,0.1123,0.1114,-0.53%
2017-01-17,0.1125,0.1117,0.1128,0.1116,0.72%
2017-01-18,0.1117,0.1125,0.1126,0.1116,-0.71%
2017-01-19,0.1117,0.1116,0.112,0.1108,0.00%
2017-01-20,0.1125,0.1117,0.1126,0.1116,0.72%
2017-01-21,0.1125,0.1117,0.1126,0.1116,0.72%
2017-01-22,0.1125,0.1117,0.1126,0.1116,0.72%
2017-01-23,0.1133,0.1124,0.1133,0.1123,0.71%
2017-01-24,0.113,0.1133,0.1134,0.1128,-0.26%
2017-01-25,0.1134,0.113,0.1135,0.1127,0.35%
2017-01-26,0.1131,0.1134,0.1136,0.1127,-0.26%
2017-01-27,0.113,0.1131,0.1134,0.1127,-0.09%
2017-01-28,0.113,0.1131,0.1134,0.1127,-0.09%
2017-01-29,0.113,0.1131,0.1134,0.1127,-0.09%
2017-01-30,0.1132,0.113,0.1134,0.1125,0.18%
2017-01-31,0.1144,0.1132,0.1144,0.1131,1.06%
2017-02-01,0.1143,0.1144,0.1147,0.1139,-0.09%
2017-02-02,0.1143,0.1142,0.115,0.1141,0.00%
2017-02-03,0.1142,0.1142,0.1144,0.1134,-0.09%
2017-02-04,0.1142,0.1142,0.1144,0.1134,-0.09%
2017-02-05,0.1142,0.1142,0.1144,0.1134,-0.09%
2017-02-06,0.1133,0.1141,0.1143,0.1129,-0.79%
2017-02-07,0.1127,0.1133,0.1134,0.1123,-0.53%
2017-02-08,0.1132,0.1127,0.1132,0.1124,0.44%
2017-02-09,0.1123,0.1132,0.1132,0.1122,-0.80%
2017-02-10,0.112,0.1122,0.1124,0.1119,-0.27%
2017-02-11,0.112,0.1122,0.1124,0.1119,-0.27%
2017-02-12,0.112,0.1122,0.1124,0.1119,-0.27%
2017-02-13,0.1119,0.1121,0.1124,0.1118,-0.09%
2017-02-14,0.112,0.1118,0.1123,0.1117,0.09%
2017-02-15,0.1121,0.112,0.1122,0.1112,0.09%
2017-02-16,0.1129,0.112,0.113,0.112,0.71%
2017-02-17,0.1122,0.1129,0.1129,0.112,-0.62%
2017-02-18,0.1122,0.1129,0.1129,0.112,-0.62%
2017-02-19,0.1122,0.1129,0.1129,0.112,-0.62%
2017-02-20,0.1119,0.1122,0.1124,0.1118,-0.27%
2017-02-21,0.1114,0.1119,0.1119,0.1111,-0.45%
2017-02-22,0.1114,0.1114,0.1116,0.1107,0.00%
2017-02-23,0.1112,0.1114,0.1115,0.111,-0.18%
2017-02-24,0.1106,0.1112,0.1116,0.1106,-0.54%
2017-02-25,0.1106,0.1112,0.1116,0.1106,-0.54%
2017-02-26,0.1106,0.1112,0.1116,0.1106,-0.54%
2017-02-27,0.1104,0.1106,0.111,0.1103,-0.18%
2017-02-28,0.1106,0.1103,0.1111,0.1101,0.18%
2017-03-01,0.1105,0.1107,0.1108,0.1101,-0.09%
2017-03-02,0.1101,0.1105,0.1107,0.11,-0.36%
2017-03-03,0.1114,0.1101,0.1114,0.11,1.18%
2017-03-04,0.1114,0.1101,0.1114,0.11,1.18%
2017-03-05,0.1114,0.1101,0.1114,0.11,1.18%
2017-03-06,0.1109,0.1113,0.1115,0.1107,-0.45%
2017-03-07,0.111,0.1109,0.1112,0.1107,0.09%
2017-03-08,0.1105,0.1109,0.111,0.1104,-0.45%
2017-03-09,0.1105,0.1104,0.111,0.1103,0.00%
2017-03-10,0.1111,0.1105,0.1113,0.1105,0.54%
2017-03-11,0.1111,0.1105,0.1113,0.1105,0.54%
2017-03-12,0.1111,0.1105,0.1113,0.1105,0.54%
2017-03-13,0.1118,0.111,0.1119,0.111,0.63%
2017-03-14,0.1115,0.1118,0.1122,0.1113,-0.27%
2017-03-15,0.1129,0.1115,0.1129,0.1109,1.26%
2017-03-16,0.1134,0.1128,0.1134,0.1125,0.44%
2017-03-17,0.1132,0.1134,0.1138,0.1131,-0.18%
2017-03-18,0.1132,0.1134,0.1138,0.1131,-0.18%
2017-03-19,0.1132,0.1134,0.1138,0.1131,-0.18%
2017-03-20,0.1134,0.1132,0.1138,0.1129,0.18%
2017-03-21,0.1137,0.1133,0.114,0.1131,0.26%
2017-03-22,0.1137,0.1136,0.114,0.1131,0.00%
2017-03-23,0.1133,0.1136,0.1139,0.1131,-0.35%
2017-03-24,0.1134,0.1133,0.1138,0.113,0.09%
2017-03-25,0.1134,0.1133,0.1138,0.113,0.09%
2017-03-26,0.1134,0.1133,0.1138,0.113,0.09%
2017-03-27,0.1138,0.1135,0.1141,0.1135,0.35%
2017-03-28,0.1132,0.1138,0.1141,0.1131,-0.53%
2017-03-29,0.1128,0.1132,0.1134,0.1123,-0.35%
2017-03-30,0.1118,0.1128,0.1128,0.1118,-0.89%
2017-03-31,0.1115,0.1118,0.1122,0.1114,-0.27%
2017-04-01,0.1115,0.1118,0.1122,0.1114,-0.27%
2017-04-02,0.1115,0.1118,0.1122,0.1114,-0.27%
2017-04-03,0.1117,0.1115,0.1122,0.1113,0.18%
2017-04-04,0.111,0.1116,0.1117,0.1106,-0.63%
2017-04-05,0.1113,0.111,0.1116,0.111,0.27%
2017-04-06,0.1108,0.1112,0.1114,0.1107,-0.45%
2017-04-07,0.1102,0.1108,0.1111,0.11,-0.54%
2017-04-08,0.1102,0.1108,0.1111,0.11,-0.54%
2017-04-09,0.1102,0.1108,0.1111,0.11,-0.54%
2017-04-10,0.1101,0.1102,0.1104,0.1099,-0.09%
2017-04-11,0.1104,0.1101,0.1107,0.1098,0.27%
2017-04-12,0.1114,0.1103,0.1115,0.1103,0.91%
2017-04-13,0.1106,0.1114,0.1118,0.1105,-0.72%
2017-04-14,0.1106,0.1106,0.1109,0.1105,0.00%
2017-04-15,0.1106,0.1106,0.1109,0.1105,0.00%
2017-04-16,0.1106,0.1106,0.1109,0.1105,0.00%
2017-04-17,0.1111,0.1106,0.1114,0.1105,0.45%
2017-04-18,0.1116,0.1111,0.1118,0.111,0.45%
2017-04-19,0.1114,0.1116,0.1119,0.1112,-0.18%
2017-04-20,0.1113,0.1114,0.1121,0.1111,-0.09%
2017-04-21,0.111,0.1113,0.1114,0.1107,-0.27%
2017-04-22,0.111,0.1113,0.1114,0.1107,-0.27%
2017-04-23,0.111,0.1113,0.1114,0.1107,-0.27%
2017-04-24,0.1129,0.1132,0.1136,0.1125,1.71%
2017-04-25,0.114,0.1128,0.1142,0.1126,0.97%
2017-04-26,0.1141,0.114,0.1143,0.1136,0.09%
2017-04-27,0.1132,0.1141,0.1143,0.1126,-0.79%
2017-04-28,0.1129,0.1132,0.1137,0.1127,-0.27%
2017-04-29,0.1129,0.1132,0.1137,0.1127,-0.27%
2017-04-30,0.1129,0.1132,0.1137,0.1127,-0.27%
2017-05-01,0.113,0.113,0.1134,0.1128,0.09%
2017-05-02,0.1136,0.113,0.1136,0.1129,0.53%
2017-05-03,0.113,0.1136,0.1136,0.113,-0.53%
2017-05-04,0.1133,0.113,0.1135,0.1128,0.27%
2017-05-05,0.1138,0.1132,0.1139,0.113,0.44%
2017-05-06,0.1138,0.1132,0.1139,0.113,0.44%
2017-05-07,0.1138,0.1132,0.1139,0.113,0.44%
2017-05-08,0.113,0.1138,0.114,0.113,-0.70%
2017-05-09,0.1125,0.113,0.1132,0.1123,-0.44%
2017-05-10,0.1121,0.1125,0.1127,0.112,-0.36%
2017-05-11,0.1125,0.1121,0.1132,0.1119,0.36%
2017-05-12,0.1133,0.1126,0.1133,0.1123,0.71%
2017-05-13,0.1133,0.1126,0.1133,0.1123,0.71%
2017-05-14,0.1133,0.1126,0.1133,0.1123,0.71%
2017-05-15,0.1133,0.1132,0.1135,0.1128,0.00%
2017-05-16,0.1138,0.1132,0.114,0.1128,0.44%
2017-05-17,0.1145,0.1138,0.1147,0.1137,0.62%
2017-05-18,0.1135,0.1145,0.1147,0.1133,-0.87%
2017-05-19,0.1146,0.1135,0.1148,0.1135,0.97%
2017-05-20,0.1146,0.1135,0.1148,0.1135,0.97%
2017-05-21,0.1146,0.1135,0.1148,0.1135,0.97%
2017-05-22,0.115,0.1146,0.1152,0.1144,0.35%
2017-05-23,0.1148,0.115,0.1155,0.1148,-0.17%
2017-05-24,0.1153,0.1148,0.1154,0.1146,0.44%
2017-05-25,0.1151,0.1153,0.1157,0.1149,-0.17%
2017-05-26,0.115,0.1151,0.1154,0.1147,-0.09%
2017-05-27,0.115,0.1151,0.1154,0.1147,-0.09%
2017-05-28,0.115,0.1151,0.1154,0.1147,-0.09%
2017-05-29,0.1149,0.115,0.1152,0.1148,-0.09%
2017-05-30,0.1147,0.1149,0.1149,0.114,-0.17%
2017-05-31,0.1151,0.1146,0.1153,0.1143,0.35%
2017-06-01,0.1151,0.1151,0.1153,0.1146,0.00%
2017-06-02,0.116,0.1151,0.1161,0.115,0.78%
2017-06-03,0.116,0.1151,0.1161,0.115,0.78%
2017-06-04,0.116,0.1151,0.1161,0.115,0.78%
2017-06-05,0.1155,0.1159,0.1161,0.1151,-0.43%
2017-06-06,0.1154,0.1155,0.1157,0.1151,-0.09%
2017-06-07,0.115,0.1154,0.1154,0.1144,-0.35%
2017-06-08,0.1148,0.115,0.1152,0.1145,-0.17%
2017-06-09,0.1148,0.1148,0.115,0.1142,0.00%
2017-06-10,0.1148,0.1148,0.115,0.1142,0.00%
2017-06-11,0.1148,0.1148,0.115,0.1142,0.00%
2017-06-12,0.1143,0.1147,0.1149,0.1142,-0.44%
2017-06-13,0.115,0.1143,0.1153,0.1141,0.61%
2017-06-14,0.1149,0.115,0.1159,0.1146,-0.09%
2017-06-15,0.1143,0.1149,0.115,0.114,-0.52%
2017-06-16,0.1148,0.1143,0.1152,0.114,0.44%
2017-06-17,0.1148,0.1143,0.1152,0.114,0.44%
2017-06-18,0.1148,0.1143,0.1152,0.114,0.44%
2017-06-19,0.1144,0.1148,0.1151,0.1142,-0.35%
2017-06-20,0.1139,0.1144,0.1147,0.1136,-0.44%
2017-06-21,0.1143,0.1139,0.1144,0.1137,0.35%
2017-06-22,0.1143,0.1143,0.1146,0.1141,0.00%
2017-06-23,0.1147,0.1143,0.1149,0.1141,0.35%
2017-06-24,0.1147,0.1143,0.1149,0.1141,0.35%
2017-06-25,0.1147,0.1143,0.1149,0.1141,0.35%
2017-06-26,0.1147,0.1146,0.115,0.1145,0.00%
2017-06-27,0.1161,0.1146,0.1162,0.1145,1.22%
2017-06-28,0.1171,0.1161,0.1172,0.1157,0.86%
2017-06-29,0.1182,0.117,0.1183,0.117,0.94%
2017-06-30,0.1187,0.1181,0.1188,0.1178,0.42%
2017-07-01,0.1187,0.1181,0.1188,0.1178,0.42%
2017-07-02,0.1187,0.1181,0.1188,0.1178,0.42%
2017-07-03,0.1178,0.1187,0.1188,0.1177,-0.76%
2017-07-04,0.1173,0.1178,0.1179,0.1169,-0.42%
2017-07-05,0.1178,0.1173,0.1179,0.1172,0.43%
2017-07-06,0.1184,0.1178,0.1185,0.1175,0.51%
2017-07-07,0.1187,0.1184,0.1188,0.1182,0.25%
2017-07-08,0.1187,0.1184,0.1188,0.1182,0.25%
2017-07-09,0.1187,0.1184,0.1188,0.1182,0.25%
2017-07-10,0.1186,0.1186,0.1188,0.1183,-0.08%
2017-07-11,0.1191,0.1186,0.1192,0.1182,0.42%
2017-07-12,0.1188,0.119,0.1192,0.1184,-0.25%
2017-07-13,0.1197,0.1188,0.1197,0.1187,0.76%
2017-07-14,0.1204,0.1196,0.1204,0.1195,0.58%
2017-07-15,0.1204,0.1196,0.1204,0.1195,0.58%
2017-07-16,0.1204,0.1196,0.1204,0.1195,0.58%
2017-07-17,0.1206,0.1202,0.1207,0.1198,0.17%
2017-07-18,0.1205,0.1206,0.1212,0.1203,-0.08%
2017-07-19,0.1204,0.1204,0.1208,0.1203,-0.08%
2017-07-20,0.1216,0.1204,0.1217,0.1199,1.00%
2017-07-21,0.1213,0.1216,0.122,0.1209,-0.25%
2017-07-22,0.1213,0.1216,0.122,0.1209,-0.25%
2017-07-23,0.1213,0.1216,0.122,0.1209,-0.25%
2017-07-24,0.1217,0.1212,0.1218,0.1211,0.33%
2017-07-25,0.1218,0.1217,0.1224,0.1216,0.08%
2017-07-26,0.1224,0.1218,0.1226,0.1213,0.49%
2017-07-27,0.1217,0.1223,0.1229,0.1214,-0.57%
2017-07-28,0.1232,0.1217,0.1234,0.1216,1.23%
2017-07-29,0.1232,0.1217,0.1234,0.1216,1.23%
2017-07-30,0.1232,0.1217,0.1234,0.1216,1.23%
2017-07-31,0.124,0.1231,0.124,0.1228,0.65%
2017-08-01,0.1233,0.1239,0.1241,0.1231,-0.56%
2017-08-02,0.1235,0.1233,0.124,0.123,0.16%
2017-08-03,0.1235,0.1235,0.1237,0.1231,0.00%
2017-08-04,0.1227,0.1234,0.1237,0.1223,-0.65%
2017-08-05,0.1227,0.1234,0.1237,0.1223,-0.65%
2017-08-06,0.1227,0.1234,0.1237,0.1223,-0.65%
2017-08-07,0.1227,0.1228,0.1231,0.1224,0.00%
2017-08-08,0.1223,0.1226,0.1233,0.1219,-0.33%
2017-08-09,0.1223,0.1223,0.1224,0.1215,0.00%
2017-08-10,0.1229,0.1223,0.1231,0.122,0.49%
2017-08-11,0.1231,0.1229,0.1233,0.1223,0.16%
2017-08-12,0.1231,0.1229,0.1233,0.1223,0.16%
2017-08-13,0.1231,0.1229,0.1233,0.1223,0.16%
2017-08-14,0.1232,0.1231,0.1235,0.123,0.08%
2017-08-15,0.1239,0.1232,0.1241,0.1227,0.57%
2017-08-16,0.1238,0.1238,0.124,0.123,-0.08%
2017-08-17,0.1229,0.1239,0.124,0.1227,-0.73%
2017-08-18,0.1233,0.1229,0.1234,0.1227,0.33%
2017-08-19,0.1233,0.1229,0.1234,0.1227,0.33%
2017-08-20,0.1233,0.1229,0.1234,0.1227,0.33%
2017-08-21,0.1239,0.1234,0.124,0.1231,0.49%
2017-08-22,0.1235,0.124,0.124,0.1231,-0.32%
2017-08-23,0.1241,0.1235,0.1242,0.1232,0.49%
2017-08-24,0.124,0.124,0.1242,0.1237,-0.08%
2017-08-25,0.1255,0.124,0.1258,0.1235,1.21%
2017-08-26,0.1255,0.124,0.1258,0.1235,1.21%
2017-08-27,0.1255,0.124,0.1258,0.1235,1.21%
2017-08-28,0.1257,0.1257,0.126,0.1253,0.16%
2017-08-29,0.126,0.1257,0.1265,0.1252,0.24%
2017-08-30,0.1253,0.126,0.1262,0.1252,-0.56%
2017-08-31,0.126,0.1253,0.126,0.1246,0.56%
2017-09-01,0.1252,0.126,0.1263,0.1249,-0.63%
2017-09-02,0.1252,0.126,0.1263,0.1249,-0.63%
2017-09-03,0.1252,0.126,0.1263,0.1249,-0.63%
2017-09-04,0.1256,0.125,0.1258,0.125,0.32%
2017-09-05,0.1255,0.1256,0.126,0.1251,-0.08%
2017-09-06,0.1253,0.1254,0.1259,0.1252,-0.16%
2017-09-07,0.1263,0.1253,0.1265,0.1252,0.80%
2017-09-08,0.1261,0.1262,0.1268,0.1257,-0.16%
2017-09-09,0.1261,0.1262,0.1268,0.1257,-0.16%
2017-09-10,0.1261,0.1262,0.1268,0.1257,-0.16%
2017-09-11,0.1248,0.1259,0.1261,0.1247,-1.03%
2017-09-12,0.1255,0.1249,0.1257,0.1246,0.56%
2017-09-13,0.1245,0.1254,0.1257,0.1242,-0.80%
2017-09-14,0.1252,0.1245,0.1253,0.124,0.56%
2017-09-15,0.1255,0.1253,0.126,0.125,0.24%
2017-09-16,0.1255,0.1253,0.126,0.125,0.24%
2017-09-17,0.1255,0.1253,0.126,0.125,0.24%
2017-09-18,0.1256,0.1255,0.1259,0.1252,0.08%
2017-09-19,0.1258,0.1257,0.126,0.1255,0.16%
2017-09-20,0.1248,0.1257,0.1261,0.1244,-0.79%
2017-09-21,0.1255,0.1249,0.1255,0.1245,0.56%
2017-09-22,0.1253,0.1255,0.126,0.1253,-0.16%
2017-09-23,0.1253,0.1255,0.126,0.1253,-0.16%
2017-09-24,0.1253,0.1255,0.126,0.1253,-0.16%
2017-09-25,0.1243,0.1253,0.1253,0.124,-0.80%
2017-09-26,0.1231,0.1244,0.1245,0.1226,-0.97%
2017-09-27,0.1227,0.1231,0.1232,0.1222,-0.32%
2017-09-28,0.1232,0.1227,0.1234,0.1224,0.41%
2017-09-29,0.1227,0.1232,0.1235,0.1221,-0.41%
2017-09-30,0.1227,0.1232,0.1235,0.1221,-0.41%
2017-10-01,0.1227,0.1232,0.1235,0.1221,-0.41%
2017-10-02,0.1224,0.1225,0.1228,0.122,-0.24%
2017-10-03,0.1229,0.1224,0.1231,0.1219,0.41%
2017-10-04,0.1235,0.1229,0.1236,0.1228,0.49%
2017-10-05,0.1228,0.1235,0.1237,0.1226,-0.57%
2017-10-06,0.1232,0.1228,0.1233,0.1223,0.33%
2017-10-07,0.1232,0.1228,0.1233,0.1223,0.33%
2017-10-08,0.1232,0.1228,0.1233,0.1223,0.33%
2017-10-09,0.1231,0.1232,0.1234,0.1229,-0.08%
2017-10-10,0.1239,0.1231,0.1241,0.1231,0.65%
2017-10-11,0.1242,0.1239,0.1245,0.1237,0.24%
2017-10-12,0.1231,0.1242,0.1246,0.1231,-0.89%
2017-10-13,0.1232,0.1231,0.1237,0.1228,0.08%
2017-10-14,0.1232,0.1231,0.1237,0.1228,0.08%
2017-10-15,0.1232,0.1231,0.1237,0.1228,0.08%
2017-10-16,0.1234,0.1232,0.1235,0.1227,0.16%
2017-10-17,0.1226,0.1235,0.1235,0.1224,-0.65%
2017-10-18,0.1228,0.1226,0.1229,0.1221,0.16%
2017-10-19,0.1231,0.1229,0.1231,0.1222,0.24%
2017-10-20,0.1225,0.123,0.1231,0.1222,-0.49%
2017-10-21,0.1225,0.123,0.1231,0.1222,-0.49%
2017-10-22,0.1225,0.123,0.1231,0.1222,-0.49%
2017-10-23,0.122,0.1224,0.1225,0.1216,-0.41%
2017-10-24,0.1216,0.122,0.1222,0.1216,-0.33%
2017-10-25,0.1217,0.1216,0.1218,0.1211,0.08%
2017-10-26,0.1198,0.1216,0.1221,0.1195,-1.56%
2017-10-27,0.1197,0.1198,0.12,0.1191,-0.08%
2017-10-28,0.1197,0.1198,0.12,0.1191,-0.08%
2017-10-29,0.1197,0.1198,0.12,0.1191,-0.08%
2017-10-30,0.1197,0.1194,0.12,0.1194,0.00%
2017-10-31,0.1193,0.1197,0.1198,0.1193,-0.33%
2017-11-01,0.1191,0.1193,0.1197,0.119,-0.17%
2017-11-02,0.1191,0.119,0.1196,0.1189,0.00%
2017-11-03,0.1186,0.1191,0.1193,0.1184,-0.42%
2017-11-04,0.1186,0.1191,0.1193,0.1184,-0.42%
2017-11-05,0.1186,0.1191,0.1193,0.1184,-0.42%
2017-11-06,0.1191,0.1185,0.1192,0.1183,0.42%
2017-11-07,0.1191,0.1191,0.1192,0.1184,0.00%
2017-11-08,0.1193,0.119,0.1194,0.119,0.17%
2017-11-09,0.1193,0.1193,0.1197,0.1191,0.00%
2017-11-10,0.1197,0.1193,0.1198,0.1192,0.34%
2017-11-11,0.1197,0.1193,0.1198,0.1192,0.34%
2017-11-12,0.1197,0.1193,0.1198,0.1192,0.34%
2017-11-13,0.1193,0.1197,0.1197,0.119,-0.33%
2017-11-14,0.1191,0.1193,0.1194,0.1183,-0.17%
2017-11-15,0.1187,0.1192,0.1193,0.1183,-0.34%
2017-11-16,0.1191,0.1187,0.1192,0.1184,0.34%
2017-11-17,0.1187,0.119,0.1195,0.1182,-0.34%
2017-11-18,0.1187,0.119,0.1195,0.1182,-0.34%
2017-11-19,0.1187,0.119,0.1195,0.1182,-0.34%
2017-11-20,0.1178,0.1187,0.1188,0.1178,-0.76%
2017-11-21,0.1187,0.1179,0.1188,0.1172,0.76%
2017-11-22,0.12,0.1187,0.1201,0.1184,1.10%
2017-11-23,0.1205,0.1199,0.1206,0.1198,0.42%
2017-11-24,0.1208,0.1205,0.1209,0.1202,0.25%
2017-11-25,0.1208,0.1205,0.1209,0.1202,0.25%
2017-11-26,0.1208,0.1205,0.1209,0.1202,0.25%
2017-11-27,0.1205,0.1208,0.121,0.1203,-0.25%
2017-11-28,0.1197,0.1205,0.1207,0.1197,-0.66%
2017-11-29,0.1195,0.1197,0.1203,0.1192,-0.17%
2017-11-30,0.1194,0.1195,0.1202,0.119,-0.08%
2017-12-01,0.1196,0.1194,0.1199,0.1191,0.17%
2017-12-02,0.1196,0.1194,0.1199,0.1191,0.17%
2017-12-03,0.1196,0.1194,0.1199,0.1191,0.17%
2017-12-04,0.1187,0.1195,0.1196,0.1186,-0.75%
2017-12-05,0.1196,0.1188,0.1197,0.1182,0.76%
2017-12-06,0.1186,0.1196,0.1202,0.1184,-0.84%
2017-12-07,0.1178,0.1186,0.1187,0.1177,-0.67%
2017-12-08,0.1183,0.1178,0.1184,0.1174,0.42%
2017-12-09,0.1183,0.1178,0.1184,0.1174,0.42%
2017-12-10,0.1183,0.1178,0.1184,0.1174,0.42%
2017-12-11,0.1176,0.1181,0.1185,0.1175,-0.59%
2017-12-12,0.1187,0.1177,0.1191,0.1173,0.94%
2017-12-13,0.1188,0.1187,0.1191,0.1182,0.08%
2017-12-14,0.1185,0.1188,0.1196,0.1183,-0.25%
2017-12-15,0.1176,0.1186,0.1188,0.1173,-0.76%
2017-12-16,0.1176,0.1186,0.1188,0.1173,-0.76%
2017-12-17,0.1176,0.1186,0.1188,0.1173,-0.76%
2017-12-18,0.1186,0.1177,0.119,0.1174,0.85%
2017-12-19,0.119,0.1185,0.1191,0.1184,0.34%
2017-12-20,0.1191,0.119,0.1202,0.1189,0.08%
2017-12-21,0.1193,0.1192,0.1195,0.1187,0.17%
2017-12-22,0.1201,0.1193,0.1202,0.1189,0.67%
2017-12-23,0.1201,0.1193,0.1202,0.1189,0.67%
2017-12-24,0.1201,0.1193,0.1202,0.1189,0.67%
2017-12-25,0.1199,0.1198,0.1199,0.1196,-0.17%
2017-12-26,0.1198,0.1199,0.12,0.1195,-0.08%
2017-12-27,0.1208,0.1198,0.121,0.1197,0.83%
2017-12-28,0.1213,0.1208,0.1215,0.1208,0.41%
2017-12-29,0.1219,0.1213,0.1225,0.1212,0.49%
2017-12-30,0.1219,0.1213,0.1225,0.1212,0.49%
2017-12-31,0.1219,0.1213,0.1225,0.1212,0.49%
2018-01-01,0.1219,0.1219,0.1219,0.1219,0.00%
2018-01-02,0.1225,0.122,0.1231,0.122,0.49%
2018-01-03,0.1223,0.1224,0.1226,0.1221,-0.16%
2018-01-04,0.1229,0.1222,0.1231,0.1221,0.49%
2018-01-05,0.1228,0.1229,0.1231,0.1224,-0.08%
2018-01-06,0.1228,0.1229,0.1231,0.1224,-0.08%
2018-01-07,0.1228,0.1229,0.1231,0.1224,-0.08%
2018-01-08,0.122,0.1227,0.123,0.1216,-0.65%
2018-01-09,0.1215,0.1219,0.122,0.1211,-0.41%
2018-01-10,0.122,0.1216,0.1226,0.1213,0.41%
2018-01-11,0.123,0.122,0.1231,0.1218,0.82%
2018-01-12,0.1242,0.123,0.1244,0.123,0.98%
2018-01-13,0.1242,0.123,0.1244,0.123,0.98%
2018-01-14,0.1242,0.123,0.1244,0.123,0.98%
2018-01-15,0.1248,0.1242,0.125,0.124,0.48%
2018-01-16,0.1244,0.1248,0.1249,0.1241,-0.32%
2018-01-17,0.1242,0.1245,0.1252,0.1239,-0.16%
2018-01-18,0.1247,0.1242,0.1249,0.124,0.40%
2018-01-19,0.1243,0.1247,0.125,0.1243,-0.32%
2018-01-20,0.1243,0.1247,0.125,0.1243,-0.32%
2018-01-21,0.1243,0.1247,0.125,0.1243,-0.32%
2018-01-22,0.1247,0.1246,0.1248,0.1242,0.32%
2018-01-23,0.1249,0.1247,0.1249,0.1242,0.16%
2018-01-24,0.1262,0.125,0.1263,0.1247,1.04%
2018-01-25,0.1262,0.1261,0.1277,0.1259,0.00%
2018-01-26,0.127,0.1262,0.1273,0.126,0.63%
2018-01-27,0.127,0.1262,0.1273,0.126,0.63%
2018-01-28,0.127,0.1262,0.1273,0.126,0.63%
2018-01-29,0.1267,0.127,0.1271,0.1263,-0.24%
2018-01-30,0.1268,0.1268,0.1273,0.1262,0.08%
2018-01-31,0.1269,0.1267,0.1277,0.1265,0.08%
2018-02-01,0.1275,0.127,0.1277,0.1265,0.47%
2018-02-02,0.1265,0.1276,0.1276,0.1261,-0.78%
2018-02-03,0.1265,0.1276,0.1276,0.1261,-0.78%
2018-02-04,0.1265,0.1276,0.1276,0.1261,-0.78%
2018-02-05,0.1253,0.1265,0.1269,0.1253,-0.95%
2018-02-06,0.1258,0.1253,0.1262,0.1249,0.40%
2018-02-07,0.1237,0.1257,0.126,0.1235,-1.67%
2018-02-08,0.1232,0.1237,0.1243,0.1228,-0.40%
2018-02-09,0.1234,0.1232,0.1236,0.1225,0.16%
2018-02-10,0.1234,0.1232,0.1236,0.1225,0.16%
2018-02-11,0.1234,0.1232,0.1236,0.1225,0.16%
2018-02-12,0.124,0.1235,0.1241,0.1232,0.49%
2018-02-13,0.1245,0.124,0.1247,0.1239,0.40%
2018-02-14,0.1257,0.1245,0.1259,0.1233,0.96%
2018-02-15,0.1261,0.1257,0.1263,0.1254,0.32%
2018-02-16,0.1255,0.1261,0.1266,0.1253,-0.48%
2018-02-17,0.1255,0.1261,0.1266,0.1253,-0.48%
2018-02-18,0.1255,0.1261,0.1266,0.1253,-0.48%
2018-02-19,0.1253,0.1255,0.1258,0.125,-0.16%
2018-02-20,0.1235,0.1252,0.1252,0.1234,-1.44%
2018-02-21,0.1231,0.1235,0.124,0.1231,-0.32%
2018-02-22,0.1232,0.1231,0.1234,0.1227,0.08%
2018-02-23,0.1224,0.1232,0.1234,0.1221,-0.65%
2018-02-24,0.1224,0.1232,0.1234,0.1221,-0.65%
2018-02-25,0.1224,0.1232,0.1234,0.1221,-0.65%
2018-02-26,0.1227,0.1223,0.1231,0.1221,0.25%
2018-02-27,0.1216,0.1227,0.123,0.1215,-0.90%
2018-02-28,0.1206,0.1215,0.1216,0.1203,-0.82%
2018-03-01,0.1212,0.1206,0.1214,0.1202,0.50%
2018-03-02,0.1212,0.1212,0.1216,0.1206,0.00%
2018-03-03,0.1212,0.1212,0.1216,0.1206,0.00%
2018-03-04,0.1212,0.1212,0.1216,0.1206,0.00%
2018-03-05,0.121,0.1211,0.1214,0.1206,-0.17%
2018-03-06,0.1218,0.1211,0.122,0.1208,0.66%
2018-03-07,0.1215,0.1218,0.122,0.121,-0.25%
2018-03-08,0.121,0.1216,0.1218,0.1209,-0.41%
2018-03-09,0.1213,0.1209,0.1215,0.1208,0.25%
2018-03-10,0.1213,0.1209,0.1215,0.1208,0.25%
2018-03-11,0.1213,0.1209,0.1215,0.1208,0.25%
2018-03-12,0.1213,0.1212,0.1216,0.121,0.00%
2018-03-13,0.1217,0.1213,0.1221,0.1211,0.33%
2018-03-14,0.1222,0.1217,0.1225,0.1216,0.41%
2018-03-15,0.1222,0.1222,0.1226,0.1221,0.00%
2018-03-16,0.1221,0.1222,0.1224,0.1217,-0.08%
2018-03-17,0.1221,0.1222,0.1224,0.1217,-0.08%
2018-03-18,0.1221,0.1222,0.1224,0.1217,-0.08%
2018-03-19,0.1224,0.1221,0.1227,0.1215,0.25%
2018-03-20,0.1216,0.1225,0.1226,0.1216,-0.65%
2018-03-21,0.1222,0.1216,0.1223,0.1213,0.49%
2018-03-22,0.1211,0.1222,0.1226,0.121,-0.90%
2018-03-23,0.1212,0.1211,0.1216,0.1206,0.08%
2018-03-24,0.1212,0.1211,0.1216,0.1206,0.08%
2018-03-25,0.1212,0.1211,0.1216,0.1206,0.08%
2018-03-26,0.1221,0.1213,0.1223,0.1212,0.74%
2018-03-27,0.1215,0.1221,0.1224,0.1211,-0.49%
2018-03-28,0.1197,0.1216,0.1216,0.1197,-1.48%
2018-03-29,0.1196,0.1197,0.12,0.1192,-0.08%
2018-03-30,0.1198,0.1197,0.1201,0.1195,0.17%
2018-03-31,0.1198,0.1197,0.1201,0.1195,0.17%
2018-04-01,0.1198,0.1197,0.1201,0.1195,0.17%
2018-04-02,0.1192,0.1198,0.1201,0.119,-0.50%
2018-04-03,0.1192,0.1192,0.1197,0.1188,0.00%
2018-04-04,0.119,0.1191,0.1194,0.1188,-0.17%
2018-04-05,0.1188,0.119,0.1193,0.1184,-0.17%
2018-04-06,0.1192,0.1188,0.1193,0.1183,0.34%
2018-04-07,0.1192,0.1188,0.1193,0.1183,0.34%
2018-04-08,0.1192,0.1188,0.1193,0.1183,0.34%
2018-04-09,0.1197,0.1192,0.1198,0.1191,0.42%
2018-04-10,0.1205,0.1197,0.1206,0.1195,0.67%
2018-04-11,0.1201,0.1205,0.1206,0.1199,-0.33%
2018-04-12,0.119,0.1201,0.1202,0.1183,-0.92%
2018-04-13,0.118,0.1189,0.119,0.1177,-0.84%
2018-04-14,0.118,0.1189,0.119,0.1177,-0.84%
2018-04-15,0.118,0.1189,0.119,0.1177,-0.84%
2018-04-16,0.1188,0.118,0.1191,0.1178,0.68%
2018-04-17,0.119,0.1188,0.1191,0.1186,0.17%
2018-04-18,0.119,0.119,0.1194,0.1186,0.00%
2018-04-19,0.119,0.119,0.1195,0.1187,0.00%
2018-04-20,0.1184,0.119,0.119,0.1181,-0.50%
2018-04-21,0.1184,0.119,0.119,0.1181,-0.50%
2018-04-22,0.1184,0.119,0.119,0.1181,-0.50%
2018-04-23,0.1174,0.1184,0.1184,0.1173,-0.84%
2018-04-24,0.1176,0.1173,0.1178,0.1172,0.17%
2018-04-25,0.1168,0.1176,0.1176,0.1168,-0.68%
2018-04-26,0.1154,0.1167,0.1172,0.1151,-1.20%
2018-04-27,0.1155,0.1154,0.1157,0.1144,0.09%
2018-04-28,0.1155,0.1154,0.1157,0.1144,0.09%
2018-04-29,0.1155,0.1154,0.1157,0.1144,0.09%
2018-04-30,0.1143,0.1154,0.1156,0.114,-1.04%
2018-05-01,0.113,0.1143,0.1144,0.1127,-1.14%
2018-05-02,0.1121,0.113,0.1134,0.1119,-0.80%
2018-05-03,0.1134,0.1121,0.1137,0.1121,1.16%
2018-05-04,0.1137,0.1135,0.1139,0.1129,0.26%
2018-05-05,0.1137,0.1135,0.1139,0.1129,0.26%
2018-05-06,0.1137,0.1135,0.1139,0.1129,0.26%
2018-05-07,0.1132,0.1136,0.1137,0.1128,-0.44%
2018-05-08,0.1134,0.1132,0.1137,0.1129,0.18%
2018-05-09,0.1149,0.1134,0.1152,0.1128,1.32%
2018-05-10,0.1156,0.1148,0.1161,0.1147,0.61%
2018-05-11,0.1163,0.1157,0.1168,0.1154,0.61%
2018-05-12,0.1163,0.1157,0.1168,0.1154,0.61%
2018-05-13,0.1163,0.1157,0.1168,0.1154,0.61%
2018-05-14,0.1157,0.1163,0.1167,0.1156,-0.52%
2018-05-15,0.1152,0.1158,0.1163,0.1143,-0.43%
2018-05-16,0.1149,0.1151,0.1153,0.1141,-0.26%
2018-05-17,0.1145,0.1148,0.1152,0.1142,-0.35%
2018-05-18,0.1143,0.1145,0.1148,0.114,-0.17%
2018-05-19,0.1143,0.1145,0.1148,0.114,-0.17%
2018-05-20,0.1143,0.1145,0.1148,0.114,-0.17%
2018-05-21,0.1153,0.1142,0.1153,0.1138,0.87%
2018-05-22,0.1151,0.1153,0.1158,0.1148,-0.17%
2018-05-23,0.1142,0.115,0.1153,0.1137,-0.78%
2018-05-24,0.1142,0.1142,0.1148,0.114,0.00%
2018-05-25,0.1141,0.1141,0.1153,0.1138,-0.09%
2018-05-26,0.1141,0.1141,0.1153,0.1138,-0.09%
2018-05-27,0.1141,0.1141,0.1153,0.1138,-0.09%
2018-05-28,0.1133,0.1141,0.1148,0.1132,-0.70%
2018-05-29,0.1116,0.1134,0.1135,0.1114,-1.50%
2018-05-30,0.1135,0.1116,0.1137,0.1112,1.70%
2018-05-31,0.1134,0.1135,0.1143,0.1129,-0.09%
2018-06-01,0.1133,0.1134,0.114,0.1126,-0.09%
2018-06-02,0.1133,0.1134,0.114,0.1126,-0.09%
2018-06-03,0.1133,0.1134,0.114,0.1126,-0.09%
2018-06-04,0.1142,0.1133,0.1145,0.1132,0.79%
2018-06-05,0.1143,0.1143,0.1145,0.1138,0.09%
2018-06-06,0.1145,0.1142,0.1149,0.1142,0.17%
2018-06-07,0.1149,0.1145,0.1155,0.1145,0.35%
2018-06-08,0.1148,0.115,0.115,0.1139,-0.09%
2018-06-09,0.1148,0.115,0.115,0.1139,-0.09%
2018-06-10,0.1148,0.115,0.115,0.1139,-0.09%
2018-06-11,0.1154,0.1145,0.1158,0.1145,0.52%
2018-06-12,0.1157,0.1154,0.1163,0.115,0.26%
2018-06-13,0.1162,0.1157,0.1163,0.1154,0.43%
2018-06-14,0.1144,0.1162,0.1166,0.1143,-1.55%
2018-06-15,0.1139,0.1144,0.1145,0.1134,-0.44%
2018-06-16,0.1139,0.1144,0.1145,0.1134,-0.44%
2018-06-17,0.1139,0.1144,0.1145,0.1134,-0.44%
2018-06-18,0.1134,0.1139,0.1139,0.1128,-0.44%
2018-06-19,0.1124,0.1134,0.1135,0.1117,-0.88%
2018-06-20,0.1126,0.1124,0.1129,0.1119,0.18%
2018-06-21,0.1124,0.1127,0.1128,0.1118,-0.18%
2018-06-22,0.1129,0.1124,0.1134,0.1124,0.44%
2018-06-23,0.1129,0.1124,0.1134,0.1124,0.44%
2018-06-24,0.1129,0.1124,0.1134,0.1124,0.44%
2018-06-25,0.113,0.1131,0.1133,0.1121,0.09%
2018-06-26,0.1126,0.113,0.1134,0.1124,-0.35%
2018-06-27,0.1114,0.1126,0.1127,0.1113,-1.07%
2018-06-28,0.1109,0.1114,0.1116,0.1106,-0.45%
2018-06-29,0.1118,0.1109,0.112,0.1106,0.81%
2018-06-30,0.1118,0.1109,0.112,0.1106,0.81%
2018-07-01,0.1118,0.1109,0.112,0.1106,0.81%
2018-07-02,0.1115,0.1118,0.1119,0.1108,-0.27%
2018-07-03,0.1133,0.1115,0.1134,0.1114,1.61%
2018-07-04,0.1138,0.1132,0.1141,0.1131,0.44%
2018-07-05,0.1141,0.1138,0.1145,0.1136,0.26%
2018-07-06,0.1147,0.1142,0.1148,0.1138,0.53%
2018-07-07,0.1147,0.1142,0.1148,0.1138,0.53%
2018-07-08,0.1147,0.1142,0.1148,0.1138,0.53%
2018-07-09,0.1146,0.1145,0.1152,0.1142,-0.09%
2018-07-10,0.1144,0.1145,0.1148,0.1139,-0.17%
2018-07-11,0.1134,0.1144,0.1145,0.1133,-0.87%
2018-07-12,0.1128,0.1134,0.1139,0.1125,-0.53%
2018-07-13,0.1125,0.1128,0.1129,0.1119,-0.27%
2018-07-14,0.1125,0.1128,0.1129,0.1119,-0.27%
2018-07-15,0.1125,0.1128,0.1129,0.1119,-0.27%
2018-07-16,0.1133,0.1127,0.1135,0.1124,0.71%
2018-07-17,0.1131,0.1133,0.114,0.113,-0.18%
2018-07-18,0.1128,0.1131,0.1132,0.1125,-0.27%
2018-07-19,0.1122,0.1128,0.113,0.1116,-0.53%
2018-07-20,0.1129,0.1123,0.1132,0.1119,0.62%
2018-07-21,0.1129,0.1123,0.1132,0.1119,0.62%
2018-07-22,0.1129,0.1123,0.1132,0.1119,0.62%
2018-07-23,0.1129,0.1129,0.1133,0.1127,0.00%
2018-07-24,0.1134,0.1128,0.1135,0.1124,0.44%
2018-07-25,0.1142,0.1134,0.1143,0.1132,0.71%
2018-07-26,0.1135,0.1142,0.1144,0.1134,-0.61%
2018-07-27,0.1131,0.1135,0.1137,0.1127,-0.35%
2018-07-28,0.1131,0.1135,0.1137,0.1127,-0.35%
2018-07-29,0.1131,0.1135,0.1137,0.1127,-0.35%
2018-07-30,0.1143,0.1133,0.1144,0.113,1.06%
2018-07-31,0.1138,0.1143,0.1145,0.1137,-0.44%
2018-08-01,0.1135,0.1138,0.1139,0.1134,-0.26%
2018-08-02,0.1124,0.1135,0.1137,0.1124,-0.97%
2018-08-03,0.1122,0.1124,0.1126,0.1118,-0.18%
2018-08-04,0.1122,0.1124,0.1126,0.1118,-0.18%
2018-08-05,0.1122,0.1124,0.1126,0.1118,-0.18%
2018-08-06,0.1119,0.1123,0.1123,0.1118,-0.27%
2018-08-07,0.1121,0.1119,0.1125,0.1118,0.18%
2018-08-08,0.1118,0.1123,0.1124,0.1114,-0.27%
2018-08-09,0.111,0.1117,0.1118,0.1109,-0.72%
2018-08-10,0.1096,0.111,0.1111,0.1092,-1.26%
2018-08-11,0.1096,0.111,0.1111,0.1092,-1.26%
2018-08-12,0.1096,0.111,0.1111,0.1092,-1.26%
2018-08-13,0.1097,0.1096,0.1099,0.1089,0.09%
2018-08-14,0.1094,0.1098,0.1101,0.1092,-0.27%
2018-08-15,0.1086,0.1094,0.1095,0.1081,-0.73%
2018-08-16,0.1088,0.1086,0.1092,0.1084,0.18%
2018-08-17,0.1092,0.1089,0.1094,0.1085,0.37%
2018-08-18,0.1092,0.1089,0.1094,0.1085,0.37%
2018-08-19,0.1092,0.1089,0.1094,0.1085,0.37%
2018-08-20,0.1092,0.1092,0.1094,0.1087,0.00%
2018-08-21,0.11,0.1092,0.1103,0.1092,0.73%
2018-08-22,0.1103,0.1099,0.1106,0.1096,0.27%
2018-08-23,0.1094,0.1103,0.1105,0.1093,-0.82%
2018-08-24,0.1095,0.1095,0.11,0.1092,0.09%
2018-08-25,0.1095,0.1095,0.11,0.1092,0.09%
2018-08-26,0.1095,0.1095,0.11,0.1092,0.09%
2018-08-27,0.11,0.1096,0.11,0.1092,0.46%
2018-08-28,0.1094,0.1099,0.1101,0.1092,-0.55%
2018-08-29,0.1095,0.1095,0.1096,0.1089,0.09%
2018-08-30,0.1096,0.1095,0.11,0.1092,0.09%
2018-08-31,0.1093,0.1097,0.11,0.1091,-0.27%
2018-09-01,0.1093,0.1097,0.11,0.1091,-0.27%
2018-09-02,0.1093,0.1097,0.11,0.1091,-0.27%
2018-09-03,0.11,0.1094,0.11,0.1091,0.64%
2018-09-04,0.11,0.11,0.1101,0.1092,0.00%
2018-09-05,0.1105,0.11,0.1105,0.1095,0.45%
2018-09-06,0.1098,0.1104,0.1107,0.1096,-0.63%
2018-09-07,0.1104,0.1098,0.1107,0.1096,0.55%
2018-09-08,0.1104,0.1098,0.1107,0.1096,0.55%
2018-09-09,0.1104,0.1098,0.1107,0.1096,0.55%
2018-09-10,0.1103,0.1104,0.1108,0.1101,-0.09%
2018-09-11,0.1106,0.1103,0.111,0.1101,0.27%
2018-09-12,0.1114,0.1106,0.1116,0.1103,0.72%
2018-09-13,0.1117,0.1113,0.112,0.1111,0.27%
2018-09-14,0.1105,0.1118,0.1119,0.1105,-1.07%
2018-09-15,0.1105,0.1118,0.1119,0.1105,-1.07%
2018-09-16,0.1105,0.1118,0.1119,0.1105,-1.07%
2018-09-17,0.1122,0.1104,0.1123,0.1104,1.54%
2018-09-18,0.1123,0.1123,0.1127,0.112,0.09%
2018-09-19,0.1128,0.1123,0.1129,0.1121,0.45%
2018-09-20,0.114,0.1127,0.1141,0.1125,1.06%
2018-09-21,0.1138,0.114,0.1142,0.1136,-0.18%
2018-09-22,0.1138,0.114,0.1142,0.1136,-0.18%
2018-09-23,0.1138,0.114,0.1142,0.1136,-0.18%
2018-09-24,0.1137,0.1138,0.1143,0.1134,-0.09%
2018-09-25,0.1135,0.1136,0.1141,0.1134,-0.18%
2018-09-26,0.1135,0.1135,0.1138,0.1131,0.00%
2018-09-27,0.1129,0.1135,0.1138,0.1129,-0.53%
2018-09-28,0.1125,0.1129,0.1131,0.1122,-0.35%
2018-09-29,0.1125,0.1129,0.1131,0.1122,-0.35%
2018-09-30,0.1125,0.1129,0.1131,0.1122,-0.35%
2018-10-01,0.1118,0.1125,0.1126,0.1116,-0.62%
2018-10-02,0.111,0.1118,0.1118,0.1107,-0.72%
2018-10-03,0.1105,0.111,0.1116,0.1104,-0.45%
2018-10-04,0.1104,0.1104,0.1108,0.1102,-0.09%
2018-10-05,0.1103,0.1104,0.1106,0.1099,-0.09%
2018-10-06,0.1103,0.1104,0.1106,0.1099,-0.09%
2018-10-07,0.1103,0.1104,0.1106,0.1099,-0.09%
2018-10-08,0.11,0.1104,0.1105,0.1095,-0.27%
2018-10-09,0.1098,0.11,0.1102,0.1093,-0.18%
2018-10-10,0.1094,0.1099,0.1101,0.1094,-0.36%
2018-10-11,0.1114,0.1094,0.1115,0.1094,1.83%
2018-10-12,0.1116,0.1114,0.1119,0.1113,0.18%
2018-10-13,0.1116,0.1114,0.1119,0.1113,0.18%
2018-10-14,0.1116,0.1114,0.1119,0.1113,0.18%
2018-10-15,0.1117,0.1116,0.1119,0.1111,0.09%
2018-10-16,0.1123,0.1116,0.1126,0.1115,0.54%
2018-10-17,0.1115,0.1124,0.1125,0.1115,-0.71%
2018-10-18,0.1106,0.1115,0.1117,0.1105,-0.81%
2018-10-19,0.1113,0.1106,0.1114,0.1105,0.63%
2018-10-20,0.1113,0.1106,0.1114,0.1105,0.63%
2018-10-21,0.1113,0.1106,0.1114,0.1105,0.63%
2018-10-22,0.1111,0.1111,0.1117,0.111,-0.18%
2018-10-23,0.1108,0.1111,0.1112,0.1103,-0.27%
2018-10-24,0.1096,0.1108,0.1109,0.1095,-1.08%
2018-10-25,0.1098,0.1096,0.11,0.1094,0.18%
2018-10-26,0.1095,0.1097,0.1098,0.1089,-0.27%
2018-10-27,0.1095,0.1097,0.1098,0.1089,-0.27%
2018-10-28,0.1095,0.1097,0.1098,0.1089,-0.27%
2018-10-29,0.1092,0.1095,0.11,0.1091,-0.27%
2018-10-30,0.109,0.1092,0.1095,0.1088,-0.18%
2018-10-31,0.1091,0.109,0.1095,0.1086,0.09%
2018-11-01,0.1106,0.1091,0.1107,0.109,1.37%
2018-11-02,0.1104,0.1106,0.1112,0.11,-0.18%
2018-11-03,0.1104,0.1106,0.1112,0.11,-0.18%
2018-11-04,0.1104,0.1106,0.1112,0.11,-0.18%
2018-11-05,0.1104,0.1104,0.1105,0.1099,0.00%
2018-11-06,0.1106,0.1104,0.1106,0.1101,0.18%
2018-11-07,0.1108,0.1106,0.1114,0.1103,0.18%
2018-11-08,0.1109,0.1109,0.1116,0.1106,0.09%
2018-11-09,0.1101,0.1109,0.1109,0.11,-0.72%
2018-11-10,0.1101,0.1109,0.1109,0.11,-0.72%
2018-11-11,0.1101,0.1109,0.1109,0.11,-0.72%
2018-11-12,0.1093,0.1101,0.1102,0.1092,-0.73%
2018-11-13,0.1105,0.1094,0.1105,0.1092,1.10%
2018-11-14,0.1101,0.1104,0.1107,0.1095,-0.36%
2018-11-15,0.1103,0.11,0.1107,0.1097,0.18%
2018-11-16,0.111,0.1104,0.1111,0.1103,0.63%
2018-11-17,0.111,0.1104,0.1111,0.1103,0.63%
2018-11-18,0.111,0.1104,0.1111,0.1103,0.63%
2018-11-19,0.111,0.111,0.1114,0.1109,0.00%
2018-11-20,0.11,0.111,0.1114,0.1099,-0.90%
2018-11-21,0.1106,0.1099,0.1109,0.1098,0.55%
2018-11-22,0.1106,0.1106,0.1108,0.1103,0.00%
2018-11-23,0.11,0.1106,0.1108,0.1099,-0.54%
2018-11-24,0.11,0.1106,0.1108,0.1099,-0.54%
2018-11-25,0.11,0.1106,0.1108,0.1099,-0.54%
2018-11-26,0.11,0.11,0.1108,0.11,0.00%
2018-11-27,0.1098,0.1099,0.1102,0.1096,-0.18%
2018-11-28,0.1106,0.1099,0.1109,0.1096,0.73%
2018-11-29,0.1103,0.1106,0.111,0.11,-0.27%
2018-11-30,0.1098,0.1103,0.1103,0.1097,-0.45%
2018-12-01,0.1098,0.1103,0.1103,0.1097,-0.45%
2018-12-02,0.1098,0.1103,0.1103,0.1097,-0.45%
2018-12-03,0.1109,0.1099,0.1109,0.1099,1.00%
2018-12-04,0.1109,0.1109,0.1117,0.1106,0.00%
2018-12-05,0.1114,0.1109,0.1119,0.1105,0.45%
2018-12-06,0.1113,0.1114,0.1114,0.1108,-0.09%
2018-12-07,0.1106,0.1112,0.1113,0.1105,-0.63%
2018-12-08,0.1106,0.1112,0.1113,0.1105,-0.63%
2018-12-09,0.1106,0.1112,0.1113,0.1105,-0.63%
2018-12-10,0.11,0.1108,0.111,0.1099,-0.54%
2018-12-11,0.11,0.11,0.1108,0.1098,0.00%
2018-12-12,0.11,0.11,0.1103,0.1091,0.00%
2018-12-13,0.1104,0.11,0.1107,0.1099,0.36%
2018-12-14,0.1104,0.1103,0.1105,0.1097,0.00%
2018-12-15,0.1104,0.1103,0.1105,0.1097,0.00%
2018-12-16,0.1104,0.1103,0.1105,0.1097,0.00%
2018-12-17,0.1104,0.1104,0.1107,0.11,0.00%
2018-12-18,0.1103,0.1105,0.1109,0.11,-0.09%
2018-12-19,0.1099,0.1102,0.1107,0.1097,-0.36%
2018-12-20,0.1114,0.1099,0.112,0.1099,1.36%
2018-12-21,0.1106,0.1114,0.112,0.1103,-0.72%
2018-12-22,0.1106,0.1114,0.112,0.1103,-0.72%
2018-12-23,0.1106,0.1114,0.112,0.1103,-0.72%
2018-12-24,0.1105,0.1105,0.1109,0.1103,-0.09%
2018-12-25,0.1105,0.1105,0.1106,0.11,0.00%
2018-12-26,0.1099,0.1105,0.1106,0.1099,-0.54%
2018-12-27,0.111,0.1098,0.1112,0.1098,1.00%
2018-12-28,0.1115,0.111,0.1119,0.1109,0.45%
2018-12-29,0.1115,0.111,0.1119,0.1109,0.45%
2018-12-30,0.1115,0.111,0.1119,0.1109,0.45%
2018-12-31,0.1129,0.1116,0.113,0.1113,1.26%
2019-01-01,0.1127,0.1129,0.1129,0.1126,-0.18%
2019-01-02,0.1109,0.1127,0.113,0.1108,-1.60%
2019-01-03,0.1111,0.1109,0.1112,0.1101,0.18%
2019-01-04,0.1116,0.1111,0.1119,0.1109,0.45%
2019-01-05,0.1116,0.1111,0.1119,0.1109,0.45%
2019-01-06,0.1116,0.1111,0.1119,0.1109,0.45%
2019-01-07,0.1124,0.1116,0.1125,0.1116,0.72%
2019-01-08,0.112,0.1124,0.1126,0.1118,-0.36%
2019-01-09,0.1128,0.112,0.1129,0.1118,0.71%
2019-01-10,0.1123,0.1127,0.1129,0.1121,-0.44%
2019-01-11,0.1119,0.1123,0.113,0.1119,-0.36%
2019-01-12,0.1119,0.1123,0.113,0.1119,-0.36%
2019-01-13,0.1119,0.1123,0.113,0.1119,-0.36%
2019-01-14,0.1118,0.1119,0.1121,0.1116,-0.09%
2019-01-15,0.1115,0.1117,0.1121,0.1111,-0.27%
2019-01-16,0.1111,0.1115,0.1117,0.1109,-0.36%
2019-01-17,0.1109,0.1111,0.1113,0.1105,-0.18%
2019-01-18,0.1108,0.1109,0.1113,0.1107,-0.09%
2019-01-19,0.1108,0.1109,0.1113,0.1107,-0.09%
2019-01-20,0.1108,0.1109,0.1113,0.1107,-0.09%
2019-01-21,0.1109,0.1109,0.1111,0.1107,0.09%
2019-01-22,0.1108,0.1109,0.111,0.1105,-0.09%
2019-01-23,0.1109,0.1108,0.111,0.1107,0.09%
2019-01-24,0.11,0.1109,0.111,0.1099,-0.81%
2019-01-25,0.1105,0.11,0.1106,0.1099,0.45%
2019-01-26,0.1105,0.11,0.1106,0.1099,0.45%
2019-01-27,0.1105,0.11,0.1106,0.1099,0.45%
2019-01-28,0.1105,0.1105,0.1109,0.1101,0.00%
2019-01-29,0.1103,0.1105,0.1108,0.1101,-0.18%
2019-01-30,0.1105,0.1104,0.1109,0.1099,0.18%
2019-01-31,0.1105,0.1106,0.111,0.1103,0.00%
2019-02-01,0.1103,0.1105,0.1108,0.1102,-0.18%
2019-02-02,0.1103,0.1105,0.1108,0.1102,-0.18%
2019-02-03,0.1103,0.1105,0.1108,0.1102,-0.18%
2019-02-04,0.1099,0.1104,0.1105,0.1096,-0.36%
2019-02-05,0.1097,0.1098,0.11,0.1094,-0.18%
2019-02-06,0.1086,0.1098,0.1098,0.1086,-1.00%
2019-02-07,0.108,0.1086,0.1087,0.108,-0.55%
2019-02-08,0.1078,0.1079,0.1082,0.1077,-0.19%
2019-02-09,0.1078,0.1079,0.1082,0.1077,-0.19%
2019-02-10,0.1078,0.1079,0.1082,0.1077,-0.19%
2019-02-11,0.1075,0.1079,0.108,0.1075,-0.28%
2019-02-12,0.108,0.1074,0.1081,0.1074,0.47%
2019-02-13,0.1079,0.108,0.109,0.1077,-0.09%
2019-02-14,0.1076,0.1079,0.1082,0.1072,-0.28%
2019-02-15,0.1079,0.1076,0.108,0.1071,0.28%
2019-02-16,0.1079,0.1076,0.108,0.1071,0.28%
2019-02-17,0.1079,0.1076,0.108,0.1071,0.28%
2019-02-18,0.108,0.1077,0.1084,0.1077,0.09%
2019-02-19,0.1074,0.108,0.1081,0.1062,-0.56%
2019-02-20,0.1073,0.1074,0.1076,0.1071,-0.09%
2019-02-21,0.1067,0.1073,0.1075,0.1066,-0.56%
2019-02-22,0.107,0.1068,0.1072,0.1067,0.28%
2019-02-23,0.107,0.1068,0.1072,0.1067,0.28%
2019-02-24,0.107,0.1068,0.1072,0.1067,0.28%
2019-02-25,0.1075,0.1071,0.1076,0.1071,0.47%
2019-02-26,0.1077,0.1074,0.1078,0.1071,0.19%
2019-02-27,0.1079,0.1077,0.1082,0.1076,0.19%
2019-02-28,0.1083,0.1078,0.1091,0.1078,0.37%
2019-03-01,0.1079,0.1084,0.1085,0.1077,-0.37%
2019-03-02,0.1079,0.1084,0.1085,0.1077,-0.37%
2019-03-03,0.1079,0.1084,0.1085,0.1077,-0.37%
2019-03-04,0.1071,0.1081,0.1081,0.1069,-0.74%
2019-03-05,0.1074,0.1071,0.1075,0.1066,0.28%
2019-03-06,0.1075,0.1074,0.1078,0.107,0.09%
2019-03-07,0.1057,0.1076,0.1077,0.1056,-1.67%
2019-03-08,0.1061,0.1057,0.1061,0.1052,0.38%
2019-03-09,0.1061,0.1057,0.1061,0.1052,0.38%
2019-03-10,0.1061,0.1057,0.1061,0.1052,0.38%
2019-03-11,0.1066,0.1061,0.1066,0.106,0.47%
2019-03-12,0.1068,0.1065,0.107,0.1062,0.19%
2019-03-13,0.1076,0.1069,0.1079,0.1066,0.75%
2019-03-14,0.1075,0.1076,0.1078,0.107,-0.09%
2019-03-15,0.1083,0.1075,0.1084,0.1074,0.74%
2019-03-16,0.1083,0.1075,0.1084,0.1074,0.74%
2019-03-17,0.1083,0.1075,0.1084,0.1074,0.74%
2019-03-18,0.1084,0.1082,0.1086,0.108,0.09%
2019-03-19,0.1086,0.1083,0.1088,0.1082,0.18%
2019-03-20,0.1094,0.1086,0.1099,0.1085,0.74%
2019-03-21,0.109,0.1094,0.1097,0.1087,-0.37%
2019-03-22,0.1077,0.109,0.1093,0.1074,-1.19%
2019-03-23,0.1077,0.109,0.1093,0.1074,-1.19%
2019-03-24,0.1077,0.109,0.1093,0.1074,-1.19%
2019-03-25,0.1082,0.1077,0.1085,0.1076,0.46%
2019-03-26,0.1082,0.1082,0.1085,0.1081,0.00%
2019-03-27,0.1077,0.1082,0.1084,0.1077,-0.46%
2019-03-28,0.1076,0.1078,0.108,0.1069,-0.09%
2019-03-29,0.1076,0.1076,0.1082,0.1075,0.00%
2019-03-30,0.1076,0.1076,0.1082,0.1075,0.00%
2019-03-31,0.1076,0.1076,0.1082,0.1075,0.00%
2019-04-01,0.1077,0.1076,0.1083,0.1076,0.09%
2019-04-02,0.1072,0.1077,0.1077,0.107,-0.46%
2019-04-03,0.1079,0.1072,0.1081,0.1072,0.65%
2019-04-04,0.1077,0.1079,0.1081,0.1076,-0.19%
2019-04-05,0.1075,0.1077,0.108,0.1075,-0.19%
2019-04-06,0.1075,0.1077,0.108,0.1075,-0.19%
2019-04-07,0.1075,0.1077,0.108,0.1075,-0.19%
2019-04-08,0.108,0.1076,0.1083,0.1075,0.47%
2019-04-09,0.108,0.108,0.1084,0.1079,0.00%
2019-04-10,0.1079,0.108,0.1083,0.1076,-0.09%
2019-04-11,0.1076,0.108,0.1084,0.1076,-0.28%
2019-04-12,0.1079,0.1076,0.1082,0.1076,0.28%
2019-04-13,0.1079,0.1076,0.1082,0.1076,0.28%
2019-04-14,0.1079,0.1076,0.1082,0.1076,0.28%
2019-04-15,0.1079,0.1078,0.1082,0.1078,0.00%
2019-04-16,0.108,0.1079,0.1082,0.1077,0.09%
2019-04-17,0.1081,0.108,0.1085,0.1079,0.09%
2019-04-18,0.1074,0.1081,0.1082,0.1071,-0.65%
2019-04-19,0.1075,0.1074,0.1076,0.1073,0.09%
2019-04-20,0.1075,0.1074,0.1076,0.1073,0.09%
2019-04-21,0.1075,0.1074,0.1076,0.1073,0.09%
2019-04-22,0.1074,0.1074,0.1076,0.1073,-0.09%
2019-04-23,0.1069,0.1075,0.1076,0.1064,-0.47%
2019-04-24,0.106,0.1069,0.107,0.1059,-0.84%
2019-04-25,0.1048,0.106,0.1063,0.1044,-1.13%
2019-04-26,0.1051,0.1048,0.1056,0.1047,0.29%
2019-04-27,0.1051,0.1048,0.1056,0.1047,0.29%
2019-04-28,0.1051,0.1048,0.1056,0.1047,0.29%
2019-04-29,0.1051,0.1053,0.1053,0.105,0.00%
2019-04-30,0.1053,0.1051,0.1056,0.105,0.19%
2019-05-01,0.1048,0.1054,0.1056,0.1047,-0.47%
2019-05-02,0.1044,0.1048,0.1051,0.1044,-0.38%
2019-05-03,0.1048,0.1044,0.1049,0.104,0.38%
2019-05-04,0.1048,0.1044,0.1049,0.104,0.38%
2019-05-05,0.1048,0.1044,0.1049,0.104,0.38%
2019-05-06,0.1046,0.1045,0.1047,0.1041,-0.19%
2019-05-07,0.1042,0.1046,0.1048,0.104,-0.38%
2019-05-08,0.1039,0.1042,0.1046,0.104,-0.29%
2019-05-09,0.1036,0.104,0.1041,0.1035,-0.29%
2019-05-10,0.104,0.1036,0.1041,0.1035,0.39%
2019-05-11,0.104,0.1036,0.1041,0.1035,0.39%
2019-05-12,0.104,0.1036,0.1041,0.1035,0.39%
2019-05-13,0.1037,0.1039,0.1041,0.1035,-0.29%
2019-05-14,0.1041,0.1037,0.1044,0.1037,0.39%
2019-05-15,0.1041,0.1041,0.1045,0.1037,0.00%
2019-05-16,0.1037,0.1041,0.1044,0.1037,-0.38%
2019-05-17,0.1037,0.1037,0.104,0.1036,0.00%
2019-05-18,0.1037,0.1037,0.104,0.1036,0.00%
2019-05-19,0.1037,0.1037,0.104,0.1036,0.00%
2019-05-20,0.1035,0.1036,0.1038,0.1034,-0.19%
2019-05-21,0.1036,0.1035,0.1037,0.1032,0.10%
2019-05-22,0.1037,0.1036,0.104,0.1035,0.10%
2019-05-23,0.104,0.1038,0.1041,0.1033,0.29%
2019-05-24,0.1048,0.104,0.1049,0.1038,0.77%
2019-05-25,0.1048,0.104,0.1049,0.1038,0.77%
2019-05-26,0.1048,0.104,0.1049,0.1038,0.77%
2019-05-27,0.1044,0.1047,0.1049,0.1042,-0.38%
2019-05-28,0.1042,0.1044,0.1049,0.1042,-0.19%
2019-05-29,0.1047,0.1042,0.1047,0.104,0.48%
2019-05-30,0.1048,0.1046,0.105,0.1045,0.10%
2019-05-31,0.1053,0.1049,0.1055,0.1045,0.48%
2019-06-01,0.1053,0.1049,0.1055,0.1045,0.48%
2019-06-02,0.1053,0.1049,0.1055,0.1045,0.48%
2019-06-03,0.1059,0.1054,0.106,0.1051,0.57%
2019-06-04,0.106,0.1059,0.1062,0.1056,0.09%
2019-06-05,0.1058,0.1059,0.1064,0.1058,-0.19%
2019-06-06,0.1061,0.1059,0.1064,0.1058,0.28%
2019-06-07,0.1064,0.1062,0.1067,0.1056,0.28%
2019-06-08,0.1064,0.1062,0.1067,0.1056,0.28%
2019-06-09,0.1064,0.1062,0.1067,0.1056,0.28%
2019-06-10,0.1062,0.1063,0.1064,0.1059,-0.19%
2019-06-11,0.1058,0.1062,0.1063,0.1058,-0.38%
2019-06-12,0.1055,0.1058,0.1062,0.1055,-0.28%
2019-06-13,0.1054,0.1055,0.1057,0.1053,-0.09%
2019-06-14,0.1054,0.1054,0.1062,0.1053,0.00%
2019-06-15,0.1054,0.1054,0.1062,0.1053,0.00%
2019-06-16,0.1054,0.1054,0.1062,0.1053,0.00%
2019-06-17,0.1054,0.1054,0.1057,0.1052,0.00%
2019-06-18,0.1048,0.1055,0.1058,0.1048,-0.57%
2019-06-19,0.1054,0.1049,0.1055,0.1046,0.57%
2019-06-20,0.1063,0.1054,0.1065,0.1053,0.85%
2019-06-21,0.1069,0.1062,0.1071,0.106,0.56%
2019-06-22,0.1069,0.1062,0.1071,0.106,0.56%
2019-06-23,0.1069,0.1062,0.1071,0.106,0.56%
2019-06-24,0.1077,0.1069,0.1079,0.1069,0.75%
2019-06-25,0.1077,0.1077,0.1082,0.1076,0.00%
2019-06-26,0.1079,0.1078,0.1081,0.1075,0.19%
2019-06-27,0.1078,0.108,0.1081,0.1076,-0.09%
2019-06-28,0.1077,0.1078,0.1081,0.1075,-0.09%
2019-06-29,0.1077,0.1078,0.1081,0.1075,-0.09%
2019-06-30,0.1077,0.1078,0.1081,0.1075,-0.09%
2019-07-01,0.1068,0.1077,0.1078,0.1067,-0.84%
2019-07-02,0.1071,0.1068,0.1073,0.1067,0.28%
2019-07-03,0.1074,0.1072,0.1077,0.1068,0.28%
2019-07-04,0.1072,0.1074,0.1076,0.1071,-0.19%
2019-07-05,0.1059,0.1072,0.1073,0.1057,-1.21%
2019-07-06,0.1059,0.1072,0.1073,0.1057,-1.21%
2019-07-07,0.1059,0.1072,0.1073,0.1057,-1.21%
2019-07-08,0.1057,0.1059,0.1062,0.1056,-0.19%
2019-07-09,0.1055,0.1057,0.1058,0.1053,-0.19%
2019-07-10,0.1061,0.1055,0.1063,0.1054,0.57%
2019-07-11,0.1066,0.1061,0.1067,0.1061,0.47%
2019-07-12,0.1066,0.1066,0.1068,0.1064,0.00%
2019-07-13,0.1066,0.1066,0.1068,0.1064,0.00%
2019-07-14,0.1066,0.1066,0.1068,0.1064,0.00%
2019-07-15,0.1069,0.1067,0.1069,0.1066,0.28%
2019-07-16,0.1065,0.1069,0.107,0.1063,-0.37%
2019-07-17,0.1067,0.1064,0.1069,0.1063,0.19%
2019-07-18,0.1074,0.1067,0.1075,0.1067,0.66%
2019-07-19,0.1065,0.1075,0.1075,0.1064,-0.84%
2019-07-20,0.1065,0.1075,0.1075,0.1064,-0.84%
2019-07-21,0.1065,0.1075,0.1075,0.1064,-0.84%
2019-07-22,0.1062,0.1066,0.1067,0.1062,-0.28%
2019-07-23,0.1056,0.1062,0.1063,0.1055,-0.56%
2019-07-24,0.1061,0.1056,0.1062,0.1054,0.47%
2019-07-25,0.1058,0.106,0.1062,0.1057,-0.28%
2019-07-26,0.1052,0.1058,0.1059,0.1051,-0.57%
2019-07-27,0.1052,0.1058,0.1059,0.1051,-0.57%
2019-07-28,0.1052,0.1058,0.1059,0.1051,-0.57%
2019-07-29,0.1053,0.1052,0.1055,0.105,0.10%
2019-07-30,0.1045,0.1054,0.1055,0.1045,-0.76%
2019-07-31,0.1036,0.1045,0.1047,0.1033,-0.86%
2019-08-01,0.1035,0.1036,0.1038,0.1031,-0.10%
2019-08-02,0.1038,0.1036,0.1038,0.1034,0.29%
2019-08-03,0.1038,0.1036,0.1038,0.1034,0.29%
2019-08-04,0.1038,0.1036,0.1038,0.1034,0.29%
2019-08-05,0.1041,0.1037,0.1042,0.1036,0.29%
2019-08-06,0.1043,0.1041,0.1045,0.1041,0.19%
2019-08-07,0.1037,0.1044,0.1046,0.1037,-0.58%
2019-08-08,0.1042,0.104,0.1045,0.1037,0.48%
2019-08-09,0.1047,0.1042,0.105,0.1041,0.48%
2019-08-10,0.1047,0.1042,0.105,0.1041,0.48%
2019-08-11,0.1047,0.1042,0.105,0.1041,0.48%
2019-08-12,0.1046,0.1048,0.1049,0.1041,-0.10%
2019-08-13,0.1048,0.1046,0.105,0.1043,0.19%
2019-08-14,0.1038,0.1048,0.105,0.1037,-0.95%
2019-08-15,0.1037,0.1038,0.1042,0.1036,-0.10%
2019-08-16,0.1035,0.1037,0.1038,0.1032,-0.19%
2019-08-17,0.1035,0.1037,0.1038,0.1032,-0.19%
2019-08-18,0.1035,0.1037,0.1038,0.1032,-0.19%
2019-08-19,0.1032,0.1036,0.1037,0.1032,-0.29%
2019-08-20,0.1032,0.1032,0.1033,0.1027,0.00%
2019-08-21,0.1039,0.1032,0.1041,0.1032,0.68%
2019-08-22,0.1033,0.1039,0.1042,0.1032,-0.58%
2019-08-23,0.1041,0.1033,0.1041,0.1031,0.77%
2019-08-24,0.1041,0.1033,0.1041,0.1031,0.77%
2019-08-25,0.1041,0.1033,0.1041,0.1031,0.77%
2019-08-26,0.1033,0.104,0.104,0.1033,-0.77%
2019-08-27,0.1034,0.1034,0.1039,0.1032,0.10%
2019-08-28,0.1028,0.1034,0.1035,0.1028,-0.58%
2019-08-29,0.1023,0.1028,0.1029,0.1022,-0.49%
2019-08-30,0.1018,0.1023,0.1023,0.1016,-0.49%
2019-08-31,0.1018,0.1023,0.1023,0.1016,-0.49%
2019-09-01,0.1018,0.1023,0.1023,0.1016,-0.49%
2019-09-02,0.1017,0.1016,0.1021,0.1016,-0.10%
2019-09-03,0.1018,0.1018,0.1019,0.1011,0.10%
2019-09-04,0.1027,0.1018,0.1028,0.1018,0.88%
2019-09-05,0.1032,0.1028,0.1036,0.1026,0.49%
2019-09-06,0.1037,0.1032,0.1042,0.1032,0.48%
2019-09-07,0.1037,0.1032,0.1042,0.1032,0.48%
2019-09-08,0.1037,0.1032,0.1042,0.1032,0.48%
2019-09-09,0.1035,0.1037,0.1038,0.1034,-0.19%
2019-09-10,0.1032,0.1035,0.1036,0.1025,-0.29%
2019-09-11,0.1034,0.1032,0.1035,0.103,0.19%
2019-09-12,0.1039,0.1034,0.1041,0.1028,0.48%
2019-09-13,0.1041,0.1039,0.1044,0.1038,0.19%
2019-09-14,0.1041,0.1039,0.1044,0.1038,0.19%
2019-09-15,0.1041,0.1039,0.1044,0.1038,0.19%
2019-09-16,0.1035,0.104,0.1042,0.1032,-0.58%
2019-09-17,0.1034,0.1036,0.1036,0.1028,-0.10%
2019-09-18,0.1027,0.1034,0.1035,0.1026,-0.68%
2019-09-19,0.1032,0.1028,0.1034,0.1027,0.49%
2019-09-20,0.1031,0.1032,0.1035,0.1027,-0.10%
2019-09-21,0.1031,0.1032,0.1035,0.1027,-0.10%
2019-09-22,0.1031,0.1032,0.1035,0.1027,-0.10%
2019-09-23,0.103,0.103,0.1032,0.1023,-0.10%
2019-09-24,0.1034,0.103,0.1036,0.1026,0.39%
2019-09-25,0.1025,0.1035,0.1035,0.1025,-0.87%
2019-09-26,0.1024,0.1025,0.1028,0.1023,-0.10%
2019-09-27,0.1021,0.1024,0.1025,0.1019,-0.29%
2019-09-28,0.1021,0.1024,0.1025,0.1019,-0.29%
2019-09-29,0.1021,0.1024,0.1025,0.1019,-0.29%
2019-09-30,0.1016,0.1021,0.1022,0.1015,-0.49%
2019-10-01,0.1012,0.1016,0.1016,0.1007,-0.39%
2019-10-02,0.1013,0.1012,0.1015,0.1008,0.10%
2019-10-03,0.1013,0.1013,0.1017,0.1009,0.00%
2019-10-04,0.1016,0.1014,0.1017,0.1013,0.30%
2019-10-05,0.1016,0.1014,0.1017,0.1013,0.30%
2019-10-06,0.1016,0.1014,0.1017,0.1013,0.30%
2019-10-07,0.1008,0.1016,0.1017,0.1008,-0.79%
2019-10-08,0.1005,0.1009,0.1013,0.1005,-0.30%
2019-10-09,0.1004,0.1006,0.1008,0.1003,-0.10%
2019-10-10,0.1016,0.1004,0.1019,0.1004,1.20%
2019-10-11,0.102,0.1016,0.1022,0.1015,0.39%
2019-10-12,0.102,0.1016,0.1022,0.1015,0.39%
2019-10-13,0.102,0.1016,0.1022,0.1015,0.39%
2019-10-14,0.1018,0.102,0.102,0.1014,-0.20%
2019-10-15,0.1019,0.1019,0.1023,0.1015,0.10%
2019-10-16,0.1023,0.1019,0.1024,0.1017,0.39%
2019-10-17,0.1029,0.1023,0.1032,0.1018,0.59%
2019-10-18,0.1037,0.1029,0.1037,0.1029,0.78%
2019-10-19,0.1037,0.1029,0.1037,0.1029,0.78%
2019-10-20,0.1037,0.1029,0.1037,0.1029,0.78%
2019-10-21,0.1037,0.1033,0.1042,0.1033,0.00%
2019-10-22,0.1036,0.1037,0.104,0.1035,-0.10%
2019-10-23,0.1037,0.1036,0.1039,0.1033,0.10%
2019-10-24,0.1035,0.1037,0.1046,0.1035,-0.19%
2019-10-25,0.1033,0.1036,0.1037,0.1031,-0.19%
2019-10-26,0.1033,0.1036,0.1037,0.1031,-0.19%
2019-10-27,0.1033,0.1036,0.1037,0.1031,-0.19%
2019-10-28,0.103,0.1032,0.1035,0.103,-0.29%
2019-10-29,0.1031,0.1031,0.1032,0.1025,0.10%
2019-10-30,0.1036,0.1031,0.1036,0.1026,0.48%
2019-10-31,0.1036,0.1036,0.104,0.1034,0.00%
2019-11-01,0.1045,0.1036,0.1047,0.1036,0.87%
2019-11-02,0.1045,0.1036,0.1047,0.1036,0.87%
2019-11-03,0.1045,0.1036,0.1047,0.1036,0.87%
2019-11-04,0.1039,0.1046,0.1049,0.1038,-0.57%
2019-11-05,0.1035,0.1039,0.1044,0.1033,-0.38%
2019-11-06,0.1039,0.1036,0.1042,0.1035,0.39%
2019-11-07,0.1038,0.1039,0.1044,0.1037,-0.10%
2019-11-08,0.1031,0.1038,0.1039,0.1029,-0.67%
2019-11-09,0.1031,0.1038,0.1039,0.1029,-0.67%
2019-11-10,0.1031,0.1038,0.1039,0.1029,-0.67%
2019-11-11,0.1031,0.1031,0.1032,0.1028,0.00%
2019-11-12,0.1029,0.1031,0.1032,0.1028,-0.19%
2019-11-13,0.1028,0.1028,0.103,0.1024,-0.10%
2019-11-14,0.1033,0.1028,0.1033,0.1025,0.49%
2019-11-15,0.1037,0.1033,0.1039,0.1032,0.39%
2019-11-16,0.1037,0.1033,0.1039,0.1032,0.39%
2019-11-17,0.1037,0.1033,0.1039,0.1032,0.39%
2019-11-18,0.1038,0.1037,0.1041,0.1036,0.10%
2019-11-19,0.1038,0.1038,0.1041,0.1036,0.00%
2019-11-20,0.1038,0.1038,0.104,0.1028,0.00%
2019-11-21,0.1039,0.1038,0.1041,0.1036,0.10%
2019-11-22,0.1039,0.1038,0.1043,0.1037,0.00%
2019-11-23,0.1039,0.1038,0.1043,0.1037,0.00%
2019-11-24,0.1039,0.1038,0.1043,0.1037,0.00%
2019-11-25,0.1037,0.1039,0.1045,0.1036,-0.19%
2019-11-26,0.1043,0.1038,0.1044,0.1037,0.58%
2019-11-27,0.1044,0.1043,0.1045,0.1041,0.10%
2019-11-28,0.1046,0.1044,0.1047,0.1042,0.19%
2019-11-29,0.1045,0.1046,0.1049,0.1044,-0.10%
2019-11-30,0.1045,0.1046,0.1049,0.1044,-0.10%
2019-12-01,0.1045,0.1046,0.1049,0.1044,-0.10%
2019-12-02,0.1048,0.1044,0.105,0.1043,0.29%
2019-12-03,0.1049,0.1048,0.1054,0.1047,0.10%
2019-12-04,0.1051,0.1049,0.1054,0.1046,0.19%
2019-12-05,0.1053,0.1051,0.1055,0.105,0.19%
2019-12-06,0.1053,0.1054,0.1057,0.105,0.00%
2019-12-07,0.1053,0.1054,0.1057,0.105,0.00%
2019-12-08,0.1053,0.1054,0.1057,0.105,0.00%
2019-12-09,0.1049,0.1053,0.1054,0.1048,-0.38%
2019-12-10,0.1053,0.1049,0.1054,0.1047,0.38%
2019-12-11,0.1065,0.1053,0.1066,0.1053,1.14%
2019-12-12,0.1065,0.1064,0.1067,0.1062,0.00%
2019-12-13,0.1064,0.1064,0.1072,0.1062,-0.09%
2019-12-14,0.1064,0.1064,0.1072,0.1062,-0.09%
2019-12-15,0.1064,0.1064,0.1072,0.1062,-0.09%
2019-12-16,0.1068,0.1065,0.1071,0.1064,0.38%
2019-12-17,0.1066,0.1068,0.1069,0.1063,-0.19%
2019-12-18,0.1061,0.1066,0.1067,0.106,-0.47%
2019-12-19,0.1063,0.1061,0.1066,0.1059,0.19%
2019-12-20,0.1063,0.1063,0.1065,0.1061,0.00%
2019-12-21,0.1063,0.1063,0.1065,0.1061,0.00%
2019-12-22,0.1063,0.1063,0.1065,0.1061,0.00%
2019-12-23,0.106,0.1063,0.1064,0.1059,-0.28%
2019-12-24,0.1062,0.106,0.1063,0.1059,0.19%
2019-12-25,0.1065,0.1062,0.1067,0.1061,0.28%
2019-12-26,0.1062,0.1063,0.1064,0.1059,-0.28%
2019-12-27,0.1072,0.1062,0.1073,0.1062,0.94%
2019-12-28,0.1072,0.1062,0.1073,0.1062,0.94%
2019-12-29,0.1072,0.1062,0.1073,0.1062,0.94%
2019-12-30,0.1069,0.1072,0.1075,0.1069,-0.28%
2019-12-31,0.1068,0.107,0.1076,0.1067,-0.09%
2020-01-01,0.1068,0.1067,0.1068,0.1067,0.00%
2020-01-02,0.1068,0.1068,0.1073,0.1067,0.00%
2020-01-03,0.1064,0.1068,0.1069,0.1057,-0.37%
2020-01-04,0.1064,0.1068,0.1069,0.1057,-0.37%
2020-01-05,0.1064,0.1068,0.1069,0.1057,-0.37%
2020-01-06,0.1064,0.1065,0.1065,0.1059,0.00%
2020-01-07,0.1057,0.1064,0.1065,0.1055,-0.66%
2020-01-08,0.1057,0.1058,0.1061,0.1054,0.00%
2020-01-09,0.1054,0.1057,0.1059,0.1053,-0.28%
2020-01-10,0.1052,0.1054,0.1055,0.105,-0.19%
2020-01-11,0.1052,0.1054,0.1055,0.105,-0.19%
2020-01-12,0.1052,0.1054,0.1055,0.105,-0.19%
2020-01-13,0.1056,0.1053,0.1058,0.1049,0.38%
2020-01-14,0.1057,0.1057,0.1058,0.1055,0.09%
2020-01-15,0.1057,0.1057,0.1059,0.1054,0.00%
2020-01-16,0.1054,0.1057,0.1058,0.1053,-0.28%
2020-01-17,0.105,0.1054,0.1055,0.105,-0.38%
2020-01-18,0.105,0.1054,0.1055,0.105,-0.38%
2020-01-19,0.105,0.1054,0.1055,0.105,-0.38%
2020-01-20,0.105,0.1051,0.1053,0.1049,0.00%
2020-01-21,0.1049,0.105,0.1054,0.1048,-0.10%
2020-01-22,0.1053,0.105,0.1053,0.1049,0.38%
2020-01-23,0.1049,0.1052,0.1054,0.1046,-0.38%
2020-01-24,0.1045,0.1049,0.105,0.1044,-0.38%
2020-01-25,0.1045,0.1049,0.105,0.1044,-0.38%
2020-01-26,0.1045,0.1049,0.105,0.1044,-0.38%
2020-01-27,0.1039,0.1045,0.1047,0.1037,-0.57%
2020-01-28,0.104,0.1039,0.1041,0.1037,0.10%
2020-01-29,0.1039,0.1041,0.1042,0.1037,-0.10%
2020-01-30,0.1038,0.1039,0.104,0.1035,-0.10%
2020-01-31,0.1039,0.1038,0.104,0.1032,0.10%
2020-02-01,0.1039,0.1038,0.104,0.1032,0.10%
2020-02-02,0.1039,0.1038,0.104,0.1032,0.10%
2020-02-03,0.1036,0.1039,0.104,0.1034,-0.29%
2020-02-04,0.1043,0.1036,0.1043,0.1036,0.68%
2020-02-05,0.1043,0.1043,0.1047,0.1041,0.00%
2020-02-06,0.1039,0.1043,0.1044,0.1037,-0.38%
2020-02-07,0.1035,0.1039,0.1041,0.1035,-0.38%
2020-02-08,0.1035,0.1039,0.1041,0.1035,-0.38%
2020-02-09,0.1035,0.1039,0.1041,0.1035,-0.38%
2020-02-10,0.1035,0.1035,0.1038,0.1032,0.00%
2020-02-11,0.1037,0.1035,0.1039,0.1033,0.19%
2020-02-12,0.1038,0.1038,0.1041,0.1037,0.10%
2020-02-13,0.1034,0.1038,0.1039,0.1032,-0.39%
2020-02-14,0.1028,0.1034,0.1034,0.1028,-0.58%
2020-02-15,0.1028,0.1034,0.1034,0.1028,-0.58%
2020-02-16,0.1028,0.1034,0.1034,0.1028,-0.58%
2020-02-17,0.1032,0.1029,0.1032,0.1028,0.39%
2020-02-18,0.1022,0.1032,0.1032,0.1022,-0.97%
2020-02-19,0.1022,0.1022,0.1024,0.1019,0.00%
